train_position,row_id,group_id,y,fold
0,0,0,0,5
1,1,1,0,2
2,3,3,0,4
3,5,5,0,1
4,7,7,0,4
5,9,9,0,4
6,10,7,0,4
7,11,9,0,4
8,12,10,0,3
9,13,11,0,2
10,14,12,0,4
11,16,12,0,4
12,19,16,0,1
13,20,17,0,3
14,21,18,0,5
15,22,19,0,2
16,23,20,0,5
17,24,21,0,3
18,25,22,0,1
19,27,24,0,5
20,29,26,0,5
21,30,27,0,2
22,32,28,0,3
23,33,29,0,4
24,34,30,0,4
25,35,31,0,2
26,36,32,0,2
27,37,33,0,1
28,38,34,0,4
29,41,37,0,3
30,43,39,0,3
31,44,40,0,3
32,45,41,0,4
33,46,42,0,5
34,48,44,0,1
35,49,45,0,5
36,50,46,0,3
37,51,47,0,2
38,53,49,0,5
39,54,50,0,4
40,55,51,0,3
41,58,54,0,4
42,59,55,0,1
43,60,56,0,2
44,64,60,0,1
45,65,61,0,5
46,66,62,0,1
47,67,63,0,4
48,68,64,0,5
49,69,65,0,4
50,71,67,0,5
51,73,69,0,3
52,74,70,0,4
53,75,71,1,4
54,76,72,0,5
55,77,73,0,1
56,78,74,0,4
57,79,75,0,1
58,80,76,0,1
59,82,78,0,2
60,84,80,0,3
61,85,81,0,5
62,86,82,0,1
63,87,83,0,4
64,88,84,1,1
65,89,85,0,4
66,91,87,0,2
67,92,88,0,3
68,96,92,0,1
69,97,93,0,1
70,98,94,0,1
71,100,96,0,1
72,101,97,0,4
73,103,99,0,3
74,104,99,0,3
75,105,100,0,4
76,106,101,0,1
77,107,102,0,2
78,108,103,0,2
79,109,104,0,4
80,110,105,0,3
81,112,107,0,4
82,113,108,0,5
83,115,110,0,4
84,116,111,0,3
85,118,113,0,3
86,119,114,0,2
87,120,115,0,3
88,121,116,0,1
89,122,117,0,2
90,123,118,0,4
91,124,119,0,2
92,125,120,0,5
93,126,121,0,4
94,127,122,0,5
95,128,123,0,3
96,129,124,1,2
97,131,126,0,1
98,132,127,0,4
99,133,128,0,2
100,134,129,0,5
101,135,130,0,3
102,136,131,0,3
103,138,133,0,4
104,139,134,1,3
105,140,135,0,4
106,142,137,0,3
107,143,138,0,3
108,144,139,0,1
109,145,140,0,4
110,146,141,0,2
111,147,142,0,2
112,149,144,0,2
113,150,145,0,5
114,154,149,0,1
115,156,151,0,5
116,157,152,0,1
117,162,157,0,2
118,163,158,0,5
119,164,159,0,3
120,165,160,0,2
121,166,161,0,3
122,167,162,0,2
123,168,163,0,3
124,169,164,0,3
125,171,166,0,1
126,173,168,0,2
127,174,169,0,3
128,175,170,0,5
129,176,171,0,4
130,177,172,0,2
131,179,174,0,2
132,180,175,0,1
133,181,176,0,1
134,182,177,1,2
135,186,181,0,5
136,187,182,0,3
137,188,183,0,3
138,189,184,0,2
139,190,185,0,1
140,191,186,0,5
141,195,190,0,5
142,196,191,0,5
143,197,192,0,1
144,198,193,0,5
145,200,195,0,4
146,201,196,0,2
147,202,197,0,1
148,203,198,0,4
149,208,203,0,2
150,209,204,0,1
151,212,207,0,4
152,213,208,0,1
153,214,209,0,1
154,216,211,0,1
155,217,212,0,3
156,218,213,0,1
157,220,102,0,2
158,222,216,0,4
159,223,217,0,4
160,224,218,0,5
161,225,219,0,5
162,227,220,0,1
163,228,221,0,5
164,230,223,0,1
165,231,224,0,4
166,232,225,0,2
167,233,226,0,2
168,234,227,0,5
169,236,229,0,2
170,237,230,0,2
171,239,232,0,4
172,240,233,0,4
173,241,234,0,3
174,242,235,0,2
175,243,236,0,3
176,245,238,0,1
177,246,239,0,5
178,247,240,0,3
179,248,241,0,2
180,250,243,0,4
181,252,245,0,3
182,254,247,0,2
183,255,248,0,5
184,256,249,0,5
185,257,250,0,2
186,259,252,0,2
187,260,252,0,2
188,261,253,0,1
189,262,254,0,1
190,263,255,0,5
191,265,257,0,3
192,266,258,0,3
193,267,259,0,3
194,270,262,0,1
195,271,263,0,5
196,273,265,0,5
197,274,266,0,5
198,275,267,0,2
199,276,32,0,2
200,277,50,0,4
201,278,268,0,2
202,279,269,0,4
203,280,270,0,1
204,283,273,0,1
205,284,274,0,4
206,286,276,1,2
207,287,277,0,5
208,288,278,0,2
209,289,279,0,2
210,290,280,0,4
211,291,281,0,1
212,292,282,0,4
213,293,283,0,1
214,295,285,0,2
215,296,286,0,1
216,297,287,0,1
217,298,288,0,3
218,299,289,0,2
219,300,290,0,3
220,303,293,0,3
221,304,294,0,2
222,305,295,0,1
223,306,296,0,1
224,307,297,0,5
225,308,298,0,4
226,309,299,0,2
227,310,300,0,3
228,311,301,0,5
229,313,303,0,4
230,314,304,0,1
231,316,306,0,4
232,320,310,0,5
233,321,311,0,3
234,322,312,0,1
235,324,314,0,3
236,325,315,0,5
237,326,316,0,3
238,327,317,0,2
239,328,318,0,5
240,329,319,0,3
241,331,273,0,1
242,333,322,0,2
243,335,324,0,5
244,337,326,0,3
245,338,108,0,5
246,340,328,0,4
247,341,329,0,4
248,342,330,0,5
249,343,331,0,2
250,344,332,0,4
251,345,333,0,1
252,346,334,0,3
253,348,336,0,2
254,349,337,0,3
255,356,344,0,4
256,357,345,0,4
257,358,346,0,2
258,359,347,0,5
259,361,349,0,5
260,362,350,0,2
261,363,351,0,5
262,366,354,0,3
263,367,355,0,3
264,368,356,0,2
265,369,357,0,1
266,370,358,0,1
267,371,359,0,2
268,372,360,0,1
269,373,361,0,4
270,377,365,0,3
271,382,370,0,2
272,384,372,0,5
273,385,373,0,2
274,386,374,0,5
275,387,375,0,3
276,389,377,1,4
277,391,379,0,4
278,396,384,0,1
279,397,385,0,1
280,400,388,0,2
281,401,389,0,4
282,403,391,0,2
283,405,393,0,1
284,406,394,0,4
285,407,395,0,1
286,411,399,0,3
287,412,400,0,5
288,413,401,0,2
289,414,402,0,1
290,415,403,0,1
291,416,404,0,3
292,419,407,0,4
293,420,408,0,1
294,421,409,0,3
295,424,412,0,1
296,426,414,0,5
297,427,415,0,2
298,431,419,0,2
299,433,421,0,4
300,434,422,0,3
301,435,423,0,2
302,436,424,0,3
303,437,425,0,3
304,438,426,0,5
305,439,427,0,2
306,440,428,0,4
307,441,429,0,3
308,442,430,0,5
309,443,431,0,4
310,445,433,0,5
311,447,435,0,1
312,449,437,0,5
313,453,440,0,2
314,454,441,0,2
315,457,444,0,5
316,458,445,0,5
317,460,447,0,5
318,461,448,0,3
319,462,449,0,5
320,463,450,0,2
321,464,451,0,5
322,467,454,0,2
323,469,456,1,2
324,471,458,0,3
325,472,459,0,2
326,473,460,0,4
327,475,462,0,4
328,478,465,0,4
329,479,466,0,4
330,480,467,0,5
331,481,468,0,4
332,487,474,0,3
333,488,475,0,2
334,490,477,0,3
335,491,478,0,4
336,492,479,0,5
337,493,480,0,5
338,495,482,0,5
339,496,483,0,1
340,499,486,0,3
341,500,487,0,1
342,501,488,0,1
343,504,490,1,3
344,505,491,0,1
345,507,493,0,2
346,508,494,0,5
347,510,496,0,1
348,511,497,0,4
349,513,499,0,4
350,515,501,0,4
351,516,502,0,5
352,517,503,0,2
353,520,506,0,5
354,522,508,0,3
355,523,509,0,3
356,524,510,0,4
357,525,511,0,4
358,526,512,0,1
359,527,513,0,3
360,528,514,0,2
361,529,515,0,4
362,530,516,0,4
363,532,518,0,3
364,533,519,0,5
365,534,520,0,1
366,535,521,0,2
367,536,522,0,2
368,537,523,0,4
369,539,525,0,2
370,540,526,0,3
371,541,527,0,3
372,542,528,0,3
373,543,529,0,1
374,548,534,0,3
375,549,535,0,3
376,551,537,0,1
377,553,539,0,5
378,555,541,0,2
379,559,545,0,4
380,560,546,0,2
381,562,548,0,5
382,563,549,0,4
383,564,550,0,3
384,565,551,0,2
385,566,552,0,1
386,567,553,0,2
387,568,554,0,5
388,569,555,0,2
389,570,556,0,4
390,571,557,0,2
391,572,558,0,3
392,573,559,0,4
393,574,560,0,5
394,575,561,0,4
395,576,562,0,5
396,578,564,0,3
397,579,565,0,2
398,580,566,0,4
399,581,567,0,1
400,582,568,0,2
401,583,569,0,5
402,584,568,0,2
403,585,570,0,4
404,589,573,0,5
405,590,574,0,5
406,593,577,0,5
407,594,564,0,3
408,596,579,0,3
409,597,580,0,5
410,598,581,0,3
411,600,583,0,5
412,601,584,0,5
413,602,585,0,3
414,604,586,0,2
415,605,587,0,5
416,606,588,0,5
417,607,589,0,2
418,608,590,0,5
419,609,591,0,4
420,610,592,0,4
421,612,593,0,2
422,614,595,0,4
423,615,596,0,1
424,617,503,0,2
425,618,423,0,2
426,619,598,0,4
427,620,599,0,4
428,622,601,0,3
429,623,602,0,1
430,625,604,0,5
431,627,606,0,3
432,628,607,0,4
433,630,609,0,2
434,631,610,0,4
435,633,612,0,1
436,635,614,0,3
437,636,615,0,1
438,637,616,0,3
439,639,618,0,5
440,641,620,0,1
441,642,621,0,5
442,643,622,0,3
443,645,624,0,4
444,646,625,0,4
445,647,626,0,5
446,648,627,0,3
447,649,628,0,2
448,652,631,0,4
449,653,632,0,2
450,654,633,0,5
451,658,637,0,5
452,659,638,0,1
453,660,639,0,4
454,661,640,0,1
455,663,642,0,4
456,664,643,0,3
457,665,644,0,4
458,667,646,0,5
459,670,649,0,4
460,671,650,0,3
461,673,652,0,5
462,674,653,0,4
463,675,654,0,4
464,676,655,0,2
465,677,656,0,1
466,679,658,0,2
467,681,660,1,3
468,682,661,0,3
469,684,663,0,3
470,685,664,0,4
471,686,665,0,1
472,687,666,0,4
473,688,667,0,1
474,689,668,0,3
475,693,672,0,3
476,694,673,0,5
477,696,675,0,2
478,697,676,0,3
479,698,677,0,5
480,699,678,0,1
481,701,680,0,2
482,702,681,0,1
483,706,685,0,1
484,707,686,0,5
485,709,688,0,2
486,710,689,0,5
487,711,690,0,1
488,712,691,0,3
489,714,693,0,2
490,716,695,0,4
491,718,697,0,3
492,719,698,0,3
493,720,699,0,2
494,721,700,0,2
495,722,701,0,1
496,723,702,0,1
497,728,706,0,5
498,729,707,0,5
499,731,709,0,5
500,733,711,0,3
501,735,713,0,4
502,736,714,0,3
503,737,715,0,5
504,738,716,0,2
505,739,717,0,1
506,740,718,0,2
507,741,719,0,2
508,743,721,0,2
509,744,722,0,1
510,745,723,0,2
511,747,725,0,1
512,749,727,0,3
513,750,728,0,3
514,752,730,0,5
515,753,731,0,5
516,754,732,0,1
517,755,733,0,2
518,756,734,0,5
519,758,736,0,5
520,759,737,0,3
521,760,738,0,4
522,762,740,0,3
523,763,741,0,1
524,764,742,0,3
525,765,743,0,4
526,769,747,0,3
527,771,749,0,5
528,773,751,0,1
529,774,752,0,3
530,775,753,0,2
531,776,754,0,1
532,777,755,0,3
533,778,756,0,2
534,779,757,0,3
535,780,758,0,1
536,781,759,0,3
537,782,760,0,1
538,783,761,0,4
539,785,763,0,1
540,786,764,0,1
541,787,765,0,1
542,789,767,0,1
543,790,768,0,3
544,792,770,0,2
545,794,772,0,2
546,795,773,0,2
547,796,774,0,3
548,798,776,0,2
549,799,777,0,3
550,801,779,0,4
551,803,781,0,1
552,804,782,0,2
553,806,773,0,2
554,808,785,0,3
555,809,786,0,1
556,810,787,0,1
557,811,788,0,5
558,813,790,0,5
559,816,793,0,2
560,819,796,0,3
561,820,797,1,4
562,821,798,0,5
563,822,799,0,1
564,823,800,0,4
565,825,802,0,2
566,826,803,0,1
567,827,804,0,1
568,828,805,0,3
569,829,806,0,4
570,830,807,0,5
571,831,808,0,4
572,832,809,1,4
573,834,811,0,2
574,835,812,0,4
575,838,815,0,2
576,839,816,0,1
577,841,818,0,5
578,842,819,0,3
579,843,820,0,1
580,845,822,0,5
581,847,824,0,4
582,848,825,0,4
583,849,826,0,2
584,850,827,0,2
585,851,828,0,1
586,852,829,0,4
587,853,830,0,3
588,854,831,0,2
589,855,832,0,4
590,856,833,1,3
591,858,835,0,3
592,859,836,0,1
593,860,837,0,5
594,861,835,0,3
595,863,839,0,2
596,865,841,0,3
597,866,842,0,1
598,867,843,0,2
599,869,845,0,4
600,870,846,1,2
601,874,849,0,5
602,875,850,0,5
603,877,852,0,2
604,880,855,0,5
605,881,856,0,2
606,882,857,0,3
607,883,858,0,5
608,885,860,0,5
609,886,861,0,1
610,888,863,0,4
611,890,865,0,3
612,891,866,0,2
613,892,867,0,3
614,893,868,0,1
615,895,870,0,3
616,896,871,0,2
617,897,872,0,3
618,900,875,0,1
619,901,876,0,5
620,902,877,0,1
621,903,878,0,4
622,904,879,0,5
623,906,881,0,5
624,907,882,0,5
625,908,883,0,2
626,910,885,0,4
627,911,886,0,2
628,912,887,0,1
629,913,888,0,5
630,914,889,0,1
631,917,892,0,3
632,919,894,0,2
633,920,895,0,5
634,922,897,0,3
635,923,898,0,1
636,924,899,0,5
637,925,900,0,5
638,928,903,0,3
639,930,905,0,2
640,932,907,0,4
641,933,908,0,2
642,934,909,0,4
643,935,910,0,2
644,936,911,0,1
645,937,912,0,3
646,941,916,0,4
647,942,917,0,2
648,944,917,0,2
649,945,919,0,3
650,946,920,0,5
651,947,921,0,1
652,948,922,0,3
653,949,923,0,5
654,950,924,0,4
655,951,925,0,3
656,952,926,0,3
657,953,927,0,3
658,954,928,0,2
659,956,930,0,5
660,958,932,0,4
661,960,934,0,4
662,961,935,0,5
663,962,936,0,5
664,963,937,0,4
665,964,938,0,4
666,965,930,0,5
667,966,939,0,2
668,967,938,0,4
669,969,941,0,3
670,970,942,0,1
671,971,943,0,1
672,973,945,0,1
673,974,946,0,3
674,976,948,0,1
675,978,950,0,1
676,980,952,0,3
677,981,953,0,4
678,982,954,0,5
679,983,955,0,1
680,984,956,0,5
681,986,956,0,5
682,987,958,0,4
683,988,959,0,1
684,989,960,0,3
685,991,962,0,3
686,993,964,0,5
687,995,966,0,2
688,997,968,0,1
689,998,969,0,2
690,1000,971,0,3
691,1001,972,0,1
692,1002,973,0,1
693,1005,976,0,3
694,1006,977,0,4
695,1008,978,0,5
696,1009,979,0,3
697,1010,980,0,5
698,1011,981,0,5
699,1013,983,0,4
700,1014,984,0,2
701,1016,985,0,5
702,1018,987,0,2
703,1020,985,0,5
704,1021,989,0,4
705,1022,990,0,4
706,1023,991,0,5
707,1024,992,0,2
708,1025,993,0,3
709,1027,995,0,2
710,1028,996,0,2
711,1030,998,0,2
712,1031,999,0,4
713,1032,1000,0,2
714,1034,1002,0,2
715,1035,1003,0,1
716,1036,1004,0,4
717,1038,1006,0,2
718,1039,1007,0,4
719,1040,1008,0,3
720,1041,1009,0,2
721,1042,1010,0,2
722,1043,1011,0,3
723,1044,1012,0,1
724,1045,1013,0,3
725,1046,1014,0,1
726,1049,1017,0,2
727,1050,1018,0,3
728,1051,1019,0,4
729,1053,1021,0,4
730,1054,1022,0,1
731,1055,1023,0,1
732,1056,808,0,4
733,1057,1024,0,4
734,1059,1026,0,1
735,1062,1029,0,3
736,1063,1030,0,4
737,1064,1031,0,4
738,1066,1033,0,5
739,1067,1034,0,3
740,1068,1035,0,2
741,1069,1036,0,1
742,1070,1037,0,2
743,1071,1038,0,3
744,1072,1039,0,1
745,1073,1040,0,2
746,1074,1041,0,3
747,1075,1042,0,4
748,1076,1043,0,2
749,1078,1045,1,5
750,1079,1046,0,1
751,1081,1048,0,4
752,1083,1049,0,4
753,1084,1050,0,4
754,1085,1051,0,1
755,1086,1052,0,3
756,1087,1053,0,2
757,1088,895,0,5
758,1089,1054,0,2
759,1090,1055,0,2
760,1091,1056,0,5
761,1092,1057,0,2
762,1094,1059,0,3
763,1095,1060,0,1
764,1098,1063,0,3
765,1099,1064,0,1
766,1100,1065,0,4
767,1101,1066,0,2
768,1102,1067,0,5
769,1103,1068,0,5
770,1104,1069,0,5
771,1105,1070,0,4
772,1106,1071,0,4
773,1107,1072,0,5
774,1108,1073,0,4
775,1109,1074,0,5
776,1110,1075,0,4
777,1111,1076,0,3
778,1112,1077,0,4
779,1113,1078,0,2
780,1114,1079,1,2
781,1115,1080,0,5
782,1116,1081,0,1
783,1117,1082,0,4
784,1118,1083,0,4
785,1119,1084,0,4
786,1121,1086,0,2
787,1122,1087,0,1
788,1123,1088,0,1
789,1124,1089,0,2
790,1126,1091,0,3
791,1127,1092,0,1
792,1128,1093,0,3
793,1129,1094,0,4
794,1131,1096,0,1
795,1132,1097,0,4
796,1133,1098,0,5
797,1134,1099,0,2
798,1135,1099,0,2
799,1136,1100,0,5
800,1137,1101,0,5
801,1139,1103,0,4
802,1140,1104,0,5
803,1141,1105,0,3
804,1142,1106,0,1
805,1143,1107,0,1
806,1144,1108,0,1
807,1146,1110,0,4
808,1147,1111,0,3
809,1149,1113,0,4
810,1150,1114,0,1
811,1151,1115,0,3
812,1152,1116,0,4
813,1153,1117,0,5
814,1154,1118,0,1
815,1155,1119,0,5
816,1157,1121,0,2
817,1159,1123,0,2
818,1161,1125,0,2
819,1162,1126,0,2
820,1163,1127,0,4
821,1164,1128,0,2
822,1165,1129,0,1
823,1166,1130,1,5
824,1167,1131,0,4
825,1168,1132,0,3
826,1169,1133,0,4
827,1171,1135,0,4
828,1173,1137,0,2
829,1175,1139,0,5
830,1176,1140,0,2
831,1177,1141,0,1
832,1179,1143,0,2
833,1181,1145,0,1
834,1182,1146,0,4
835,1183,1147,0,2
836,1184,1148,0,2
837,1187,1151,0,1
838,1189,1153,1,1
839,1190,1154,0,4
840,1191,1155,0,4
841,1192,1156,0,2
842,1193,1157,0,2
843,1194,1156,0,2
844,1195,1158,0,4
845,1198,1161,0,4
846,1199,1162,0,5
847,1200,1163,0,5
848,1201,1164,0,1
849,1203,1166,0,5
850,1204,1167,0,5
851,1205,1168,0,3
852,1206,1169,0,1
853,1208,1171,0,2
854,1209,1172,0,4
855,1212,1175,0,5
856,1213,1176,0,2
857,1214,1177,0,5
858,1215,1178,0,1
859,1219,1182,0,4
860,1221,1184,0,5
861,1222,1185,0,2
862,1223,1184,0,5
863,1226,1188,0,2
864,1227,1189,0,3
865,1228,1190,0,1
866,1229,1191,0,3
867,1230,1192,0,2
868,1231,1193,0,3
869,1233,1195,1,3
870,1234,1137,0,2
871,1235,1196,0,1
872,1236,1197,0,1
873,1237,1198,0,1
874,1239,1200,0,4
875,1240,1201,0,5
876,1241,1202,0,4
877,1242,1203,0,2
878,1243,1204,0,3
879,1245,1206,0,3
880,1246,1207,0,5
881,1247,1208,0,5
882,1248,1209,0,2
883,1249,1210,0,4
884,1250,1211,0,5
885,1251,1206,0,3
886,1252,1212,0,2
887,1253,1213,0,4
888,1255,1215,0,5
889,1256,1216,1,3
890,1257,1217,0,5
891,1259,1210,0,4
892,1260,1219,0,2
893,1269,1226,0,1
894,1272,1229,0,2
895,1273,1230,0,2
896,1274,1231,0,5
897,1275,1232,0,3
898,1279,1236,0,2
899,1280,1237,0,5
900,1283,1240,0,4
901,1285,1242,0,1
902,1289,1245,0,3
903,1290,1246,0,5
904,1291,1247,0,5
905,1292,1248,0,4
906,1293,1249,0,5
907,1294,1250,0,1
908,1295,1251,0,2
909,1296,1252,0,5
910,1297,1253,0,2
911,1298,1254,0,3
912,1300,1256,0,4
913,1302,1258,0,4
914,1303,1259,0,2
915,1305,1261,0,3
916,1306,1262,0,5
917,1307,1263,0,3
918,1310,1266,0,4
919,1311,1267,0,5
920,1312,1268,0,2
921,1314,1270,0,5
922,1316,1272,0,4
923,1319,1275,1,2
924,1320,1276,0,2
925,1324,1280,0,2
926,1327,1283,0,3
927,1328,1284,0,1
928,1329,1285,0,2
929,1330,1286,0,4
930,1331,1287,0,3
931,1332,1288,0,2
932,1333,1289,0,2
933,1334,1290,0,4
934,1336,1292,0,5
935,1337,1293,0,4
936,1338,1294,0,5
937,1339,1295,0,1
938,1341,1297,0,2
939,1342,1298,0,5
940,1343,1299,0,5
941,1344,1300,0,4
942,1345,1301,0,1
943,1346,1254,0,3
944,1347,1302,0,2
945,1348,1303,1,3
946,1351,1306,0,5
947,1353,1308,0,2
948,1354,1309,0,5
949,1355,1310,0,4
950,1356,1311,0,3
951,1358,1313,0,2
952,1359,1314,0,3
953,1362,1317,0,5
954,1363,1318,0,1
955,1365,1320,0,5
956,1366,1321,0,5
957,1367,1322,0,4
958,1368,1323,0,4
959,1369,1324,0,3
960,1370,1325,0,5
961,1371,1326,0,3
962,1372,1327,0,3
963,1374,1329,0,2
964,1375,1330,0,2
965,1378,1333,0,5
966,1379,1334,0,5
967,1381,1336,0,5
968,1382,1337,0,2
969,1383,1338,0,1
970,1384,1339,0,4
971,1385,1340,0,3
972,1386,1341,0,4
973,1387,1342,0,3
974,1391,1345,0,1
975,1393,1347,0,1
976,1396,1349,1,2
977,1397,1350,0,1
978,1399,1350,0,1
979,1400,1352,0,1
980,1401,1353,0,3
981,1402,1354,0,5
982,1403,1355,0,1
983,1405,1357,0,2
984,1406,1358,0,3
985,1408,1360,0,1
986,1412,1364,0,4
987,1413,1365,0,1
988,1414,1366,0,3
989,1415,1367,0,2
990,1417,1369,0,3
991,1419,1371,0,1
992,1421,1372,0,3
993,1422,1373,0,4
994,1424,1375,0,5
995,1425,1376,0,5
996,1426,1377,0,3
997,1427,1378,0,1
998,1428,1379,0,3
999,1429,1380,0,5
1000,1432,1383,0,3
1001,1436,1387,0,5
1002,1438,1389,0,3
1003,1439,1390,0,1
1004,1442,1393,1,3
1005,1444,1395,1,4
1006,1445,1396,0,3
1007,1446,1397,0,5
1008,1447,1398,0,4
1009,1449,1400,0,1
1010,1451,1402,0,2
1011,1452,1403,0,4
1012,1457,1408,0,3
1013,1458,1409,0,3
1014,1460,1411,0,5
1015,1461,1412,0,3
1016,1462,1413,0,2
1017,1464,1415,0,5
1018,1465,1416,0,4
1019,1466,1417,0,2
1020,1467,1418,0,3
1021,1468,1419,0,3
1022,1469,1420,0,4
1023,1470,1421,0,3
1024,1471,1422,0,2
1025,1472,1423,0,5
1026,1473,1424,0,3
1027,1476,1427,0,1
1028,1477,1428,0,2
1029,1479,1430,0,3
1030,1480,1431,0,5
1031,1483,1434,0,5
1032,1484,1435,0,3
1033,1486,1437,0,4
1034,1488,1439,0,4
1035,1490,1441,0,3
1036,1491,1442,0,5
1037,1492,1443,0,2
1038,1493,1444,0,3
1039,1494,1445,0,5
1040,1498,1449,0,1
1041,1501,1452,1,2
1042,1503,1454,0,1
1043,1504,1455,0,3
1044,1505,1456,0,4
1045,1507,1458,0,5
1046,1509,1460,0,3
1047,1510,1461,0,5
1048,1512,1463,0,3
1049,1513,1464,0,5
1050,1514,1465,0,4
1051,1515,1466,0,5
1052,1516,1467,0,1
1053,1518,1469,0,4
1054,1520,1471,0,5
1055,1521,1472,0,2
1056,1523,1474,0,1
1057,1527,1478,0,5
1058,1529,1480,0,5
1059,1530,1481,0,4
1060,1531,1482,0,5
1061,1532,1483,0,5
1062,1533,1484,0,4
1063,1534,1485,0,4
1064,1535,1486,0,2
1065,1537,1488,0,1
1066,1538,1489,0,5
1067,1539,1490,0,3
1068,1540,1491,0,2
1069,1541,1387,0,5
1070,1542,1492,0,5
1071,1543,1493,0,3
1072,1545,1495,0,1
1073,1546,1496,0,3
1074,1547,1497,0,5
1075,1548,1498,0,4
1076,1549,1499,0,2
1077,1551,1500,0,2
1078,1552,1501,0,5
1079,1553,1502,0,4
1080,1555,1390,0,1
1081,1556,1504,0,4
1082,1557,1505,0,2
1083,1558,1506,0,5
1084,1559,1507,0,2
1085,1560,1508,0,4
1086,1562,1510,0,1
1087,1563,1511,0,4
1088,1564,1512,0,4
1089,1565,1513,0,3
1090,1566,1514,0,3
1091,1567,1515,0,5
1092,1570,1518,0,3
1093,1571,1519,0,5
1094,1572,1520,0,1
1095,1573,1521,0,4
1096,1574,1522,0,5
1097,1575,1523,0,2
1098,1576,1524,0,2
1099,1577,1525,0,5
1100,1579,1527,0,1
1101,1580,1528,0,2
1102,1581,1529,0,3
1103,1582,1530,0,4
1104,1583,1531,0,2
1105,1584,1532,0,5
1106,1585,1533,0,5
1107,1586,1534,0,5
1108,1587,1535,0,4
1109,1589,1537,0,1
1110,1590,1538,0,3
1111,1591,1539,0,2
1112,1592,1540,0,2
1113,1593,1541,0,3
1114,1594,1542,0,1
1115,1595,1543,0,4
1116,1596,1544,0,1
1117,1597,1545,0,5
1118,1598,1546,0,4
1119,1599,1547,0,2
1120,1600,1548,0,2
1121,1601,1549,0,2
1122,1602,1549,0,2
1123,1603,1550,0,3
1124,1604,1551,0,1
1125,1605,1552,0,3
1126,1607,1554,0,2
1127,1609,1556,0,1
1128,1610,1557,0,5
1129,1611,1558,0,3
1130,1612,1559,0,1
1131,1614,1561,0,4
1132,1615,1562,0,4
1133,1616,1563,0,1
1134,1618,1565,0,2
1135,1619,1566,0,2
1136,1620,1567,0,1
1137,1621,1568,0,3
1138,1622,1569,0,2
1139,1623,1570,0,5
1140,1624,1571,0,3
1141,1626,1573,0,1
1142,1627,1574,0,4
1143,1628,1575,0,3
1144,1629,1576,0,1
1145,1630,1577,0,4
1146,1631,1578,0,4
1147,1632,1579,1,2
1148,1633,1580,0,1
1149,1635,1582,0,5
1150,1636,1583,1,4
1151,1637,1584,0,1
1152,1638,1585,0,4
1153,1639,1586,0,5
1154,1642,1589,0,5
1155,1643,1590,0,4
1156,1644,1591,0,2
1157,1645,1592,0,5
1158,1646,1593,0,5
1159,1648,1595,0,3
1160,1650,1597,0,5
1161,1651,1598,0,4
1162,1652,1599,0,1
1163,1653,1600,0,3
1164,1655,1602,1,5
1165,1656,1603,0,1
1166,1657,1604,0,4
1167,1658,1598,0,4
1168,1659,1605,0,3
1169,1660,1606,0,5
1170,1661,1607,0,2
1171,1662,1608,0,2
1172,1665,1611,0,3
1173,1666,1612,0,1
1174,1668,1614,0,5
1175,1669,1615,0,4
1176,1670,1616,0,2
1177,1672,1618,0,5
1178,1673,1619,0,4
1179,1674,1620,0,4
1180,1675,1621,0,4
1181,1677,1620,0,4
1182,1678,1623,0,3
1183,1679,1624,0,3
1184,1680,1625,0,2
1185,1681,1626,0,5
1186,1682,1627,0,1
1187,1684,1629,0,2
1188,1686,1631,0,1
1189,1687,1632,0,3
1190,1688,1633,0,3
1191,1689,1634,0,3
1192,1690,1635,0,1
1193,1691,1636,1,5
1194,1693,1638,0,1
1195,1694,1639,0,1
1196,1695,1640,0,5
1197,1696,1641,0,1
1198,1697,1641,0,1
1199,1698,1642,0,3
1200,1700,1644,0,5
1201,1701,1645,0,3
1202,1702,1646,0,1
1203,1705,1649,0,3
1204,1706,1649,0,3
1205,1707,1650,0,5
1206,1708,1651,0,2
1207,1709,1652,0,4
1208,1710,1653,0,1
1209,1711,1654,0,2
1210,1712,1655,0,5
1211,1713,1656,0,2
1212,1714,1657,0,4
1213,1715,1658,0,4
1214,1717,1660,0,3
1215,1721,1664,0,5
1216,1722,1665,0,3
1217,1725,1668,1,1
1218,1726,1669,0,4
1219,1729,1672,0,3
1220,1730,1673,0,4
1221,1732,1675,0,1
1222,1734,1677,0,5
1223,1735,1678,0,4
1224,1736,1679,0,1
1225,1739,1680,0,1
1226,1741,1682,0,5
1227,1742,1683,0,5
1228,1743,1684,0,2
1229,1746,1687,0,1
1230,1747,1688,0,2
1231,1748,1689,0,4
1232,1749,1690,0,5
1233,1750,1691,0,3
1234,1751,1692,0,5
1235,1752,1693,0,2
1236,1756,1697,0,4
1237,1757,1698,0,3
1238,1758,1699,0,5
1239,1760,1701,0,5
1240,1761,1702,0,3
1241,1762,1703,0,2
1242,1765,1705,0,5
1243,1766,1706,0,3
1244,1767,1707,0,2
1245,1769,1708,0,4
1246,1770,1709,0,3
1247,1772,1711,0,5
1248,1774,1713,0,2
1249,1775,1714,0,2
1250,1776,1715,0,2
1251,1777,1716,0,5
1252,1779,1718,0,4
1253,1780,1719,0,3
1254,1781,1720,0,1
1255,1782,1721,0,4
1256,1783,1722,0,5
1257,1784,1723,0,4
1258,1785,1724,0,5
1259,1789,1728,0,3
1260,1790,1729,0,4
1261,1791,1730,1,2
1262,1793,1732,0,5
1263,1794,1733,0,1
1264,1795,1734,0,2
1265,1796,1735,0,2
1266,1799,1738,0,2
1267,1801,1739,0,5
1268,1802,1740,0,5
1269,1804,1742,0,1
1270,1806,1744,0,4
1271,1807,1745,0,3
1272,1808,1746,0,3
1273,1810,1748,0,3
1274,1812,1750,0,1
1275,1815,1753,0,3
1276,1816,1754,0,1
1277,1818,1756,0,3
1278,1819,1757,1,1
1279,1820,1758,0,2
1280,1821,1759,0,1
1281,1822,1760,0,3
1282,1823,1761,0,2
1283,1824,1762,0,4
1284,1825,1763,0,4
1285,1826,1673,0,4
1286,1827,1631,0,1
1287,1828,1764,0,4
1288,1829,1765,0,4
1289,1831,1767,0,1
1290,1832,1768,0,5
1291,1834,1770,0,1
1292,1835,1771,0,1
1293,1839,1775,0,2
1294,1840,1776,0,5
1295,1841,1777,0,5
1296,1844,1780,0,5
1297,1845,1781,0,5
1298,1846,1782,0,2
1299,1847,1783,0,2
1300,1848,1784,0,4
1301,1849,1785,0,3
1302,1850,1786,0,5
1303,1851,1787,0,1
1304,1852,1788,0,2
1305,1854,1790,0,3
1306,1856,1792,0,2
1307,1857,1793,0,4
1308,1859,1795,0,3
1309,1860,1796,0,2
1310,1861,1797,0,5
1311,1862,1798,0,2
1312,1863,1799,0,3
1313,1864,1800,0,2
1314,1865,1801,0,1
1315,1867,1803,0,3
1316,1868,1804,0,2
1317,1869,1805,0,4
1318,1870,1806,0,3
1319,1871,1807,0,1
1320,1874,1810,0,3
1321,1876,1812,0,3
1322,1878,1814,0,3
1323,1880,1816,0,4
1324,1881,1817,0,1
1325,1882,1818,0,3
1326,1883,1819,0,1
1327,1884,1820,0,1
1328,1885,1821,0,2
1329,1886,1822,0,5
1330,1887,1823,0,1
1331,1889,1825,0,3
1332,1890,1826,0,1
1333,1891,1827,0,1
1334,1892,1828,0,3
1335,1893,1829,0,3
1336,1896,1832,0,4
1337,1897,1833,0,4
1338,1898,1834,0,2
1339,1899,1835,0,1
1340,1900,1836,0,4
1341,1902,1838,0,5
1342,1903,1839,0,1
1343,1904,1840,0,3
1344,1905,1841,0,5
1345,1906,1842,0,3
1346,1907,1843,0,1
1347,1908,1844,0,1
1348,1910,1846,0,2
1349,1911,1847,0,5
1350,1915,1851,0,4
1351,1917,1853,0,4
1352,1918,1854,0,2
1353,1920,1856,0,3
1354,1921,1857,0,3
1355,1925,1861,0,1
1356,1926,1862,0,3
1357,1928,1864,0,3
1358,1929,1865,0,3
1359,1930,1866,0,4
1360,1931,1867,0,1
1361,1932,1868,0,1
1362,1934,1870,0,5
1363,1937,1873,0,5
1364,1938,1874,0,1
1365,1941,1877,0,5
1366,1942,1878,0,5
1367,1943,1879,0,2
1368,1944,1880,0,5
1369,1945,1881,0,2
1370,1946,1882,0,2
1371,1948,1884,0,4
1372,1949,1885,0,4
1373,1951,1887,0,2
1374,1952,1888,0,5
1375,1953,1889,0,3
1376,1954,1890,0,3
1377,1955,1891,0,5
1378,1956,1892,0,5
1379,1959,1894,0,3
1380,1960,1895,0,5
1381,1961,1896,0,5
1382,1962,1897,0,4
1383,1963,1898,0,3
1384,1964,1899,0,3
1385,1965,1900,0,1
1386,1967,1902,0,3
1387,1968,1903,0,1
1388,1971,1906,0,5
1389,1972,1907,0,5
1390,1973,1908,0,2
1391,1974,1909,0,5
1392,1976,1911,0,1
1393,1977,1912,0,4
1394,1979,1914,0,4
1395,1980,1915,0,2
1396,1984,1918,0,5
1397,1985,1919,0,4
1398,1986,1920,0,1
1399,1989,1923,0,2
1400,1990,1924,0,1
1401,1991,1925,0,5
1402,1993,1927,0,4
1403,1995,1929,0,5
1404,1996,1930,0,5
1405,1997,1931,0,1
1406,1998,1932,0,4
1407,2000,1934,0,5
1408,2002,1936,1,4
1409,2003,1937,0,2
1410,2005,1939,0,5
1411,2007,1941,0,1
1412,2008,1942,0,1
1413,2009,1943,0,3
1414,2010,1944,0,5
1415,2011,1945,0,1
1416,2013,1947,0,2
1417,2015,1949,0,3
1418,2017,1951,0,1
1419,2018,1952,0,5
1420,2019,1953,0,5
1421,2020,1954,0,2
1422,2022,1956,0,5
1423,2023,1957,0,3
1424,2025,1959,0,4
1425,2026,1960,0,1
1426,2027,1961,0,3
1427,2030,1964,0,1
1428,2032,1966,0,1
1429,2036,1970,0,4
1430,2037,1971,0,5
1431,2038,1972,0,2
1432,2040,1974,0,1
1433,2042,1976,0,5
1434,2043,1977,0,3
1435,2044,1978,0,1
1436,2045,1979,0,1
1437,2046,1980,0,3
1438,2047,1981,0,4
1439,2048,1982,0,1
1440,2049,1982,0,1
1441,2051,1984,0,5
1442,2052,1985,0,1
1443,2054,1987,0,2
1444,2055,1988,0,2
1445,2056,1989,0,1
1446,2057,1990,0,4
1447,2058,1991,0,3
1448,2061,1993,0,1
1449,2063,1995,0,1
1450,2064,1996,1,2
1451,2065,1997,0,2
1452,2066,1998,0,5
1453,2067,1999,0,1
1454,2068,2000,0,3
1455,2069,2001,0,2
1456,2070,2002,0,2
1457,2072,1979,0,1
1458,2073,2004,0,2
1459,2074,2005,0,5
1460,2075,2006,0,5
1461,2076,2007,0,4
1462,2077,2008,0,1
1463,2079,2010,0,5
1464,2080,2011,0,3
1465,2081,2012,0,4
1466,2082,2013,0,1
1467,2083,2014,0,1
1468,2084,2015,0,3
1469,2085,2016,0,2
1470,2086,92,0,1
1471,2088,2018,0,1
1472,2089,2019,0,2
1473,2090,2020,0,1
1474,2092,2022,0,2
1475,2093,2023,0,1
1476,2094,2024,0,4
1477,2097,2027,0,3
1478,2099,2029,0,5
1479,2100,2030,0,3
1480,2101,2031,0,1
1481,2102,2032,0,5
1482,2103,2033,0,3
1483,2106,2036,0,3
1484,2108,2038,0,2
1485,2110,2040,0,4
1486,2111,2041,0,4
1487,2112,2042,0,5
1488,2114,2042,0,5
1489,2115,2044,0,2
1490,2116,2045,0,2
1491,2117,2046,0,4
1492,2118,2046,0,4
1493,2119,2047,0,3
1494,2120,2048,0,1
1495,2122,2050,0,5
1496,2123,2051,0,2
1497,2124,2052,0,1
1498,2125,2053,0,2
1499,2129,2057,0,1
1500,2130,2058,0,1
1501,2132,2060,0,3
1502,2133,2061,0,4
1503,2134,2062,0,3
1504,2136,2064,0,5
1505,2137,2065,0,4
1506,2138,2066,0,2
1507,2139,2067,0,2
1508,2140,2068,0,1
1509,2143,2071,0,4
1510,2146,2074,0,2
1511,2147,2075,0,4
1512,2148,18,0,5
1513,2150,2077,0,4
1514,2151,2078,0,1
1515,2153,2080,0,3
1516,2154,2081,0,4
1517,2155,2082,0,5
1518,2156,2083,0,1
1519,2157,2084,0,2
1520,2159,2086,0,4
1521,2160,2087,0,1
1522,2162,2088,0,3
1523,2163,2086,0,4
1524,2164,299,0,2
1525,2165,2089,0,1
1526,2167,2091,0,1
1527,2168,2092,0,5
1528,2170,2094,0,5
1529,2171,2095,0,5
1530,2172,2096,0,2
1531,2175,2099,0,3
1532,2176,2100,0,5
1533,2177,2101,0,4
1534,2178,2102,0,5
1535,2179,2103,0,4
1536,2180,2104,0,5
1537,2182,2106,0,5
1538,2183,2107,0,5
1539,2184,2108,0,5
1540,2186,2110,0,2
1541,2187,2111,0,4
1542,2188,2112,0,4
1543,2190,2114,0,3
1544,2191,2115,0,3
1545,2192,2116,0,3
1546,2193,2091,0,1
1547,2195,2118,0,2
1548,2196,2119,0,4
1549,2197,2120,0,1
1550,2200,2123,0,4
1551,2202,2125,0,3
1552,2203,2126,0,2
1553,2204,2127,0,3
1554,2205,2128,0,2
1555,2206,2071,0,4
1556,2208,2130,0,4
1557,2210,2132,0,3
1558,2211,1945,0,1
1559,2212,2133,0,1
1560,2213,2134,0,5
1561,2218,2139,0,3
1562,2220,2141,0,2
1563,2224,2145,0,2
1564,2225,2146,0,3
1565,2226,2147,0,3
1566,2227,2148,0,3
1567,2229,2150,0,5
1568,2230,2151,0,2
1569,2232,2153,0,2
1570,2233,2154,0,2
1571,2234,2155,0,2
1572,2235,2156,0,3
1573,2236,2157,0,5
1574,2237,2158,0,4
1575,2239,2160,0,2
1576,2241,2130,0,4
1577,2243,2163,0,2
1578,2244,2164,0,5
1579,2245,2165,0,1
1580,2247,2167,0,2
1581,2249,2169,0,3
1582,2250,2170,0,5
1583,2251,2171,0,3
1584,2252,2172,0,5
1585,2253,2173,0,3
1586,2254,2174,0,5
1587,2257,2177,1,1
1588,2259,2179,0,4
1589,2261,2181,0,3
1590,2262,2182,0,1
1591,2264,2184,0,5
1592,2265,2185,0,4
1593,2266,2186,0,2
1594,2268,2188,0,3
1595,2270,2190,0,2
1596,2271,2191,0,3
1597,2272,2192,0,2
1598,2273,2193,0,1
1599,2274,2194,0,2
1600,2275,2195,1,2
1601,2277,2197,0,4
1602,2278,2198,0,4
1603,2279,2199,0,3
1604,2280,2200,0,2
1605,2282,2202,0,3
1606,2285,2205,0,2
1607,2286,2206,0,1
1608,2288,2208,0,4
1609,2290,2210,0,3
1610,2291,2211,0,2
1611,2292,2212,0,1
1612,2293,2213,0,1
1613,2294,2214,0,1
1614,2295,2215,0,3
1615,2296,2216,0,5
1616,2298,2218,0,5
1617,2300,2220,0,3
1618,2301,2218,0,5
1619,2302,2221,0,5
1620,2303,2222,0,4
1621,2304,2223,0,2
1622,2305,2224,1,5
1623,2314,2233,0,2
1624,2315,2234,1,4
1625,2316,2235,1,3
1626,2318,2237,0,2
1627,2319,2238,0,3
1628,2320,2239,0,1
1629,2321,2240,0,5
1630,2323,2242,0,3
1631,2324,2243,0,4
1632,2326,2245,0,3
1633,2327,2246,0,1
1634,2328,2246,0,1
1635,2329,2247,0,1
1636,2330,2248,1,4
1637,2331,2249,0,5
1638,2334,2252,0,1
1639,2336,2254,0,5
1640,2339,2257,0,5
1641,2340,2258,0,2
1642,2344,2260,0,4
1643,2345,2261,0,3
1644,2346,2262,0,4
1645,2347,2263,0,1
1646,2349,2263,0,1
1647,2350,2265,0,1
1648,2352,2267,0,4
1649,2353,2268,0,5
1650,2354,2269,0,4
1651,2356,2271,0,5
1652,2357,2267,0,4
1653,2359,2273,0,2
1654,2361,2275,0,3
1655,2362,2276,0,1
1656,2363,2277,0,3
1657,2364,2278,0,1
1658,2366,2280,0,5
1659,2367,2263,0,1
1660,2368,2281,0,2
1661,2369,2282,0,5
1662,2371,2284,0,2
1663,2372,2285,0,3
1664,2373,2286,0,1
1665,2374,2287,0,5
1666,2375,2288,0,4
1667,2376,2289,0,5
1668,2377,2290,0,1
1669,2379,2290,0,1
1670,2380,2292,0,4
1671,2381,2293,0,3
1672,2383,2295,0,3
1673,2386,2298,0,2
1674,2387,2299,0,4
1675,2390,2301,0,3
1676,2391,2302,0,1
1677,2392,2303,0,2
1678,2393,2304,0,5
1679,2394,2305,0,4
1680,2395,2306,0,4
1681,2396,2307,0,5
1682,2397,2308,0,1
1683,2398,2309,0,4
1684,2399,2310,0,5
1685,2403,2314,0,1
1686,2405,2316,0,2
1687,2406,2317,1,4
1688,2407,2318,0,5
1689,2409,2320,0,1
1690,2410,2321,0,2
1691,2412,2323,0,4
1692,2413,2324,0,3
1693,2415,2325,0,4
1694,2416,2326,0,1
1695,2417,2314,1,1
1696,2418,2327,0,4
1697,2419,2328,0,3
1698,2420,2329,0,5
1699,2424,2333,1,4
1700,2426,2335,0,2
1701,2427,2336,0,3
1702,2428,2337,0,3
1703,2430,2339,0,1
1704,2431,2340,0,4
1705,2432,2341,0,2
1706,2433,2342,0,5
1707,2435,2344,0,4
1708,2436,2345,0,4
1709,2437,2346,0,5
1710,2438,2347,0,4
1711,2439,2348,0,5
1712,2440,2282,0,5
1713,2442,2350,0,3
1714,2443,2351,0,3
1715,2445,2353,0,3
1716,2446,2354,0,5
1717,2449,2357,1,2
1718,2450,2358,0,2
1719,2451,2359,0,5
1720,2452,2360,0,1
1721,2453,2361,0,1
1722,2455,2363,0,3
1723,2456,2364,0,1
1724,2457,2365,0,3
1725,2458,2366,0,1
1726,2459,2367,0,1
1727,2462,2370,0,4
1728,2463,2371,0,2
1729,2465,2373,0,5
1730,2466,2374,0,4
1731,2468,2376,0,3
1732,2469,2377,0,4
1733,2471,2379,0,5
1734,2472,2380,0,1
1735,2473,2381,1,2
1736,2474,2382,0,4
1737,2475,2383,0,4
1738,2476,2384,0,5
1739,2477,2385,0,1
1740,2478,2386,0,2
1741,2480,2388,0,5
1742,2481,2374,0,4
1743,2482,2389,0,4
1744,2483,2390,0,5
1745,2486,2393,0,1
1746,2488,2395,0,1
1747,2490,2397,0,5
1748,2495,2354,0,5
1749,2498,2404,0,4
1750,2499,2405,0,4
1751,2501,2342,0,5
1752,2502,2407,0,1
1753,2503,2408,0,4
1754,2505,2410,0,5
1755,2506,2411,0,5
1756,2507,2258,0,2
1757,2508,2412,0,2
1758,2509,2413,0,2
1759,2510,2414,0,5
1760,2512,2416,0,5
1761,2513,2417,0,1
1762,2515,2419,0,3
1763,2516,2420,0,3
1764,2517,2421,0,1
1765,2519,2423,0,1
1766,2522,2426,0,3
1767,2523,2427,0,3
1768,2524,2428,0,1
1769,2525,2429,0,2
1770,2527,2431,0,1
1771,2528,2432,0,3
1772,2529,2433,0,5
1773,2530,2434,0,5
1774,2531,2435,0,2
1775,2532,2436,0,2
1776,2533,2437,0,4
1777,2534,2438,0,3
1778,2535,2439,0,1
1779,2536,2440,0,4
1780,2537,2441,0,3
1781,2538,2442,0,4
1782,2540,2444,0,3
1783,2541,2445,0,2
1784,2543,2447,0,4
1785,2545,2449,0,1
1786,2546,2450,0,4
1787,2548,2452,0,4
1788,2549,2453,0,3
1789,2551,2455,0,4
1790,2552,2456,0,4
1791,2553,2457,0,4
1792,2554,2458,0,5
1793,2555,2459,0,5
1794,2556,2460,0,1
1795,2557,2461,0,3
1796,2558,2462,0,4
1797,2560,2464,0,1
1798,2561,2465,0,2
1799,2562,2466,0,2
1800,2563,2467,0,4
1801,2566,2470,0,5
1802,2567,2471,0,1
1803,2568,2472,0,5
1804,2569,2473,0,2
1805,2570,2474,0,4
1806,2572,2476,0,4
1807,2573,2477,0,1
1808,2574,2478,0,3
1809,2575,2479,0,5
1810,2576,2480,0,5
1811,2577,2481,0,5
1812,2578,2482,0,2
1813,2579,2483,0,4
1814,2580,2484,0,1
1815,2581,2485,0,5
1816,2582,2486,0,5
1817,2583,2200,0,2
1818,2584,2487,0,2
1819,2586,2489,0,4
1820,2587,2490,0,4
1821,2589,2492,0,2
1822,2590,2493,0,5
1823,2591,2494,0,2
1824,2592,2495,0,3
1825,2593,2496,0,4
1826,2595,2498,0,1
1827,2596,2499,0,4
1828,2597,2500,0,3
1829,2598,2501,0,2
1830,2600,2503,0,4
1831,2602,2505,0,5
1832,2605,2508,0,5
1833,2606,2509,0,4
1834,2608,2511,0,1
1835,2609,2512,0,4
1836,2610,2513,0,4
1837,2611,2514,0,3
1838,2614,2517,0,1
1839,2615,2518,0,2
1840,2616,2519,0,4
1841,2619,2522,0,1
1842,2620,2523,0,2
1843,2621,2524,0,2
1844,2622,2525,0,2
1845,2623,2526,0,3
1846,2624,2527,0,2
1847,2625,2528,0,1
1848,2626,2529,0,3
1849,2627,2464,0,1
1850,2628,2530,0,1
1851,2629,2531,0,5
1852,2630,2532,0,2
1853,2634,2536,0,3
1854,2637,2539,0,5
1855,2638,2540,0,4
1856,2640,2542,0,3
1857,2641,2543,0,1
1858,2642,2544,0,1
1859,2643,2545,0,5
1860,2644,2546,0,4
1861,2645,2547,1,4
1862,2648,2550,0,4
1863,2649,2551,0,3
1864,2650,2552,0,4
1865,2651,2553,0,2
1866,2653,2555,0,1
1867,2654,2556,0,1
1868,2655,2557,0,1
1869,2656,2558,0,4
1870,2658,2560,0,3
1871,2659,2561,0,2
1872,2661,2563,0,5
1873,2662,2564,0,3
1874,2663,2565,0,5
1875,2664,2566,0,5
1876,2665,2567,0,5
1877,2669,2571,0,1
1878,2672,2574,0,3
1879,2674,2576,0,1
1880,2677,2579,0,5
1881,2678,2580,0,3
1882,2679,2581,0,5
1883,2680,2582,0,3
1884,2682,2584,0,5
1885,2683,2585,0,1
1886,2684,2586,1,3
1887,2685,2587,0,5
1888,2686,2588,0,4
1889,2687,2589,0,3
1890,2688,2590,0,5
1891,2689,2591,0,1
1892,2690,2592,0,4
1893,2691,2593,0,2
1894,2693,2595,0,4
1895,2694,2596,0,1
1896,2695,2597,0,2
1897,2696,2598,0,5
1898,2697,2599,1,3
1899,2698,2600,0,4
1900,2700,2602,0,4
1901,2703,2605,0,3
1902,2704,2606,0,5
1903,2705,2607,0,3
1904,2706,2608,0,4
1905,2707,2609,0,4
1906,2709,2611,0,5
1907,2710,2612,0,2
1908,2711,2613,0,3
1909,2712,2614,0,3
1910,2713,2615,1,3
1911,2714,2616,0,1
1912,2715,2617,0,5
1913,2716,2618,0,2
1914,2717,2619,0,5
1915,2718,2620,0,2
1916,2719,2621,0,3
1917,2720,2622,0,3
1918,2721,2623,0,2
1919,2723,2625,0,2
1920,2724,2626,0,5
1921,2725,2627,0,2
1922,2726,2628,0,3
1923,2727,2629,0,2
1924,2728,2630,0,2
1925,2729,2631,0,4
1926,2730,2632,0,4
1927,2732,2634,0,2
1928,2735,2637,0,5
1929,2736,2638,0,4
1930,2737,2639,0,2
1931,2738,2640,0,2
1932,2739,2641,0,3
1933,2742,2643,0,3
1934,2745,2646,0,5
1935,2746,2647,0,2
1936,2747,2648,0,3
1937,2748,2649,0,1
1938,2750,2651,0,1
1939,2751,2652,0,2
1940,2753,2654,0,4
1941,2755,2656,1,5
1942,2757,2658,0,5
1943,2758,2659,0,3
1944,2759,2660,0,1
1945,2760,2661,0,3
1946,2761,2662,0,5
1947,2762,2663,0,2
1948,2763,2664,1,1
1949,2764,2665,0,3
1950,2765,2666,0,1
1951,2766,2667,0,2
1952,2767,2668,0,2
1953,2768,2669,0,2
1954,2769,2670,0,4
1955,2770,2671,0,1
1956,2771,2672,0,3
1957,2774,2675,0,5
1958,2777,2678,0,2
1959,2780,2681,0,1
1960,2781,2682,0,3
1961,2782,2683,0,5
1962,2783,2684,0,2
1963,2784,2685,0,2
1964,2785,2686,0,5
1965,2786,2687,0,1
1966,2788,2689,0,5
1967,2790,2691,0,1
1968,2791,2692,0,4
1969,2792,2693,0,1
1970,2794,2695,0,3
1971,2795,2696,0,2
1972,2796,2697,0,2
1973,2797,2698,0,2
1974,2798,2699,0,2
1975,2799,2700,0,2
1976,2801,2702,0,5
1977,2802,2703,0,2
1978,2804,2705,0,3
1979,2806,2706,0,1
1980,2807,2705,0,3
1981,2808,2707,0,3
1982,2811,2710,0,2
1983,2812,2711,0,5
1984,2813,2712,0,3
1985,2814,2703,0,2
1986,2815,2713,0,3
1987,2818,2716,0,2
1988,2819,2717,0,1
1989,2820,2718,0,4
1990,2821,2719,0,2
1991,2822,2720,0,4
1992,2823,2721,0,1
1993,2824,2722,0,1
1994,2825,2723,0,1
1995,2830,2728,0,2
1996,2833,2731,0,4
1997,2834,2732,0,4
1998,2835,2733,0,5
1999,2838,2736,0,5
2000,2839,2737,0,5
2001,2840,2738,0,1
2002,2844,2742,0,2
2003,2845,2743,0,3
2004,2846,2744,0,2
2005,2847,2745,0,1
2006,2848,2746,0,2
2007,2850,2748,0,3
2008,2853,2751,1,2
2009,2854,2752,0,3
2010,2856,2753,0,4
2011,2857,2754,0,3
2012,2859,2756,0,2
2013,2860,2757,0,3
2014,2861,2758,0,1
2015,2864,2761,0,3
2016,2866,2763,0,4
2017,2868,2765,0,4
2018,2869,2766,0,1
2019,2870,2767,0,4
2020,2871,2768,0,5
2021,2874,2771,0,4
2022,2876,2773,0,2
2023,2878,2775,0,5
2024,2879,2776,0,1
2025,2881,2771,0,4
2026,2882,2778,0,4
2027,2883,2779,0,4
2028,2884,2780,0,3
2029,2885,2781,0,5
2030,2886,2782,0,3
2031,2887,2783,0,4
2032,2888,2784,0,2
2033,2890,2786,0,3
2034,2891,2787,0,2
2035,2895,2791,0,3
2036,2896,2792,0,5
2037,2897,2793,0,1
2038,2898,2794,0,1
2039,2899,2795,0,1
2040,2900,2796,0,3
2041,2901,2797,0,5
2042,2902,2798,0,5
2043,2904,2800,0,1
2044,2906,2802,0,3
2045,2910,2806,0,5
2046,2911,2807,0,2
2047,2912,2808,0,4
2048,2913,2809,0,5
2049,2914,2810,0,5
2050,2915,2811,0,3
2051,2917,2813,0,4
2052,2918,2814,0,5
2053,2920,2816,0,1
2054,2921,2817,0,3
2055,2922,2818,0,1
2056,2924,2820,0,4
2057,2926,2822,0,1
2058,2927,2823,0,4
2059,2933,2813,0,4
2060,2934,2828,0,3
2061,2935,2829,0,4
2062,2936,2830,0,1
2063,2937,2831,0,4
2064,2939,2833,0,5
2065,2940,2834,0,2
2066,2942,2836,0,5
2067,2943,2837,0,1
2068,2945,2839,0,4
2069,2946,2840,0,2
2070,2947,2841,0,5
2071,2948,2842,0,2
2072,2950,2844,0,5
2073,2951,2845,0,1
2074,2952,2846,0,2
2075,2953,2847,0,2
2076,2954,2848,0,4
2077,2955,2849,0,1
2078,2958,2852,0,3
2079,2959,2853,0,4
2080,2960,2854,0,5
2081,2961,2855,0,3
2082,2962,2856,0,5
2083,2965,2859,0,4
2084,2968,2862,0,1
2085,2970,2864,0,3
2086,2971,2865,0,4
2087,2972,2866,0,5
2088,2973,2867,0,1
2089,2974,2868,0,2
2090,2976,2870,0,3
2091,2977,2871,0,1
2092,2978,2620,0,2
2093,2980,2873,0,1
2094,2981,2874,0,2
2095,2982,2875,0,2
2096,2984,2877,0,2
2097,2985,2878,0,1
2098,2987,2880,0,1
2099,2988,2881,0,5
2100,2989,2882,0,2
2101,2990,2883,0,4
2102,2997,2890,0,1
2103,2998,2891,0,1
2104,3002,2894,0,4
2105,3003,2895,0,3
2106,3004,2896,0,5
2107,3006,2898,0,3
2108,3007,2899,0,5
2109,3008,2900,0,1
2110,3010,2902,0,2
2111,3011,2903,0,2
2112,3012,2904,0,4
2113,3013,2905,0,5
2114,3014,2906,0,4
2115,3015,2907,0,5
2116,3016,2908,0,1
2117,3018,2910,0,2
2118,3019,2911,0,3
2119,3020,2912,0,5
2120,3023,2915,0,1
2121,3024,2916,0,3
2122,3025,2917,0,2
2123,3027,2919,0,4
2124,3028,2920,0,5
2125,3029,2921,0,5
2126,3030,2922,0,5
2127,3032,2924,0,5
2128,3033,2925,0,5
2129,3034,2926,0,4
2130,3035,2927,0,1
2131,3036,2928,0,1
2132,3037,2929,0,1
2133,3039,2931,0,2
2134,3040,2932,0,1
2135,3041,2933,0,5
2136,3043,2935,0,5
2137,3044,2936,0,1
2138,3046,2938,0,2
2139,3048,2940,0,3
2140,3049,2941,0,2
2141,3050,2942,0,1
2142,3052,2944,0,3
2143,3055,2768,0,5
2144,3056,2947,0,2
2145,3058,2949,0,2
2146,3059,2950,0,1
2147,3061,2952,0,5
2148,3063,2954,0,5
2149,3064,2955,0,4
2150,3065,2956,0,5
2151,3066,2957,0,5
2152,3067,2958,0,5
2153,3070,2961,0,2
2154,3071,2962,0,5
2155,3072,2963,0,1
2156,3073,2964,0,5
2157,3074,2965,0,2
2158,3075,2966,0,4
2159,3076,2967,0,3
2160,3078,2969,0,1
2161,3079,2970,0,1
2162,3080,2971,0,2
2163,3081,2972,0,5
2164,3082,2973,0,3
2165,3084,2975,0,1
2166,3085,2976,0,3
2167,3087,2978,0,2
2168,3088,2979,0,5
2169,3089,2980,0,4
2170,3090,2981,1,5
2171,3091,2982,0,4
2172,3093,2984,0,3
2173,3096,2987,0,2
2174,3099,2990,0,5
2175,3100,2991,0,1
2176,3101,2992,0,3
2177,3102,2993,0,4
2178,3105,2996,0,2
2179,3106,2997,0,3
2180,3108,2999,0,5
2181,3109,3000,0,3
2182,3110,3001,0,4
2183,3111,3000,0,3
2184,3113,3003,1,5
2185,3114,3004,0,3
2186,3115,3005,0,5
2187,3116,3006,0,5
2188,3117,3007,0,4
2189,3118,3008,0,1
2190,3119,3009,0,4
2191,3120,3010,0,2
2192,3121,3011,0,1
2193,3123,3013,0,1
2194,3124,3014,0,1
2195,3125,3015,0,1
2196,3126,3016,0,4
2197,3128,3018,0,1
2198,3129,3019,0,5
2199,3130,3020,0,1
2200,3131,3021,0,5
2201,3132,3022,0,2
2202,3133,3023,0,1
2203,3134,3024,0,3
2204,3137,3027,0,5
2205,3138,3028,0,5
2206,3139,3029,0,4
2207,3140,3030,0,5
2208,3141,3031,0,5
2209,3143,3033,0,2
2210,3146,3036,0,2
2211,3149,3039,0,3
2212,3151,3041,0,2
2213,3152,3042,0,2
2214,3154,3044,0,4
2215,3155,3045,0,3
2216,3156,3046,0,2
2217,3159,3049,0,1
2218,3160,3050,0,3
2219,3161,3051,0,5
2220,3162,3052,0,4
2221,3164,3054,0,4
2222,3165,3055,0,5
2223,3166,3056,0,2
2224,3167,3057,0,3
2225,3168,3058,0,1
2226,3169,3059,0,5
2227,3170,3060,0,2
2228,3173,3063,0,5
2229,3174,3064,1,4
2230,3175,3065,0,1
2231,3176,3066,0,2
2232,3183,3072,1,5
2233,3185,3074,0,1
2234,3186,3075,0,4
2235,3188,3077,0,1
2236,3189,3078,0,1
2237,3190,3079,0,5
2238,3191,3080,0,3
2239,3192,3081,0,3
2240,3194,3083,0,4
2241,3195,3084,0,3
2242,3196,3085,0,2
2243,3197,3086,0,5
2244,3198,3087,0,5
2245,3199,3088,0,4
2246,3201,3090,0,2
2247,3202,3091,0,4
2248,3203,3092,1,4
2249,3204,3093,0,4
2250,3206,3095,0,5
2251,3207,3096,0,2
2252,3208,3097,0,5
2253,3211,3100,0,5
2254,3212,3101,0,5
2255,3213,3102,0,4
2256,3216,3100,0,5
2257,3219,3107,1,3
2258,3220,3108,0,1
2259,3221,3109,0,5
2260,3222,3110,0,5
2261,3223,3111,1,4
2262,3225,3113,0,5
2263,3227,3115,0,4
2264,3228,3116,0,3
2265,3229,3117,0,5
2266,3230,3118,0,5
2267,3231,3119,0,4
2268,3233,3121,0,3
2269,3234,3122,0,1
2270,3235,3123,0,5
2271,3236,3124,0,5
2272,3237,3125,0,3
2273,3238,3126,0,1
2274,3239,3127,0,2
2275,3240,3128,0,1
2276,3241,3129,0,5
2277,3243,3131,0,1
2278,3244,3132,0,4
2279,3245,3133,0,2
2280,3246,3134,0,5
2281,3247,3135,0,3
2282,3248,3136,0,3
2283,3249,3137,0,1
2284,3251,3139,0,1
2285,3253,3141,0,2
2286,3255,3143,0,2
2287,3256,3144,0,1
2288,3260,3148,0,3
2289,3263,3151,0,3
2290,3264,3152,1,4
2291,3265,3153,0,4
2292,3267,3155,0,5
2293,3268,3156,0,5
2294,3269,3157,0,3
2295,3270,3158,0,3
2296,3271,3159,0,4
2297,3272,3160,0,3
2298,3273,3161,0,4
2299,3274,3096,0,2
2300,3276,3163,0,2
2301,3278,3165,0,3
2302,3282,3169,0,3
2303,3283,3170,0,4
2304,3284,3171,0,5
2305,3285,3172,0,1
2306,3287,3174,0,5
2307,3288,3175,0,5
2308,3289,3176,0,5
2309,3294,3181,0,2
2310,3295,3182,0,4
2311,3296,3183,0,3
2312,3298,3185,0,4
2313,3299,3186,0,5
2314,3300,3187,0,5
2315,3301,3188,0,1
2316,3302,3189,0,4
2317,3303,3190,0,5
2318,3304,3191,0,4
2319,3305,3192,0,4
2320,3306,3193,0,2
2321,3307,3194,0,1
2322,3308,3195,0,2
2323,3310,3197,0,1
2324,3312,3199,0,1
2325,3313,3200,0,1
2326,3314,3201,0,2
2327,3316,3203,0,3
2328,3317,3204,0,5
2329,3318,3205,0,1
2330,3319,3206,0,2
2331,3321,3208,0,2
2332,3322,3209,0,4
2333,3323,3210,0,5
2334,3324,3211,0,1
2335,3325,3212,0,1
2336,3326,3213,0,4
2337,3328,3215,0,3
2338,3329,3216,0,2
2339,3331,3218,0,5
2340,3332,3219,0,2
2341,3333,3220,0,4
2342,3335,3222,0,5
2343,3337,3224,0,4
2344,3341,3228,0,5
2345,3343,3230,0,5
2346,3344,3231,0,4
2347,3345,3232,0,4
2348,3347,3234,0,3
2349,3348,3235,0,4
2350,3349,3236,0,2
2351,3350,3237,0,5
2352,3351,3238,0,5
2353,3353,3240,0,4
2354,3354,3241,0,5
2355,3355,3242,0,3
2356,3358,3244,0,1
2357,3360,3246,0,4
2358,3361,3247,0,3
2359,3362,3181,0,2
2360,3364,3249,0,1
2361,3365,3250,0,4
2362,3368,3253,0,1
2363,3369,3254,0,2
2364,3371,3256,0,4
2365,3372,3257,0,4
2366,3374,3259,0,2
2367,3375,3260,0,3
2368,3376,3261,0,2
2369,3377,3262,0,5
2370,3378,3263,0,3
2371,3379,3264,0,2
2372,3380,3265,0,3
2373,3381,3266,1,5
2374,3382,3267,0,1
2375,3383,3268,0,1
2376,3384,3269,1,5
2377,3385,3270,0,1
2378,3386,3271,0,1
2379,3387,3272,0,4
2380,3388,3273,0,3
2381,3389,3274,0,4
2382,3390,3275,0,4
2383,3392,3277,0,2
2384,3393,3278,0,3
2385,3394,3279,0,4
2386,3395,3280,1,1
2387,3396,3281,0,4
2388,3397,3282,0,4
2389,3398,3283,0,3
2390,3399,3284,0,5
2391,3403,3288,0,4
2392,3404,3289,0,3
2393,3405,3290,0,4
2394,3407,3292,0,1
2395,3409,3294,0,5
2396,3410,3295,0,4
2397,3411,3296,0,4
2398,3412,3297,0,3
2399,3413,3298,0,5
2400,3414,3299,0,2
2401,3415,3300,0,2
2402,3418,3303,0,5
2403,3422,3307,0,1
2404,3424,3309,0,3
2405,3427,3312,1,5
2406,3428,3313,0,5
2407,3429,3314,0,1
2408,3430,3315,0,2
2409,3432,3317,0,1
2410,3433,3318,0,3
2411,3434,3319,0,2
2412,3435,3320,0,4
2413,3437,3322,0,3
2414,3438,3323,0,1
2415,3440,3325,0,5
2416,3443,3328,0,2
2417,3445,3330,0,4
2418,3446,3331,0,4
2419,3447,3332,0,4
2420,3448,3333,0,3
2421,3450,3334,0,2
2422,3451,3335,0,4
2423,3452,3336,0,2
2424,3453,3337,1,3
2425,3454,3338,0,5
2426,3455,3339,0,4
2427,3456,3340,0,4
2428,3457,3341,0,2
2429,3458,3342,0,5
2430,3459,3343,0,4
2431,3460,3344,0,4
2432,3461,3345,0,1
2433,3464,3348,0,4
2434,3465,3349,0,4
2435,3466,3350,0,5
2436,3467,3351,0,3
2437,3468,3352,0,5
2438,3469,3353,0,3
2439,3472,3356,0,3
2440,3476,3360,0,4
2441,3477,3361,0,4
2442,3478,3362,0,2
2443,3479,3363,0,2
2444,3480,3364,0,4
2445,3483,3367,0,4
2446,3484,3368,0,4
2447,3485,3369,0,5
2448,3486,3370,0,1
2449,3488,3372,0,5
2450,3489,3373,0,5
2451,3491,3375,0,5
2452,3493,3377,0,4
2453,3494,3378,0,5
2454,3495,3379,0,2
2455,3496,3380,0,3
2456,3497,3381,0,5
2457,3498,3382,0,1
2458,3500,3384,0,3
2459,3501,3385,0,3
2460,3504,3388,0,5
2461,3505,3389,0,4
2462,3507,3391,0,5
2463,3509,3393,0,1
2464,3510,3394,0,2
2465,3516,3400,0,4
2466,3518,3402,0,3
2467,3519,3403,0,4
2468,3520,3404,0,4
2469,3521,3405,0,1
2470,3526,3410,0,3
2471,3527,3411,0,3
2472,3528,3412,0,5
2473,3529,3413,0,2
2474,3530,3414,0,4
2475,3531,3415,0,4
2476,3532,3416,0,4
2477,3533,3417,0,4
2478,3534,3418,0,2
2479,3536,3420,0,3
2480,3538,3422,0,1
2481,3539,3423,0,3
2482,3540,3424,0,1
2483,3541,3425,1,5
2484,3543,3427,0,4
2485,3544,3428,0,3
2486,3546,3430,0,4
2487,3548,3432,0,3
2488,3549,3433,0,5
2489,3550,3434,0,2
2490,3551,3435,0,4
2491,3553,3437,0,3
2492,3554,3438,0,5
2493,3555,3439,0,1
2494,3556,3440,0,1
2495,3558,3442,0,3
2496,3559,3443,0,2
2497,3560,3444,0,3
2498,3561,3445,0,3
2499,3562,3446,0,2
2500,3563,3447,0,1
2501,3564,3448,1,5
2502,3566,3450,1,5
2503,3568,3452,0,3
2504,3569,3453,0,1
2505,3570,3454,1,4
2506,3572,3456,0,5
2507,3573,3457,0,4
2508,3574,3458,1,1
2509,3576,3460,1,2
2510,3577,3461,0,4
2511,3578,3462,0,4
2512,3580,3464,0,4
2513,3581,3465,0,2
2514,3582,3466,0,5
2515,3584,3467,0,3
2516,3586,3469,0,5
2517,3587,3470,0,4
2518,3589,3472,0,1
2519,3591,3474,0,3
2520,3592,3475,0,1
2521,3593,3476,0,3
2522,3594,3477,0,5
2523,3595,3478,0,4
2524,3596,3479,0,4
2525,3597,3480,0,4
2526,3598,3481,0,4
2527,3599,3482,0,2
2528,3601,3484,0,3
2529,3602,3485,0,4
2530,3603,3486,0,4
2531,3604,3487,0,3
2532,3605,3488,0,1
2533,3606,3489,0,2
2534,3607,3490,0,2
2535,3610,3493,0,1
2536,3611,3494,0,2
2537,3612,3495,0,3
2538,3613,3496,0,5
2539,3614,3497,0,4
2540,3615,3498,0,1
2541,3617,3500,0,5
2542,3618,3501,0,5
2543,3620,3503,0,4
2544,3621,3504,0,2
2545,3622,3505,0,3
2546,3623,3506,0,4
2547,3624,3507,0,3
2548,3625,3508,0,5
2549,3626,3509,0,2
2550,3627,3510,0,5
2551,3630,3513,0,4
2552,3632,3515,0,3
2553,3633,3516,0,3
2554,3635,3518,0,2
2555,3636,3519,0,3
2556,3637,3520,0,2
2557,3638,3521,0,4
2558,3639,3522,0,4
2559,3640,3523,0,4
2560,3642,3525,0,1
2561,3643,3526,0,2
2562,3644,3527,0,4
2563,3645,3528,0,1
2564,3646,3529,0,3
2565,3647,3530,0,4
2566,3649,3532,0,3
2567,3652,3535,0,3
2568,3655,3538,0,2
2569,3657,3540,0,5
2570,3658,3541,0,3
2571,3661,3544,1,4
2572,3662,3545,0,1
2573,3663,3546,0,3
2574,3664,3547,0,5
2575,3665,3548,0,4
2576,3666,3549,0,2
2577,3668,3551,0,2
2578,3670,3553,0,5
2579,3671,3554,0,2
2580,3672,3555,0,2
2581,3673,3556,0,2
2582,3674,3557,0,4
2583,3675,3558,0,3
2584,3681,3564,0,4
2585,3682,3412,0,5
2586,3684,3566,0,2
2587,3687,3569,0,5
2588,3688,3570,0,2
2589,3692,3574,0,1
2590,3693,3575,1,2
2591,3694,3576,0,5
2592,3695,3577,0,2
2593,3696,3578,0,1
2594,3697,3579,1,2
2595,3698,3580,0,1
2596,3699,3581,0,5
2597,3700,3582,0,3
2598,3702,3584,0,1
2599,3703,3472,0,1
2600,3704,3585,0,3
2601,3705,3586,0,3
2602,3706,3587,0,5
2603,3707,3588,0,1
2604,3708,3589,0,5
2605,3709,3590,0,5
2606,3711,3592,0,4
2607,3713,3594,0,2
2608,3715,3596,0,4
2609,3716,3597,0,4
2610,3717,3598,0,4
2611,3719,3600,0,5
2612,3720,3601,0,2
2613,3722,3603,0,4
2614,3723,3604,0,2
2615,3724,3603,0,4
2616,3725,3605,0,1
2617,3726,3606,0,3
2618,3728,3608,0,5
2619,3729,3609,0,3
2620,3731,3611,0,4
2621,3733,3613,0,2
2622,3734,3614,1,1
2623,3739,3619,0,2
2624,3740,3620,1,5
2625,3741,3621,0,5
2626,3742,3622,0,1
2627,3743,3623,0,1
2628,3744,3624,0,5
2629,3745,3625,0,3
2630,3747,3627,0,1
2631,3749,3629,0,3
2632,3750,3630,0,3
2633,3751,3631,0,1
2634,3755,3635,0,2
2635,3759,3639,0,2
2636,3761,3641,0,1
2637,3762,3642,0,4
2638,3763,3643,0,1
2639,3765,3645,0,5
2640,3767,3647,0,2
2641,3769,3649,0,5
2642,3770,3650,0,5
2643,3771,3651,0,5
2644,3772,3652,0,3
2645,3773,3653,0,4
2646,3776,3656,0,3
2647,3777,3657,0,3
2648,3778,3658,0,5
2649,3779,3659,0,4
2650,3780,3660,0,4
2651,3782,3662,0,3
2652,3783,3663,0,5
2653,3784,3664,0,2
2654,3785,3665,0,2
2655,3786,3666,0,3
2656,3787,3667,0,4
2657,3789,3669,0,3
2658,3791,3671,0,4
2659,3792,3672,0,1
2660,3796,3676,0,5
2661,3799,3679,0,1
2662,3801,3681,0,4
2663,3803,3683,0,2
2664,3804,3684,0,2
2665,3805,3685,0,5
2666,3806,3686,0,2
2667,3809,3688,0,3
2668,3810,3689,0,2
2669,3814,3693,0,3
2670,3815,3694,0,5
2671,3817,3696,0,5
2672,3819,3698,0,4
2673,3820,3699,0,2
2674,3821,3700,0,5
2675,3822,3701,0,4
2676,3823,3702,0,5
2677,3824,3703,0,5
2678,3825,3704,0,3
2679,3826,3705,0,3
2680,3827,3706,0,1
2681,3828,3707,0,1
2682,3829,3708,0,5
2683,3830,3709,0,3
2684,3832,3711,0,1
2685,3833,3685,0,5
2686,3834,3712,0,4
2687,3835,3713,0,2
2688,3836,3714,0,4
2689,3837,3715,0,5
2690,3838,3716,0,5
2691,3839,3717,0,4
2692,3840,3718,0,4
2693,3841,3719,0,4
2694,3842,3720,0,2
2695,3843,3721,0,1
2696,3845,3723,0,4
2697,3847,3725,0,4
2698,3849,3727,0,2
2699,3850,3728,0,5
2700,3851,3729,0,4
2701,3852,3730,0,5
2702,3853,3731,0,3
2703,3856,3734,0,5
2704,3857,3735,0,1
2705,3858,3736,0,2
2706,3859,3737,0,2
2707,3860,3738,0,3
2708,3861,3739,0,3
2709,3862,3740,0,5
2710,3863,3741,0,5
2711,3864,3742,0,4
2712,3865,3743,0,5
2713,3866,3744,0,4
2714,3868,3746,0,5
2715,3869,3747,0,3
2716,3870,3748,0,3
2717,3871,3749,0,5
2718,3873,3751,0,3
2719,3875,3753,0,4
2720,3877,3755,0,4
2721,3878,3679,0,1
2722,3879,3756,0,3
2723,3880,3757,0,5
2724,3881,3758,0,3
2725,3883,3760,0,3
2726,3884,3761,0,3
2727,3885,3762,0,3
2728,3886,3763,0,2
2729,3888,3765,0,1
2730,3893,3770,0,2
2731,3895,3772,0,1
2732,3896,3773,0,3
2733,3898,3775,0,3
2734,3899,3776,0,2
2735,3901,3778,0,4
2736,3902,3779,0,5
2737,3903,3780,0,4
2738,3905,3782,0,3
2739,3907,3784,0,1
2740,3909,3786,0,3
2741,3910,3787,0,3
2742,3911,3788,0,1
2743,3912,3789,0,1
2744,3913,3790,0,4
2745,3914,3791,0,4
2746,3915,3792,0,5
2747,3916,3793,0,5
2748,3917,3794,0,1
2749,3918,3795,0,2
2750,3920,3797,0,3
2751,3921,3798,0,5
2752,3922,3799,0,2
2753,3923,3800,0,3
2754,3924,3801,0,2
2755,3925,3802,0,3
2756,3926,3803,0,4
2757,3928,3805,0,2
2758,3929,3806,0,4
2759,3930,3807,0,3
2760,3931,3808,0,2
2761,3932,3809,0,1
2762,3936,3813,0,5
2763,3937,3814,0,4
2764,3939,3816,1,5
2765,3940,3817,0,4
2766,3941,3818,0,5
2767,3942,3819,0,4
2768,3944,3821,0,3
2769,3945,3822,0,2
2770,3946,3823,0,5
2771,3947,3824,0,3
2772,3948,3825,0,3
2773,3949,3826,0,3
2774,3950,3827,0,3
2775,3951,3828,0,1
2776,3953,3830,0,5
2777,3954,3831,0,3
2778,3955,3832,0,5
2779,3957,3834,0,1
2780,3958,3835,0,1
2781,3959,3836,0,5
2782,3960,3837,0,4
2783,3962,3839,0,2
2784,3963,3840,0,5
2785,3965,3842,0,2
2786,3967,3782,0,3
2787,3968,3844,0,2
2788,3969,3845,0,5
2789,3970,3846,0,1
2790,3971,3847,0,1
2791,3972,3848,0,1
2792,3974,3850,0,3
2793,3975,3851,0,1
2794,3976,3852,0,2
2795,3977,3853,0,2
2796,3978,3854,0,2
2797,3979,3855,1,4
2798,3980,3856,0,3
2799,3982,3858,0,4
2800,3983,3859,0,1
2801,3984,3860,0,1
2802,3985,3861,0,5
2803,3986,3862,0,3
2804,3987,3863,0,2
2805,3988,3864,1,4
2806,3990,3866,0,3
2807,3991,3867,0,4
2808,3992,3868,0,3
2809,3993,3869,0,1
2810,3994,3870,0,4
2811,3997,3873,0,5
2812,3998,3874,0,3
2813,3999,3875,0,1
2814,4001,3877,0,5
2815,4003,3879,0,2
2816,4004,3880,0,2
2817,4005,3881,0,1
2818,4006,3882,0,1
2819,4007,3883,0,4
2820,4008,3884,0,2
2821,4009,3885,0,2
2822,4013,3889,0,2
2823,4014,3890,0,3
2824,4016,3892,0,4
2825,4017,3893,0,3
2826,4018,3894,0,4
2827,4019,3895,0,4
2828,4020,3896,0,4
2829,4021,3897,0,3
2830,4022,3898,0,5
2831,4025,3901,0,3
2832,4026,3902,0,3
2833,4027,3903,0,3
2834,4029,3905,0,5
2835,4031,3907,0,2
2836,4032,3908,0,3
2837,4033,3909,0,2
2838,4036,3912,0,4
2839,4038,3914,0,4
2840,4039,3915,0,4
2841,4041,3917,0,5
2842,4042,3918,0,5
2843,4043,3919,0,4
2844,4044,3920,0,4
2845,4045,3921,0,5
2846,4047,3923,0,1
2847,4048,3924,0,5
2848,4049,3925,0,2
2849,4050,3926,1,1
2850,4056,3931,0,4
2851,4057,3932,0,4
2852,4059,3934,0,1
2853,4060,3935,0,4
2854,4061,3936,0,3
2855,4062,3937,0,1
2856,4065,3940,0,2
2857,4066,3941,0,1
2858,4067,3942,0,3
2859,4068,3884,0,2
2860,4069,3943,0,2
2861,4070,3944,0,1
2862,4071,3945,0,3
2863,4072,3946,0,3
2864,4073,3947,0,3
2865,4074,3948,0,2
2866,4075,3949,0,1
2867,4076,3950,0,1
2868,4077,3951,0,4
2869,4078,3952,0,5
2870,4081,3955,0,2
2871,4082,3956,0,3
2872,4083,3957,0,4
2873,4084,3958,0,1
2874,4085,3793,0,5
2875,4086,3959,0,3
2876,4088,3961,0,1
2877,4089,3962,0,1
2878,4091,3964,0,5
2879,4093,3966,0,2
2880,4094,3967,0,1
2881,4095,3968,0,3
2882,4099,3972,0,4
2883,4100,3973,0,3
2884,4101,3974,0,4
2885,4103,3976,0,3
2886,4104,3977,0,4
2887,4105,3978,0,4
2888,4107,3980,0,2
2889,4108,3981,0,3
2890,4109,3982,0,2
2891,4110,3983,1,4
2892,4111,3984,0,3
2893,4116,3989,0,2
2894,4117,3990,0,1
2895,4118,3991,0,2
2896,4119,3992,0,5
2897,4121,3994,0,4
2898,4122,3995,0,3
2899,4123,3982,0,2
2900,4124,3996,0,2
2901,4125,3997,0,3
2902,4126,3998,0,3
2903,4127,3999,0,2
2904,4128,4000,0,1
2905,4129,3997,0,3
2906,4130,4001,0,4
2907,4131,4002,0,5
2908,4133,4004,0,4
2909,4134,4005,0,2
2910,4136,4007,0,2
2911,4137,4008,0,4
2912,4138,4009,0,2
2913,4139,4010,0,3
2914,4140,4011,0,3
2915,4141,4012,0,5
2916,4142,4013,0,2
2917,4144,4015,0,5
2918,4147,4018,0,4
2919,4148,4019,0,3
2920,4149,4020,0,2
2921,4150,4021,0,4
2922,4151,4022,0,3
2923,4154,4025,0,2
2924,4155,4026,0,1
2925,4156,4027,0,4
2926,4157,4028,0,5
2927,4159,4030,0,1
2928,4163,4034,0,2
2929,4164,4035,1,4
2930,4165,4036,0,5
2931,4166,4037,0,1
2932,4167,4038,1,1
2933,4169,4040,0,2
2934,4170,4041,0,2
2935,4172,4043,0,3
2936,4173,4044,0,3
2937,4174,4045,0,4
2938,4176,4047,0,2
2939,4179,4050,0,5
2940,4180,4051,0,1
2941,4182,4053,0,3
2942,4183,4054,0,4
2943,4184,4055,0,5
2944,4186,4057,0,1
2945,4189,4060,0,5
2946,4190,4061,0,2
2947,4191,4062,0,5
2948,4192,4063,0,5
2949,4193,4064,0,1
2950,4194,4065,0,5
2951,4195,4066,0,1
2952,4197,4068,0,5
2953,4198,4069,0,3
2954,4199,4070,0,5
2955,4201,4072,0,2
2956,4202,4073,0,4
2957,4203,4074,0,4
2958,4204,4075,0,5
2959,4205,4076,0,1
2960,4206,4077,0,3
2961,4207,4078,0,5
2962,4209,4080,1,3
2963,4210,4081,0,4
2964,4212,4083,0,4
2965,4214,4085,0,1
2966,4215,4086,0,1
2967,4216,4087,0,4
2968,4218,4089,0,5
2969,4221,4092,0,4
2970,4223,4094,0,2
2971,4225,4096,0,2
2972,4227,4098,0,3
2973,4228,4099,0,1
2974,4229,4100,0,2
2975,4230,4101,0,2
2976,4231,2263,0,1
2977,4232,4102,0,1
2978,4233,4103,0,3
2979,4235,4105,0,2
2980,4237,4107,0,2
2981,4239,4109,0,1
2982,4243,4113,0,4
2983,4246,4116,0,3
2984,4247,2407,0,1
2985,4248,4117,0,2
2986,4251,4120,0,2
2987,4252,4121,1,4
2988,4253,4122,0,3
2989,4255,4124,0,5
2990,4258,4127,0,1
2991,4260,4128,0,2
2992,4261,4129,0,2
2993,4263,4131,0,1
2994,4266,4134,0,4
2995,4267,4135,0,1
2996,4268,4136,1,4
2997,4270,4138,0,3
2998,4271,4139,0,2
2999,4273,4141,0,3
3000,4274,4142,0,1
3001,4275,2439,0,1
3002,4276,4143,0,1
3003,4277,4144,0,3
3004,4278,4143,0,1
3005,4280,4146,0,2
3006,4281,4147,0,3
3007,4282,4148,0,4
3008,4283,4149,0,1
3009,4284,4150,0,5
3010,4285,4151,0,3
3011,4286,4152,0,5
3012,4287,4153,0,1
3013,4288,4154,0,1
3014,4291,4157,0,1
3015,4292,4158,0,5
3016,4293,4159,0,3
3017,4296,4162,0,1
3018,4297,4163,0,1
3019,4298,4164,0,5
3020,4299,4165,0,5
3021,4300,4166,0,5
3022,4301,4167,0,1
3023,4302,4168,0,4
3024,4303,4169,0,5
3025,4304,4170,0,1
3026,4305,4171,0,2
3027,4306,4172,0,4
3028,4307,4173,0,3
3029,4308,4174,0,1
3030,4309,4175,0,1
3031,4310,4176,0,3
3032,4311,4177,0,3
3033,4312,4178,0,4
3034,4313,4179,0,5
3035,4314,4180,0,3
3036,4315,4181,0,4
3037,4316,4182,0,3
3038,4317,4183,0,3
3039,4319,4185,0,1
3040,4320,4186,0,5
3041,4321,4187,0,5
3042,4322,4188,0,1
3043,4323,4189,0,1
3044,4324,4190,0,3
3045,4325,4191,0,1
3046,4326,4192,0,2
3047,4328,4194,0,2
3048,4330,4196,0,4
3049,4331,4197,0,5
3050,4332,4198,0,4
3051,4333,4199,0,1
3052,4334,4200,0,5
3053,4335,4201,0,1
3054,4336,4202,0,2
3055,4337,2550,0,4
3056,4339,4204,0,1
3057,4340,4205,0,5
3058,4341,4206,0,5
3059,4343,4208,0,5
3060,4344,4209,0,3
3061,4345,4146,0,2
3062,4347,4131,0,1
3063,4348,4191,0,1
3064,4349,4211,0,3
3065,4351,4213,0,2
3066,4354,4216,0,2
3067,4355,4217,0,3
3068,4357,4219,0,3
3069,4358,4220,0,2
3070,4359,4221,0,1
3071,4362,4224,0,4
3072,4363,4225,0,5
3073,4364,4226,0,1
3074,4365,4227,0,5
3075,4366,4228,0,5
3076,4367,4229,0,4
3077,4368,4230,0,4
3078,4369,4231,0,5
3079,4370,4232,0,4
3080,4372,4234,0,4
3081,4373,4235,0,5
3082,4374,4236,0,5
3083,4375,2346,0,5
3084,4376,4237,0,1
3085,4377,4238,0,4
3086,4379,4240,0,4
3087,4380,4241,0,3
3088,4382,4243,0,1
3089,4383,4244,0,5
3090,4386,4247,0,1
3091,4388,4249,0,2
3092,4389,4250,0,3
3093,4390,4251,0,5
3094,4392,4253,0,4
3095,4393,4254,0,2
3096,4394,4255,0,4
3097,4395,4256,0,4
3098,4397,4258,0,3
3099,4398,4259,0,2
3100,4400,4261,0,3
3101,4401,4262,0,4
3102,4402,4263,0,5
3103,4403,4264,0,4
3104,4404,4265,0,2
3105,4405,4266,0,1
3106,4407,4268,0,2
3107,4408,4269,0,5
3108,4410,4271,0,3
3109,4413,4274,0,1
3110,4414,4275,0,1
3111,4417,2326,0,1
3112,4418,4278,0,2
3113,4420,4280,0,5
3114,4423,4283,0,4
3115,4424,4284,0,5
3116,4425,4285,0,4
3117,4427,4287,0,2
3118,4429,4289,0,4
3119,4431,4291,0,2
3120,4432,4292,0,4
3121,4433,4293,0,2
3122,4434,4294,0,1
3123,4435,4295,0,1
3124,4436,4296,0,1
3125,4437,4297,0,2
3126,4439,4299,0,4
3127,4440,4300,0,2
3128,4441,4301,0,4
3129,4443,4303,0,2
3130,4444,4304,0,2
3131,4445,4305,0,2
3132,4447,4307,0,5
3133,4449,4309,0,1
3134,4451,4311,0,1
3135,4452,4312,0,5
3136,4455,4315,0,1
3137,4457,4317,0,3
3138,4459,4319,0,3
3139,4461,4321,0,5
3140,4464,4324,0,5
3141,4465,4325,0,5
3142,4466,4326,0,2
3143,4467,4327,0,1
3144,4468,4328,0,3
3145,4469,4329,0,2
3146,4470,4330,0,1
3147,4471,4331,0,3
3148,4472,4332,0,4
3149,4474,4334,0,3
3150,4475,4335,0,5
3151,4476,4336,0,5
3152,4478,4338,0,4
3153,4479,4339,1,5
3154,4480,4340,0,4
3155,4481,4341,0,1
3156,4482,4342,0,5
3157,4485,4345,1,5
3158,4486,4346,0,3
3159,4487,4347,0,2
3160,4488,4348,0,2
3161,4489,4349,0,5
3162,4490,4350,0,1
3163,4491,4351,0,1
3164,4493,4353,0,4
3165,4495,4355,0,2
3166,4496,4356,0,5
3167,4497,4357,0,2
3168,4498,4358,0,1
3169,4500,4360,0,4
3170,4501,4361,0,5
3171,4502,4362,0,3
3172,4503,4363,0,2
3173,4506,4366,0,3
3174,4507,4367,0,5
3175,4508,4368,0,1
3176,4510,4370,0,3
3177,4512,4372,0,2
3178,4513,4373,0,4
3179,4515,4375,0,2
3180,4516,4376,0,5
3181,4517,4377,0,1
3182,4518,4378,0,4
3183,4519,4379,0,5
3184,4522,4382,1,5
3185,4523,4383,0,2
3186,4524,4384,0,1
3187,4525,4385,0,1
3188,4526,4386,0,3
3189,4527,4387,0,3
3190,4528,4388,0,3
3191,4529,4389,0,3
3192,4532,4392,0,3
3193,4533,4393,0,4
3194,4534,4394,0,1
3195,4535,4395,0,1
3196,4538,4398,0,1
3197,4539,4399,0,2
3198,4540,4400,0,2
3199,4543,2503,0,4
3200,4544,4403,0,1
3201,4545,4404,0,3
3202,4546,4405,0,1
3203,4547,4406,0,5
3204,4548,4407,0,2
3205,4549,4408,0,3
3206,4550,4409,0,3
3207,4551,4410,0,1
3208,4553,4412,0,3
3209,4554,4413,0,2
3210,4556,4415,0,4
3211,4557,4416,0,1
3212,4559,4418,0,1
3213,4560,4419,0,4
3214,4561,4420,0,2
3215,4563,4422,0,4
3216,4565,4424,0,1
3217,4567,4426,0,2
3218,4568,4427,0,3
3219,4569,4428,0,3
3220,4572,4430,0,4
3221,4573,4431,0,4
3222,4574,4432,0,3
3223,4575,4433,0,1
3224,4576,4434,0,3
3225,4577,4435,0,5
3226,4579,2499,0,4
3227,4580,4435,0,5
3228,4583,2434,0,5
3229,4584,4439,0,1
3230,4585,4440,0,3
3231,4587,4442,0,3
3232,4588,4443,0,3
3233,4589,4444,0,2
3234,4590,4445,0,4
3235,4596,4451,0,3
3236,4599,4454,0,4
3237,4602,4457,0,1
3238,4605,4460,0,1
3239,4606,4461,0,3
3240,4607,4462,0,4
3241,4608,4463,0,2
3242,4609,4464,1,1
3243,4611,4460,0,1
3244,4612,4466,0,1
3245,4613,4467,0,2
3246,4614,4468,0,3
3247,4615,4469,0,3
3248,4616,4470,0,4
3249,4618,4472,0,3
3250,4620,4474,0,4
3251,4621,4475,0,2
3252,4623,4477,1,2
3253,4625,4478,0,1
3254,4628,4481,0,2
3255,4629,4482,0,3
3256,4631,4484,0,2
3257,4632,4485,0,1
3258,4636,4489,0,2
3259,4637,4490,0,3
3260,4638,4491,0,1
3261,4639,4492,0,5
3262,4640,4493,0,4
3263,4641,4494,0,2
3264,4642,4495,0,4
3265,4643,4496,0,3
3266,4648,4500,0,2
3267,4650,4502,0,3
3268,4651,4503,0,2
3269,4652,4504,1,4
3270,4653,4505,0,3
3271,4654,4506,0,5
3272,4655,4507,0,1
3273,4657,4509,0,2
3274,4658,4510,0,5
3275,4659,4511,0,2
3276,4661,4513,0,1
3277,4662,4514,0,2
3278,4663,4515,0,5
3279,4664,4516,0,2
3280,4665,4517,0,4
3281,4666,4518,0,2
3282,4667,4519,0,4
3283,4668,4520,0,5
3284,4669,4521,0,3
3285,4672,4524,1,5
3286,4673,4525,0,2
3287,4674,4526,0,1
3288,4677,4529,1,4
3289,4679,4531,0,2
3290,4681,4533,0,2
3291,4682,4534,0,4
3292,4683,4535,0,2
3293,4684,4536,0,5
3294,4686,4538,0,5
3295,4687,4533,0,2
3296,4689,4540,0,3
3297,4690,4541,0,3
3298,4691,4542,0,5
3299,4692,4543,0,3
3300,4695,4546,0,5
3301,4696,4547,0,5
3302,4697,4548,0,1
3303,4698,4549,0,2
3304,4699,4550,0,3
3305,4701,4552,0,5
3306,4702,4553,0,4
3307,4703,4554,0,1
3308,4704,4555,0,2
3309,4705,4556,0,2
3310,4707,4558,0,5
3311,4708,4559,0,1
3312,4710,4561,0,1
3313,4712,4563,0,4
3314,4713,4564,0,3
3315,4714,4565,0,3
3316,4715,4565,0,3
3317,4716,4566,0,5
3318,4717,4567,0,1
3319,4719,4569,0,3
3320,4721,4571,0,2
3321,4723,4573,0,4
3322,4725,4575,0,5
3323,4726,4576,0,4
3324,4727,4577,0,5
3325,4728,4578,0,5
3326,4729,4579,0,1
3327,4730,4533,0,2
3328,4731,4580,0,3
3329,4733,4582,0,4
3330,4737,4586,1,2
3331,4744,4592,0,1
3332,4746,4594,0,5
3333,4748,4596,0,4
3334,4752,4600,1,2
3335,4754,4602,0,3
3336,4757,4605,0,4
3337,4758,4606,0,4
3338,4762,4610,0,1
3339,4763,4611,0,4
3340,4764,4612,0,3
3341,4765,4613,0,1
3342,4766,4614,0,5
3343,4768,4616,0,5
3344,4769,4617,1,4
3345,4770,4618,0,2
3346,4775,4623,0,3
3347,4776,4624,0,5
3348,4777,4625,0,1
3349,4780,4628,0,3
3350,4781,4629,0,4
3351,4783,4631,0,2
3352,4784,4632,0,4
3353,4785,4633,0,2
3354,4786,4634,0,3
3355,4787,4635,0,4
3356,4788,4636,0,3
3357,4789,4637,0,3
3358,4790,4638,0,5
3359,4791,4639,0,4
3360,4796,4644,0,4
3361,4797,4645,0,2
3362,4798,4646,0,2
3363,4800,4648,0,1
3364,4801,4649,0,2
3365,4802,4650,0,1
3366,4803,4633,0,2
3367,4804,4651,0,2
3368,4808,4655,0,2
3369,4809,4656,0,3
3370,4811,4658,0,3
3371,4812,4659,0,1
3372,4813,4660,0,5
3373,4814,4661,0,4
3374,4816,4663,0,2
3375,4819,4666,0,5
3376,4820,4667,0,4
3377,4821,4668,0,1
3378,4823,4670,0,1
3379,4826,4673,0,3
3380,4828,4675,0,1
3381,4829,4676,0,2
3382,4830,4677,0,5
3383,4831,4678,0,4
3384,4832,4495,0,4
3385,4833,4679,0,4
3386,4834,4680,0,2
3387,4837,4683,0,2
3388,4838,4684,0,2
3389,4839,4685,0,3
3390,4842,4688,0,4
3391,4843,4689,0,4
3392,4844,4690,0,1
3393,4846,4692,0,1
3394,4847,4693,0,3
3395,4849,4695,0,3
3396,4850,4696,0,1
3397,4851,4697,1,2
3398,4853,4699,0,3
3399,4854,4700,0,1
3400,4855,4701,0,4
3401,4856,4702,0,3
3402,4858,4704,0,4
3403,4859,4705,0,1
3404,4861,4707,0,2
3405,4862,4708,0,2
3406,4863,4705,0,1
3407,4865,4710,0,5
3408,4867,4712,0,5
3409,4872,4717,1,1
3410,4873,4718,0,4
3411,4874,4719,0,5
3412,4875,4720,0,2
3413,4876,4721,0,5
3414,4877,4722,0,1
3415,4878,4723,0,5
3416,4879,4724,0,3
3417,4880,4725,1,2
3418,4882,4727,0,4
3419,4883,4728,0,4
3420,4885,4730,0,4
3421,4886,4731,0,4
3422,4889,4734,0,2
3423,4890,4735,0,4
3424,4891,4736,0,5
3425,4893,4738,0,5
3426,4895,4740,0,2
3427,4896,4741,0,3
3428,4897,4742,0,5
3429,4898,4743,0,3
3430,4899,4744,1,5
3431,4900,4745,0,4
3432,4901,4746,0,1
3433,4903,4748,0,1
3434,4904,4749,1,1
3435,4905,4750,0,1
3436,4906,4751,0,5
3437,4907,4752,0,3
3438,4909,4723,0,5
3439,4910,4754,0,3
3440,4913,4757,0,4
3441,4915,4759,0,4
3442,4916,4760,0,3
3443,4917,4761,0,5
3444,4918,4762,0,4
3445,4919,4763,0,2
3446,4920,4764,0,1
3447,4921,4765,0,3
3448,4922,4766,0,3
3449,4923,4767,0,4
3450,4926,4770,0,1
3451,4927,4771,0,1
3452,4929,4773,0,1
3453,4932,4775,0,3
3454,4934,4777,0,4
3455,4935,4778,0,5
3456,4936,4779,0,3
3457,4938,4781,0,1
3458,4939,4782,0,4
3459,4940,4783,0,2
3460,4941,4784,0,5
3461,4942,4785,0,5
3462,4943,4741,0,3
3463,4944,4786,0,5
3464,4945,4787,0,3
3465,4946,4788,0,4
3466,4947,4789,0,2
3467,4950,4792,0,4
3468,4951,4793,0,3
3469,4953,4795,0,4
3470,4954,4796,0,4
3471,4956,4798,0,5
3472,4957,4799,0,2
3473,4958,4800,0,5
3474,4959,4801,0,4
3475,4960,4802,0,5
3476,4962,4804,0,2
3477,4965,4807,0,5
3478,4966,4808,0,2
3479,4967,4809,0,5
3480,4968,4810,0,5
3481,4969,4811,0,4
3482,4971,4813,0,2
3483,4972,4814,0,3
3484,4973,4815,0,4
3485,4974,4816,0,5
3486,4975,4817,0,2
3487,4976,4818,0,5
3488,4977,4819,0,1
3489,4980,4822,0,3
3490,4981,4823,0,5
3491,4982,4824,1,4
3492,4983,4825,0,2
3493,4984,4826,0,2
3494,4985,4827,0,3
3495,4988,4830,0,2
3496,4989,4831,0,1
3497,4990,4832,0,5
3498,4991,4833,0,3
3499,4992,4834,0,2
3500,4993,4835,0,3
3501,4994,4836,0,5
3502,4995,4837,0,2
3503,4996,4838,0,4
3504,4999,4841,0,4
3505,5000,4842,0,2
3506,5002,4844,0,1
3507,5003,4845,0,5
3508,5004,4846,0,5
3509,5007,4849,1,2
3510,5008,4850,0,1
3511,5009,4851,0,1
3512,5010,4852,0,4
3513,5012,4854,0,4
3514,5013,4855,0,1
3515,5014,4856,0,3
3516,5016,4858,0,2
3517,5017,4859,0,4
3518,5019,4861,0,1
3519,5020,4862,0,3
3520,5021,4863,0,3
3521,5022,4864,0,3
3522,5023,4865,0,4
3523,5024,4866,0,5
3524,5025,4867,0,1
3525,5026,4868,0,1
3526,5028,4870,0,1
3527,5030,4872,0,4
3528,5033,4809,0,5
3529,5035,4876,0,2
3530,5037,4878,0,2
3531,5038,4879,0,5
3532,5040,4881,0,3
3533,5041,4882,0,5
3534,5042,4883,0,3
3535,5045,4886,0,3
3536,5046,4887,0,2
3537,5047,4888,0,2
3538,5048,4889,0,2
3539,5052,4893,0,5
3540,5054,4895,0,2
3541,5057,4898,0,2
3542,5060,4901,0,1
3543,5061,4902,0,4
3544,5062,4902,0,4
3545,5063,4903,0,4
3546,5067,4907,0,5
3547,5069,4909,0,1
3548,5070,4910,0,2
3549,5071,4911,0,1
3550,5073,4913,1,4
3551,5076,4916,0,3
3552,5078,4918,0,1
3553,5079,4919,0,1
3554,5080,4920,0,4
3555,5081,4921,0,2
3556,5082,4922,0,3
3557,5084,4924,1,3
3558,5085,4925,0,3
3559,5087,4927,0,2
3560,5088,4928,0,1
3561,5089,4929,0,5
3562,5090,4930,0,2
3563,5091,4931,0,2
3564,5092,4932,0,4
3565,5093,4933,0,3
3566,5094,4934,0,2
3567,5095,4935,0,3
3568,5096,4936,0,5
3569,5097,4937,0,3
3570,5098,4938,0,2
3571,5099,4939,0,1
3572,5100,4940,0,5
3573,5101,4941,0,2
3574,5103,4943,0,5
3575,5104,4944,0,1
3576,5105,4945,0,2
3577,5106,4946,0,2
3578,5107,4947,1,2
3579,5108,4948,0,3
3580,5109,4949,0,5
3581,5110,4950,0,3
3582,5111,4951,0,3
3583,5112,4952,1,1
3584,5113,4953,0,3
3585,5114,4954,0,1
3586,5115,4953,0,3
3587,5116,4955,0,3
3588,5118,4957,0,2
3589,5119,4958,0,5
3590,5121,4960,0,1
3591,5122,4961,0,5
3592,5123,4962,0,1
3593,5124,4963,0,3
3594,5126,4965,0,1
3595,5127,4966,0,5
3596,5128,4967,0,3
3597,5129,4968,0,5
3598,5130,4969,0,2
3599,5133,4971,0,4
3600,5135,4973,0,5
3601,5137,4975,0,2
3602,5138,4976,0,3
3603,5141,4979,0,5
3604,5143,4981,0,5
3605,5144,4982,0,5
3606,5147,4985,0,2
3607,5149,4986,0,3
3608,5151,4988,0,4
3609,5152,4989,0,5
3610,5154,4991,0,2
3611,5155,4992,0,2
3612,5158,4995,0,5
3613,5159,4996,0,2
3614,5160,4997,0,4
3615,5161,4998,0,1
3616,5162,4999,1,5
3617,5163,5000,0,3
3618,5164,5001,0,4
3619,5165,5002,0,4
3620,5167,4944,0,1
3621,5168,5004,0,4
3622,5169,5005,0,4
3623,5170,5006,0,2
3624,5171,5007,0,4
3625,5172,5008,0,2
3626,5173,5009,0,1
3627,5174,5010,1,5
3628,5178,5014,0,4
3629,5179,5015,0,5
3630,5180,5016,0,4
3631,5181,5017,0,2
3632,5182,5018,0,3
3633,5183,5019,0,1
3634,5185,5021,0,4
3635,5186,5022,0,4
3636,5189,5025,0,5
3637,5190,5026,0,5
3638,5192,5028,0,1
3639,5193,5029,0,2
3640,5196,5032,0,3
3641,5197,5033,0,1
3642,5198,5034,0,4
3643,5199,5035,0,4
3644,5203,5039,0,3
3645,5204,5040,0,5
3646,5205,5041,0,1
3647,5207,5043,0,1
3648,5208,5044,0,4
3649,5212,5048,0,2
3650,5214,5050,0,5
3651,5215,5051,0,3
3652,5216,5052,0,2
3653,5217,4981,0,5
3654,5218,5053,0,4
3655,5221,5056,0,4
3656,5222,5057,0,1
3657,5224,5059,0,2
3658,5225,5060,0,4
3659,5226,5061,0,2
3660,5227,5062,0,3
3661,5228,5063,0,5
3662,5230,5065,0,2
3663,5233,5068,0,1
3664,5234,5069,0,5
3665,5235,5070,0,2
3666,5236,5071,0,2
3667,5237,5072,0,2
3668,5239,5074,0,2
3669,5240,5075,0,5
3670,5241,5076,0,1
3671,5242,5077,0,1
3672,5243,5078,0,1
3673,5244,5079,0,1
3674,5246,5081,0,1
3675,5248,5083,0,4
3676,5249,5084,0,1
3677,5250,5085,0,1
3678,5251,5086,0,5
3679,5252,5087,0,2
3680,5254,5089,0,4
3681,5255,5090,0,3
3682,5256,5091,0,4
3683,5258,5093,0,5
3684,5260,5095,0,4
3685,5264,5099,0,2
3686,5265,5100,0,2
3687,5266,5101,0,1
3688,5267,5102,0,3
3689,5268,5103,0,4
3690,5269,5104,0,1
3691,5271,5106,0,4
3692,5273,5009,0,1
3693,5274,5108,0,1
3694,5275,5109,0,4
3695,5276,5110,0,5
3696,5277,5111,0,5
3697,5278,5112,0,4
3698,5279,5113,0,1
3699,5280,5114,0,3
3700,5281,5115,0,3
3701,5282,5116,0,4
3702,5283,5117,0,4
3703,5284,5118,0,2
3704,5285,5119,0,1
3705,5286,5120,0,1
3706,5288,5122,0,2
3707,5289,5123,0,1
3708,5290,5124,0,4
3709,5291,5125,0,2
3710,5293,5127,0,1
3711,5295,5129,0,4
3712,5296,5130,0,3
3713,5297,5131,0,2
3714,5298,5132,0,5
3715,5299,5133,0,1
3716,5300,5134,0,2
3717,5302,5136,0,3
3718,5304,5138,0,4
3719,5305,5139,0,2
3720,5306,5140,0,3
3721,5307,5141,0,1
3722,5308,5142,0,1
3723,5309,5143,0,1
3724,5310,5144,0,1
3725,5311,5145,0,5
3726,5312,5146,0,5
3727,5313,5147,0,4
3728,5315,5149,0,1
3729,5317,5151,0,4
3730,5319,5153,0,5
3731,5321,5155,0,1
3732,5322,5156,0,2
3733,5323,5157,0,1
3734,5324,5158,0,5
3735,5325,5159,0,2
3736,5327,5161,0,3
3737,5328,5162,0,5
3738,5330,5164,0,3
3739,5331,5165,0,1
3740,5332,5166,0,4
3741,5333,5167,0,1
3742,5334,5168,0,5
3743,5335,5169,0,5
3744,5336,5170,0,3
3745,5338,5172,0,3
3746,5339,5173,0,5
3747,5340,5174,0,2
3748,5341,5175,0,3
3749,5342,5176,0,4
3750,5344,5178,0,5
3751,5345,5179,0,3
3752,5348,5182,0,4
3753,5350,5184,0,2
3754,5351,5185,0,3
3755,5352,5186,0,4
3756,5353,5187,0,3
3757,5354,5188,0,1
3758,5355,5189,0,5
3759,5356,5190,0,1
3760,5357,5191,0,5
3761,5359,5193,0,4
3762,5360,5174,0,2
3763,5363,5196,1,3
3764,5364,5197,0,1
3765,5365,5198,0,3
3766,5366,5199,0,5
3767,5367,5200,0,2
3768,5368,5201,0,3
3769,5369,5202,0,3
3770,5370,5203,0,3
3771,5376,5209,0,4
3772,5378,5211,0,3
3773,5379,5212,0,5
3774,5380,5213,0,3
3775,5382,5215,0,5
3776,5383,5216,0,2
3777,5384,5217,1,5
3778,5386,5219,0,2
3779,5387,5220,0,2
3780,5388,5221,0,1
3781,5390,5223,0,4
3782,5391,5224,0,3
3783,5392,5225,0,1
3784,5393,5226,0,4
3785,5394,5227,0,1
3786,5397,5230,0,3
3787,5399,5232,0,3
3788,5401,5234,0,3
3789,5402,5235,0,2
3790,5403,5236,0,5
3791,5404,5237,0,3
3792,5405,5238,0,1
3793,5406,5239,0,4
3794,5407,5240,0,2
3795,5408,5241,0,4
3796,5410,5243,0,3
3797,5411,5244,0,3
3798,5412,5245,0,5
3799,5414,5247,0,3
3800,5415,5248,1,5
3801,5416,5249,0,3
3802,5417,5250,0,3
3803,5418,5251,0,5
3804,5419,5252,0,1
3805,5420,5253,0,3
3806,5421,5254,0,4
3807,5422,5255,0,2
3808,5423,5256,0,2
3809,5424,5257,0,4
3810,5425,5258,0,1
3811,5426,5259,0,5
3812,5427,5260,0,4
3813,5428,5261,0,1
3814,5429,5262,0,4
3815,5430,5263,0,4
3816,5431,5264,0,5
3817,5432,5265,0,5
3818,5435,5268,1,1
3819,5436,5269,0,1
3820,5437,5270,0,5
3821,5439,5272,0,1
3822,5440,5273,0,4
3823,5441,5274,0,4
3824,5443,5276,0,2
3825,5445,5278,0,2
3826,5446,5279,0,4
3827,5447,5280,0,2
3828,5448,5281,0,1
3829,5449,5282,0,1
3830,5450,5283,0,4
3831,5452,5285,0,2
3832,5453,5286,0,1
3833,5454,5287,0,5
3834,5455,5288,0,1
3835,5459,5292,0,2
3836,5460,5293,0,1
3837,5461,5294,0,1
3838,5462,5295,0,2
3839,5464,5297,0,3
3840,5465,5298,0,5
3841,5466,5299,0,5
3842,5468,5301,0,5
3843,5471,5304,0,3
3844,5472,5305,0,4
3845,5474,5307,0,1
3846,5475,5308,0,2
3847,5476,5309,0,4
3848,5477,5310,0,3
3849,5478,5311,0,3
3850,5479,5312,0,5
3851,5481,5314,0,5
3852,5483,5316,0,3
3853,5484,5317,0,2
3854,5485,5318,0,5
3855,5486,5319,0,4
3856,5488,1988,0,2
3857,5490,5322,0,5
3858,5491,5323,0,2
3859,5493,5325,0,4
3860,5494,5326,0,3
3861,5496,5328,0,4
3862,5498,5330,0,4
3863,5499,5331,0,3
3864,5502,71,0,4
3865,5504,5335,0,5
3866,5505,5336,0,2
3867,5506,5337,0,3
3868,5509,5340,0,1
3869,5510,44,0,1
3870,5511,5341,0,4
3871,5512,5342,0,5
3872,5513,5343,0,3
3873,5516,5345,0,4
3874,5517,5346,0,4
3875,5518,5347,0,5
3876,5520,5349,0,4
3877,5521,5350,0,3
3878,5523,5352,0,2
3879,5524,5353,0,1
3880,5525,5354,0,1
3881,5527,5356,0,1
3882,5528,5357,0,2
3883,5530,5359,0,5
3884,5531,5360,0,5
3885,5532,5361,0,3
3886,5533,5362,0,4
3887,5534,5363,0,3
3888,5535,5364,0,3
3889,5536,5365,0,5
3890,5537,5366,0,4
3891,5538,5367,0,1
3892,5540,5369,0,2
3893,5541,5370,0,1
3894,5542,5371,0,3
3895,5544,5373,0,1
3896,5545,1993,0,1
3897,5548,171,0,4
3898,5549,5376,0,3
3899,5550,5377,1,5
3900,5551,5378,0,4
3901,5552,5379,0,5
3902,5553,5380,0,3
3903,5554,5381,0,2
3904,5555,5382,0,2
3905,5556,5383,0,1
3906,5557,5384,0,3
3907,5558,5385,0,5
3908,5559,5386,0,1
3909,5560,5387,0,4
3910,5561,5386,0,1
3911,5565,5390,0,4
3912,5566,2044,0,2
3913,5567,5391,0,2
3914,5568,5392,0,2
3915,5569,5393,0,4
3916,5570,5394,0,2
3917,5571,5395,0,4
3918,5573,5397,0,3
3919,5576,5399,0,4
3920,5577,2051,0,2
3921,5580,61,0,5
3922,5581,2050,0,5
3923,5582,5402,0,4
3924,5583,5403,0,3
3925,5584,5404,0,4
3926,5585,5405,0,5
3927,5586,5406,0,4
3928,5587,5407,0,4
3929,5588,5357,0,2
3930,5589,5408,0,2
3931,5591,5410,0,1
3932,5595,5413,0,3
3933,5596,5414,0,4
3934,5598,5416,0,1
3935,5599,5417,0,3
3936,5600,5418,0,4
3937,5601,5419,0,5
3938,5602,5420,0,5
3939,5603,5421,0,1
3940,5604,5422,0,1
3941,5605,5423,0,1
3942,5606,5424,0,1
3943,5607,5425,0,1
3944,5608,5426,0,3
3945,5611,5429,0,1
3946,5612,5430,0,4
3947,5613,5431,1,5
3948,5615,5433,0,5
3949,5620,76,0,1
3950,5622,5438,0,4
3951,5625,5441,0,5
3952,5626,5442,0,4
3953,5627,5443,0,3
3954,5628,5444,0,1
3955,5629,5445,0,1
3956,5630,5446,0,1
3957,5633,5449,0,2
3958,5634,5450,0,3
3959,5636,5452,1,4
3960,5637,5453,0,3
3961,5639,5455,0,1
3962,5640,5456,0,2
3963,5641,5457,0,4
3964,5643,5459,0,4
3965,5645,5461,0,2
3966,5646,5462,0,1
3967,5647,5463,0,5
3968,5649,5465,0,4
3969,5652,5468,1,3
3970,5654,5470,0,2
3971,5655,5471,0,2
3972,5656,5472,0,4
3973,5657,5473,0,1
3974,5658,5474,0,4
3975,5659,5475,0,4
3976,5660,5476,0,2
3977,5661,5477,0,4
3978,5664,5480,0,1
3979,5666,5482,0,2
3980,5668,5484,0,1
3981,5669,5485,0,1
3982,5674,5490,0,3
3983,5675,5491,0,4
3984,5676,5492,0,3
3985,5677,5493,0,3
3986,5680,5496,0,2
3987,5681,5497,0,1
3988,5682,5498,0,3
3989,5683,5499,0,5
3990,5685,5501,0,1
3991,5686,5502,0,3
3992,5688,5504,0,2
3993,5689,5505,0,4
3994,5691,5507,0,3
3995,5692,5508,0,2
3996,5693,5509,0,1
3997,5694,5510,0,2
3998,5695,5511,0,4
3999,5696,5512,0,1
4000,5698,5514,0,3
4001,5699,5515,1,5
4002,5700,5516,0,1
4003,5704,5520,0,4
4004,5706,5522,0,3
4005,5708,5524,0,3
4006,5709,287,0,1
4007,5710,5525,0,1
4008,5711,5526,0,5
4009,5713,5528,0,5
4010,5716,5446,0,1
4011,5717,5531,0,5
4012,5718,5532,0,2
4013,5723,5537,0,3
4014,5724,5538,0,4
4015,5725,5539,0,5
4016,5726,5540,0,5
4017,5728,5542,0,4
4018,5729,5543,0,5
4019,5732,5546,0,5
4020,5733,39,0,3
4021,5735,5548,0,5
4022,5736,5549,0,5
4023,5737,5550,0,1
4024,5741,5554,0,1
4025,5742,5555,0,5
4026,5743,5456,0,2
4027,5745,5557,0,3
4028,5747,5559,0,3
4029,5750,5562,0,3
4030,5751,5563,0,5
4031,5753,5565,0,1
4032,5754,5566,0,4
4033,5755,5567,0,3
4034,5756,5568,0,3
4035,5757,5569,0,2
4036,5758,5570,0,3
4037,5759,5570,0,3
4038,5761,5572,0,4
4039,5762,5573,0,3
4040,5764,5575,0,3
4041,5765,5576,0,5
4042,5769,5580,0,2
4043,5770,5581,0,4
4044,5771,5582,0,4
4045,5772,5583,0,5
4046,5773,5584,0,5
4047,5775,5586,0,2
4048,5776,5587,0,2
4049,5777,5588,0,4
4050,5778,2036,0,3
4051,5779,5589,0,3
4052,5780,5590,1,2
4053,5786,5596,0,4
4054,5787,5597,0,2
4055,5788,5598,0,4
4056,5789,5599,0,4
4057,5790,5600,0,2
4058,5792,257,0,3
4059,5793,5602,0,1
4060,5796,5604,0,3
4061,5797,5605,0,1
4062,5798,5606,0,2
4063,5801,5609,0,1
4064,5805,5613,0,4
4065,5807,5615,0,2
4066,5808,5616,0,1
4067,5809,5617,0,3
4068,5810,5618,0,4
4069,5811,5619,0,5
4070,5812,5620,0,3
4071,5815,5622,0,5
4072,5816,5623,0,5
4073,5818,5625,1,5
4074,5820,5627,0,2
4075,5821,5628,0,5
4076,5822,5629,0,2
4077,5824,5631,0,4
4078,5825,5632,0,4
4079,5826,5633,0,2
4080,5830,345,0,4
4081,5832,5638,0,4
4082,5833,5639,0,4
4083,5835,5641,0,3
4084,5836,5642,0,4
4085,5837,5643,0,3
4086,5838,5644,0,5
4087,5839,5645,0,5
4088,5840,5646,0,4
4089,5841,5647,0,5
4090,5842,5648,0,4
4091,5844,5650,0,5
4092,5845,5651,0,5
4093,5846,5652,0,4
4094,5847,1996,0,2
4095,5848,287,0,1
4096,5849,5653,0,4
4097,5850,5654,1,1
4098,5851,5655,0,5
4099,5852,5656,1,1
4100,5853,5657,0,5
4101,5855,5659,0,4
4102,5858,5662,0,1
4103,5859,5663,0,5
4104,5860,5664,0,5
4105,5861,5665,0,4
4106,5862,5666,0,1
4107,5864,5668,0,2
4108,5865,5669,0,3
4109,5866,5670,0,1
4110,5867,5671,0,1
4111,5868,5672,0,4
4112,5869,5673,0,3
4113,5870,5674,0,4
4114,5872,5676,0,3
4115,5873,5677,0,1
4116,5875,5679,0,1
4117,5877,5681,0,1
4118,5878,5682,0,4
4119,5879,5683,0,4
4120,5880,5684,0,4
4121,5882,5686,0,2
4122,5883,5687,0,2
4123,5884,5688,0,3
4124,5885,5689,0,4
4125,5886,5690,0,4
4126,5887,5691,0,1
4127,5888,5692,0,3
4128,5889,5693,0,2
4129,5890,5694,0,2
4130,5891,5695,0,5
4131,5893,5697,0,4
4132,5894,5698,0,1
4133,5895,5699,0,5
4134,5896,5700,0,4
4135,5897,5701,0,2
4136,5902,5706,0,1
4137,5903,5707,0,5
4138,5904,5708,0,1
4139,5905,5709,0,2
4140,5906,5710,0,3
4141,5908,2092,0,5
4142,5909,5712,0,4
4143,5910,5713,0,1
4144,5911,5714,0,5
4145,5913,5716,0,3
4146,5914,5717,0,4
4147,5916,5719,0,5
4148,5918,5721,0,4
4149,5920,5723,0,5
4150,5922,5725,0,3
4151,5923,5726,0,3
4152,5926,5729,0,5
4153,5927,5730,0,5
4154,5928,5731,0,4
4155,5929,5732,0,4
4156,5930,5733,0,2
4157,5931,5734,0,3
4158,5932,5735,0,1
4159,5933,5736,0,2
4160,5934,5737,0,3
4161,5936,5739,0,3
4162,5937,5740,0,4
4163,5940,5743,0,3
4164,5941,5744,0,2
4165,5943,621,0,5
4166,5944,5746,0,5
4167,5945,5747,0,2
4168,5946,5748,0,4
4169,5947,5749,0,3
4170,5949,5751,0,4
4171,5951,5753,0,1
4172,5952,5754,0,4
4173,5953,5755,0,2
4174,5954,5756,0,3
4175,5955,5757,0,5
4176,5956,5758,0,4
4177,5957,5759,0,4
4178,5958,5760,0,2
4179,5959,5761,0,2
4180,5960,5762,0,1
4181,5963,5764,0,3
4182,5964,5765,0,5
4183,5965,5766,0,3
4184,5966,5767,0,3
4185,5967,5768,0,4
4186,5968,5769,0,1
4187,5969,5770,0,4
4188,5970,5771,0,5
4189,5971,5772,0,2
4190,5973,5774,0,1
4191,5975,5776,0,4
4192,5976,409,0,3
4193,5977,5777,0,3
4194,5978,5778,1,2
4195,5979,5779,0,2
4196,5980,5780,0,2
4197,5981,5781,0,1
4198,5982,5782,0,3
4199,5984,5784,0,1
4200,5985,5785,0,5
4201,5987,5787,0,3
4202,5988,5788,0,4
4203,5991,5791,0,2
4204,5992,5792,0,4
4205,5993,5793,0,1
4206,5994,5794,0,1
4207,5995,5795,0,1
4208,5996,5796,0,2
4209,5997,5797,0,1
4210,5998,5798,1,2
4211,6001,5801,0,4
4212,6002,5802,0,2
4213,6003,5803,0,1
4214,6004,5804,0,1
4215,6005,5805,0,5
4216,6006,5806,0,1
4217,6007,5807,0,2
4218,6008,5808,0,1
4219,6009,5809,0,1
4220,6011,5811,0,4
4221,6012,5812,0,1
4222,6014,5814,0,5
4223,6015,5815,0,3
4224,6017,5817,0,3
4225,6021,5820,0,2
4226,6022,5821,0,5
4227,6023,5822,0,4
4228,6024,5823,0,2
4229,6025,5824,0,4
4230,6026,5825,0,3
4231,6027,5826,0,4
4232,6028,5827,0,4
4233,6029,5828,0,4
4234,6031,5829,0,3
4235,6032,5830,0,2
4236,6034,5832,0,5
4237,6036,5834,0,4
4238,6037,5835,0,1
4239,6038,5836,0,2
4240,6039,5837,0,1
4241,6040,5838,0,2
4242,6041,5839,0,4
4243,6042,5840,0,2
4244,6043,5841,0,1
4245,6046,5844,0,2
4246,6047,5845,0,4
4247,6050,5848,0,4
4248,6051,5849,0,3
4249,6054,5852,0,1
4250,6056,5844,0,2
4251,6057,5854,0,2
4252,6058,5855,0,5
4253,6060,5857,0,3
4254,6061,5858,0,3
4255,6063,5860,0,5
4256,6064,5861,0,3
4257,6065,5862,0,2
4258,6066,5863,0,1
4259,6067,5864,0,5
4260,6068,5865,0,1
4261,6069,5866,0,5
4262,6071,5868,0,3
4263,6072,5869,0,5
4264,6073,451,0,5
4265,6074,5870,0,2
4266,6075,5871,0,4
4267,6076,5872,0,5
4268,6077,5873,0,1
4269,6078,5874,0,1
4270,6079,5875,0,2
4271,6080,5876,0,3
4272,6081,5877,0,1
4273,6086,5882,0,1
4274,6088,5884,0,4
4275,6092,5888,0,2
4276,6094,5890,0,3
4277,6096,5891,0,4
4278,6097,588,0,5
4279,6100,5894,0,3
4280,6102,5896,0,1
4281,6103,5897,0,1
4282,6104,5898,1,2
4283,6105,5899,0,5
4284,6107,5901,0,2
4285,6108,5902,0,2
4286,6110,5904,0,5
4287,6111,5905,0,4
4288,6112,5906,0,3
4289,6113,5907,0,2
4290,6114,5908,0,3
4291,6115,5909,0,4
4292,6116,5910,0,2
4293,6117,5911,0,2
4294,6118,5912,0,3
4295,6121,5915,0,5
4296,6124,5918,0,4
4297,6125,5919,0,3
4298,6126,5920,0,2
4299,6127,5921,0,4
4300,6128,5922,0,1
4301,6129,5923,0,3
4302,6130,5924,0,5
4303,6131,5857,0,3
4304,6132,5925,0,1
4305,6135,5928,0,5
4306,6136,5929,0,1
4307,6139,5932,0,5
4308,6140,5933,0,3
4309,6141,5934,0,3
4310,6143,5936,1,2
4311,6145,5938,0,3
4312,6146,5939,0,3
4313,6147,5940,0,2
4314,6148,5941,0,1
4315,6149,5942,0,2
4316,6150,5943,0,2
4317,6151,5944,0,5
4318,6152,5945,0,4
4319,6156,5949,0,4
4320,6157,5950,0,5
4321,6158,5951,0,2
4322,6159,5952,0,3
4323,6160,5953,0,5
4324,6161,5954,0,5
4325,6163,5956,0,2
4326,6164,5957,1,4
4327,6165,5958,0,4
4328,6166,5959,0,5
4329,6168,5961,0,4
4330,6169,5962,0,3
4331,6171,5964,0,3
4332,6174,5967,0,3
4333,6175,5968,0,4
4334,6176,5969,0,1
4335,6178,5971,0,3
4336,6179,5972,0,2
4337,6180,5973,0,2
4338,6181,5974,0,1
4339,6182,5975,0,1
4340,6183,5976,0,5
4341,6184,5977,0,1
4342,6185,5978,0,5
4343,6186,5979,0,5
4344,6187,5980,0,3
4345,6188,5981,0,1
4346,6190,5983,0,2
4347,6192,5985,0,2
4348,6193,5986,0,3
4349,6194,5987,0,4
4350,6195,5936,0,2
4351,6196,5988,0,5
4352,6197,5989,0,2
4353,6198,5990,0,2
4354,6200,5992,0,5
4355,6201,5993,0,1
4356,6202,5994,0,4
4357,6204,5995,0,5
4358,6205,5996,0,4
4359,6206,5997,0,1
4360,6207,5739,0,3
4361,6210,6000,0,1
4362,6212,6002,0,5
4363,6216,6006,0,2
4364,6217,6007,0,3
4365,6218,6008,0,2
4366,6219,6009,0,1
4367,6220,6010,0,2
4368,6222,6012,0,2
4369,6223,6013,0,3
4370,6224,6014,0,1
4371,6225,6015,0,2
4372,6226,6016,0,5
4373,6228,6018,0,3
4374,6229,6019,0,5
4375,6230,6020,0,1
4376,6231,6021,0,5
4377,6232,6022,0,3
4378,6233,6023,0,2
4379,6234,6024,0,2
4380,6235,6025,0,3
4381,6236,6026,0,2
4382,6240,6030,0,1
4383,6241,6031,0,5
4384,6242,6032,0,1
4385,6245,6035,0,4
4386,6246,6036,0,3
4387,6247,6037,0,3
4388,6248,6038,0,5
4389,6249,6039,0,4
4390,6250,6040,0,4
4391,6251,6041,0,3
4392,6252,689,0,5
4393,6253,6042,0,3
4394,6256,6045,0,5
4395,6258,6047,0,4
4396,6261,5971,0,3
4397,6262,6050,0,1
4398,6264,6052,0,4
4399,6265,6053,0,1
4400,6266,6054,0,1
4401,6267,6055,0,2
4402,6268,6056,0,1
4403,6269,6057,0,2
4404,6270,6058,0,1
4405,6271,6059,0,5
4406,6272,6060,0,5
4407,6273,6061,0,5
4408,6274,6062,0,1
4409,6275,6063,0,2
4410,6276,6064,0,5
4411,6277,6065,0,3
4412,6278,6066,0,5
4413,6279,6067,0,3
4414,6281,6069,0,3
4415,6283,6071,0,5
4416,6285,6073,0,1
4417,6286,6074,0,4
4418,6287,6075,0,2
4419,6288,6076,0,1
4420,6289,6077,0,2
4421,6290,6078,0,2
4422,6291,6079,0,2
4423,6293,6081,0,5
4424,6294,6082,0,5
4425,6296,6084,0,4
4426,6297,6085,0,5
4427,6298,6086,0,3
4428,6300,718,0,2
4429,6301,6088,0,2
4430,6302,6089,0,3
4431,6305,6092,0,3
4432,6306,6093,0,5
4433,6307,6094,0,5
4434,6309,6096,0,3
4435,6310,6097,0,5
4436,6312,6099,0,2
4437,6318,6105,0,4
4438,6319,6106,0,2
4439,6320,6107,0,3
4440,6323,6110,0,1
4441,6324,6111,0,2
4442,6325,6112,0,2
4443,6326,6113,0,5
4444,6327,6114,0,5
4445,6328,6115,0,2
4446,6330,6117,0,4
4447,6331,6118,0,5
4448,6332,6119,0,1
4449,6333,6120,0,1
4450,6334,6121,0,4
4451,6335,6122,0,3
4452,6337,6124,0,1
4453,6338,6125,0,4
4454,6340,6127,0,3
4455,6343,6129,0,3
4456,6344,6130,0,2
4457,6345,6131,0,5
4458,6347,6133,0,3
4459,6348,6134,0,2
4460,6349,6135,0,4
4461,6350,6136,0,4
4462,6351,6137,0,2
4463,6352,6138,0,4
4464,6353,6139,0,1
4465,6355,6141,0,2
4466,6357,6143,0,1
4467,6358,6144,0,1
4468,6359,6145,0,2
4469,6360,6146,0,5
4470,6361,6147,0,2
4471,6362,6148,1,5
4472,6363,6149,0,1
4473,6365,6151,0,2
4474,6368,6154,0,4
4475,6369,6021,0,5
4476,6372,6157,0,3
4477,6373,6158,0,1
4478,6374,6159,0,5
4479,6375,6160,0,4
4480,6376,6161,0,1
4481,6377,6162,0,2
4482,6378,6163,0,2
4483,6381,6166,0,5
4484,6383,6168,0,4
4485,6385,6170,0,2
4486,6386,6171,0,5
4487,6387,6172,0,1
4488,6389,6174,0,3
4489,6390,6175,0,1
4490,6391,6176,0,5
4491,6392,6177,0,5
4492,6393,6178,0,2
4493,6394,6179,0,4
4494,6395,6180,0,4
4495,6396,6181,0,1
4496,6397,6182,0,3
4497,6398,6183,0,2
4498,6399,6184,0,1
4499,6402,6187,0,5
4500,6403,6188,0,5
4501,6404,6189,0,5
4502,6405,6190,0,4
4503,6406,6191,0,3
4504,6407,6192,0,1
4505,6410,6195,0,2
4506,6411,6196,0,4
4507,6412,6197,0,1
4508,6413,6198,0,3
4509,6414,6199,0,3
4510,6415,6200,0,4
4511,6416,6201,0,1
4512,6417,6202,0,5
4513,6418,6203,0,4
4514,6420,6205,0,4
4515,6421,6206,0,3
4516,6422,6207,0,4
4517,6424,6209,0,5
4518,6425,6210,0,2
4519,6426,6211,0,1
4520,6428,6213,0,1
4521,6429,6214,0,5
4522,6430,6215,0,4
4523,6431,6216,0,3
4524,6432,6217,0,4
4525,6434,6219,0,3
4526,6435,6220,0,4
4527,6436,6221,0,3
4528,6438,6223,0,2
4529,6440,6225,0,4
4530,6441,6226,0,2
4531,6442,6227,0,5
4532,6443,6228,0,2
4533,6444,6229,0,1
4534,6446,6231,0,5
4535,6448,6233,0,3
4536,6449,6234,0,1
4537,6451,6236,0,2
4538,6452,6237,0,3
4539,6453,6238,0,3
4540,6454,6239,0,4
4541,6455,6240,0,5
4542,6458,6243,0,1
4543,6459,6244,0,1
4544,6460,6245,0,3
4545,6462,6247,0,3
4546,6463,6248,0,3
4547,6464,6249,0,1
4548,6466,6251,1,2
4549,6467,6252,0,1
4550,6469,6254,0,4
4551,6470,6255,0,1
4552,6475,6260,0,4
4553,6476,6261,0,3
4554,6477,6262,0,3
4555,6478,6263,0,1
4556,6479,6264,0,4
4557,6480,6265,0,3
4558,6481,6266,0,1
4559,6483,6268,0,4
4560,6484,6269,0,5
4561,6486,6271,0,1
4562,6491,6276,0,3
4563,6492,6277,0,4
4564,6493,6278,0,4
4565,6494,6279,0,2
4566,6495,6280,0,3
4567,6497,6282,0,3
4568,6498,6283,0,4
4569,6499,6284,0,4
4570,6501,6286,0,4
4571,6502,6287,0,5
4572,6504,6289,0,3
4573,6505,6290,0,4
4574,6506,6291,0,5
4575,6507,6292,0,4
4576,6509,6294,0,1
4577,6513,6298,0,1
4578,6517,6301,0,4
4579,6518,6302,0,3
4580,6520,6304,1,2
4581,6521,6305,0,5
4582,6523,6307,0,3
4583,6524,6308,0,5
4584,6525,6309,0,2
4585,6527,6311,0,5
4586,6528,6312,0,3
4587,6530,6314,0,1
4588,6532,6316,0,5
4589,6533,6317,0,5
4590,6534,6318,0,3
4591,6535,6319,0,2
4592,6536,6320,0,5
4593,6537,6321,0,2
4594,6539,6323,0,2
4595,6541,6325,0,2
4596,6542,6326,0,2
4597,6543,6327,0,2
4598,6544,6328,0,3
4599,6546,6330,0,2
4600,6549,6333,0,3
4601,6551,6335,0,2
4602,6552,6336,0,5
4603,6553,6337,0,5
4604,6554,6338,0,2
4605,6555,6339,0,2
4606,6556,6340,0,3
4607,6557,6341,0,1
4608,6558,6342,0,3
4609,6559,6343,0,3
4610,6560,6344,0,4
4611,6562,6346,0,2
4612,6564,6348,0,2
4613,6565,6349,0,5
4614,6567,6351,0,1
4615,6569,6353,0,3
4616,6570,6354,0,4
4617,6573,6357,0,4
4618,6574,6358,0,3
4619,6575,6359,0,1
4620,6576,6360,0,2
4621,6577,6361,0,3
4622,6579,6363,0,1
4623,6580,6364,0,1
4624,6582,6360,0,2
4625,6583,6366,0,4
4626,6584,6367,0,5
4627,6586,6369,0,2
4628,6587,6370,0,1
4629,6588,6371,0,2
4630,6591,6374,0,2
4631,6592,6375,0,4
4632,6593,6376,0,1
4633,6594,6377,0,4
4634,6595,6378,0,3
4635,6598,6380,0,4
4636,6600,6382,0,5
4637,6601,6383,0,4
4638,6602,6384,0,5
4639,6603,6385,0,2
4640,6606,6388,1,2
4641,6607,6389,0,1
4642,6608,6390,0,5
4643,6609,6391,0,1
4644,6611,6392,0,5
4645,6613,6394,0,2
4646,6614,6395,0,4
4647,6615,6396,0,5
4648,6617,6398,0,4
4649,6618,6399,0,3
4650,6619,6400,0,5
4651,6621,6402,0,1
4652,6624,6405,0,3
4653,6625,6406,0,5
4654,6626,6407,0,3
4655,6627,6408,0,5
4656,6630,6411,0,3
4657,6631,6412,0,4
4658,6632,6413,0,2
4659,6633,6414,0,2
4660,6635,6416,0,5
4661,6636,6417,0,5
4662,6637,6418,0,5
4663,6638,6419,0,3
4664,6641,6422,0,3
4665,6642,6423,0,4
4666,6646,6427,0,5
4667,6647,6428,0,4
4668,6648,6429,1,1
4669,6649,6430,0,5
4670,6650,6214,0,5
4671,6651,6431,0,1
4672,6652,6432,0,3
4673,6654,6434,0,2
4674,6655,6435,0,3
4675,6656,6436,0,4
4676,6657,6437,0,1
4677,6658,6438,0,5
4678,6659,6439,0,4
4679,6661,6441,0,2
4680,6662,6442,1,5
4681,6663,6443,0,4
4682,6664,6444,0,5
4683,6667,6447,0,4
4684,6668,6448,0,4
4685,6669,6449,0,3
4686,6670,6450,0,1
4687,6671,6451,0,1
4688,6672,6452,0,3
4689,6673,6453,0,2
4690,6674,6454,0,4
4691,6675,6455,0,1
4692,6676,6456,0,4
4693,6677,6457,0,1
4694,6679,6459,0,3
4695,6680,6460,0,2
4696,6682,6462,0,4
4697,6683,6463,0,5
4698,6684,6464,0,2
4699,6685,6465,0,5
4700,6686,6466,0,1
4701,6688,6468,0,4
4702,6691,6471,0,1
4703,6692,6472,0,3
4704,6693,6473,0,3
4705,6694,6474,0,1
4706,6695,6475,1,4
4707,6696,6476,0,3
4708,6698,6478,0,1
4709,6699,6479,0,4
4710,6700,6480,0,2
4711,6701,6481,0,3
4712,6702,6482,0,5
4713,6704,6484,0,4
4714,6711,6491,0,5
4715,6712,6492,0,2
4716,6716,6496,0,3
4717,6717,6497,0,4
4718,6718,6498,0,3
4719,6719,6499,0,5
4720,6722,6501,0,3
4721,6723,6502,0,4
4722,6728,6507,0,1
4723,6731,6510,0,4
4724,6732,6511,0,3
4725,6733,6512,0,2
4726,6735,6514,0,1
4727,6736,6515,0,5
4728,6739,6518,0,4
4729,6741,6520,0,5
4730,6742,6521,0,1
4731,6743,6522,0,2
4732,6744,6523,0,1
4733,6747,6526,0,3
4734,6749,6528,0,4
4735,6750,6396,0,5
4736,6751,6529,0,3
4737,6753,6531,0,1
4738,6754,6532,0,4
4739,6755,6533,0,5
4740,6757,6535,0,5
4741,6758,6536,0,5
4742,6759,6537,0,3
4743,6760,6538,0,3
4744,6763,6541,0,2
4745,6764,6542,0,5
4746,6765,6543,0,4
4747,6766,6544,0,2
4748,6767,6545,0,1
4749,6768,6546,0,4
4750,6769,6547,0,3
4751,6771,6549,0,5
4752,6772,6550,0,4
4753,6773,6551,0,1
4754,6774,6552,0,4
4755,6775,6553,0,5
4756,6776,6554,0,2
4757,6777,6555,0,1
4758,6778,6556,0,3
4759,6780,6558,0,4
4760,6781,6559,0,1
4761,6783,6561,0,5
4762,6784,6562,0,2
4763,6785,6563,0,2
4764,6786,6564,0,5
4765,6789,6567,0,4
4766,6790,6568,0,2
4767,6792,6570,0,4
4768,6793,6571,0,3
4769,6794,6572,0,2
4770,6795,6573,0,2
4771,6797,6575,0,5
4772,6798,6576,0,1
4773,6799,6577,0,4
4774,6800,6578,0,3
4775,6801,6579,0,5
4776,6802,6580,0,3
4777,6803,6581,0,3
4778,6806,6418,0,5
4779,6809,6586,0,2
4780,6810,6587,0,4
4781,6811,6588,0,5
4782,6814,6591,0,1
4783,6815,6592,0,4
4784,6817,6594,0,3
4785,6818,6595,0,4
4786,6819,6596,0,2
4787,6820,6597,0,2
4788,6821,6598,0,5
4789,6822,6599,0,5
4790,6823,6600,0,3
4791,6824,6601,0,2
4792,6825,6602,0,1
4793,6826,6603,0,3
4794,6827,6604,0,2
4795,6828,6605,0,3
4796,6829,6606,0,5
4797,6830,6607,0,1
4798,6831,6608,0,2
4799,6832,6609,0,1
4800,6833,6610,0,1
4801,6834,6611,0,3
4802,6835,6612,0,4
4803,6836,6613,0,1
4804,6838,6615,0,1
4805,6840,6617,0,2
4806,6841,6618,0,3
4807,6842,6619,0,5
4808,6843,6620,0,5
4809,6844,6621,0,4
4810,6845,6622,0,2
4811,6846,6623,0,3
4812,6847,6624,0,3
4813,6848,6625,0,3
4814,6849,6626,0,4
4815,6850,6627,0,1
4816,6852,6629,0,4
4817,6853,6630,0,3
4818,6854,6631,0,4
4819,6855,6632,0,5
4820,6859,6636,0,5
4821,6860,6637,1,1
4822,6861,6638,0,2
4823,6862,6639,0,4
4824,6863,6640,0,3
4825,6864,6641,0,5
4826,6865,6642,0,1
4827,6866,6643,0,2
4828,6867,6644,0,5
4829,6868,6645,0,3
4830,6869,6646,0,2
4831,6870,6647,0,4
4832,6871,6648,0,1
4833,6872,6649,0,3
4834,6873,6650,0,3
4835,6874,6651,0,3
4836,6878,6655,0,3
4837,6879,6656,0,3
4838,6880,6657,0,5
4839,6885,6662,0,2
4840,6886,6663,0,3
4841,6887,6664,0,5
4842,6888,6665,0,3
4843,6890,6667,0,2
4844,6892,6669,0,1
4845,6893,6670,0,1
4846,6894,6671,0,4
4847,6895,6672,0,1
4848,6897,6674,0,5
4849,6898,3220,0,4
4850,6899,6675,0,3
4851,6901,6677,1,5
4852,6902,6678,0,5
4853,6903,6679,0,1
4854,6906,6682,0,3
4855,6907,6683,0,1
4856,6908,6684,0,3
4857,6909,6685,0,3
4858,6911,6687,0,2
4859,6912,6688,0,4
4860,6913,6689,0,4
4861,6914,6690,0,1
4862,6915,6691,0,4
4863,6916,6692,0,1
4864,6917,6693,0,4
4865,6918,6694,0,3
4866,6920,6696,0,3
4867,6922,6698,0,2
4868,6924,6700,0,2
4869,6925,6701,0,5
4870,6927,6703,0,1
4871,6928,6704,0,3
4872,6929,6705,0,4
4873,6930,6706,0,5
4874,6931,6707,0,3
4875,6932,6708,0,2
4876,6933,6709,0,3
4877,6936,6711,0,2
4878,6937,6712,1,1
4879,6939,6714,0,1
4880,6942,6717,0,3
4881,6943,6718,0,2
4882,6944,6691,0,4
4883,6945,6719,0,4
4884,6946,3299,0,2
4885,6947,6720,0,4
4886,6948,6721,0,1
4887,6949,6722,0,2
4888,6950,6723,0,3
4889,6951,6724,0,2
4890,6955,6728,0,1
4891,6956,6729,0,2
4892,6958,6731,0,4
4893,6959,6732,1,2
4894,6960,6733,0,2
4895,6961,6734,0,2
4896,6962,6735,0,4
4897,6964,6737,0,5
4898,6966,6739,0,5
4899,6968,6741,0,3
4900,6969,6742,0,2
4901,6971,6744,0,3
4902,6972,6745,0,3
4903,6973,6746,0,5
4904,6974,6747,0,5
4905,6975,6748,0,2
4906,6976,6749,0,3
4907,6977,6750,0,4
4908,6980,6752,0,5
4909,6981,6753,0,4
4910,6982,6754,1,1
4911,6983,6755,0,5
4912,6984,6756,0,1
4913,6986,6758,0,2
4914,6987,6691,0,4
4915,6989,6760,0,2
4916,6990,6761,0,4
4917,6991,6762,0,1
4918,6992,6763,0,4
4919,6993,6764,0,4
4920,6994,6765,0,4
4921,6995,6766,0,5
4922,6996,6767,0,2
4923,6997,6768,0,2
4924,7000,6771,0,1
4925,7001,6772,0,4
4926,7002,6773,0,3
4927,7003,6774,0,2
4928,7004,6775,0,1
4929,7005,6776,0,1
4930,7006,6777,0,2
4931,7008,6779,0,2
4932,7009,6780,1,3
4933,7010,6781,0,2
4934,7011,6782,0,3
4935,7012,6783,0,5
4936,7013,6784,0,2
4937,7014,6785,0,4
4938,7015,6786,0,3
4939,7016,6787,0,3
4940,7017,3185,0,4
4941,7018,6788,0,3
4942,7019,6789,0,1
4943,7020,6790,0,5
4944,7022,6792,0,4
4945,7024,6794,0,4
4946,7025,6795,0,5
4947,7026,6796,0,4
4948,7028,3041,0,2
4949,7029,6798,0,5
4950,7030,6799,0,2
4951,7031,3277,0,2
4952,7032,6800,0,5
4953,7035,6803,0,4
4954,7036,6804,0,2
4955,7037,6805,0,5
4956,7038,6806,0,2
4957,7041,6809,0,1
4958,7042,6810,0,5
4959,7043,6811,0,4
4960,7044,6812,0,4
4961,7046,6814,0,1
4962,7047,6815,0,2
4963,7048,6816,0,4
4964,7049,6817,0,1
4965,7051,6819,0,1
4966,7053,6821,0,5
4967,7054,6822,0,4
4968,7055,6823,1,5
4969,7056,6824,0,1
4970,7057,6825,0,4
4971,7059,6827,0,1
4972,7060,6828,0,3
4973,7062,3028,0,5
4974,7064,6831,0,5
4975,7065,6832,0,4
4976,7066,6833,0,4
4977,7067,6834,0,5
4978,7072,6839,0,3
4979,7075,6842,0,2
4980,7079,3152,0,4
4981,7080,6846,0,2
4982,7081,6847,0,4
4983,7082,6848,0,5
4984,7083,6849,0,2
4985,7084,6850,0,1
4986,7087,6853,0,5
4987,7088,6854,0,2
4988,7089,6855,0,3
4989,7090,6856,0,4
4990,7091,6857,0,5
4991,7092,6858,0,2
4992,7093,6859,0,5
4993,7094,6860,0,3
4994,7096,6862,0,1
4995,7097,6863,0,3
4996,7098,6864,0,4
4997,7102,6868,0,4
4998,7103,6869,0,3
4999,7104,6870,0,2
5000,7105,6871,0,2
5001,7106,6872,0,1
5002,7108,6874,0,2
5003,7109,6875,0,3
5004,7113,6879,0,3
5005,7114,6880,0,2
5006,7115,6881,0,3
5007,7116,6882,0,3
5008,7117,6883,0,3
5009,7119,6885,0,1
5010,7120,6811,0,4
5011,7121,6886,0,5
5012,7122,6887,0,1
5013,7123,6888,0,5
5014,7124,6889,0,1
5015,7125,6890,0,1
5016,7126,6891,0,1
5017,7127,6892,0,2
5018,7128,6893,0,4
5019,7131,6896,0,5
5020,7134,6898,0,4
5021,7135,6899,1,2
5022,7136,6900,0,5
5023,7137,6901,1,3
5024,7138,6902,0,3
5025,7139,6903,0,3
5026,7140,6904,0,4
5027,7141,6905,0,1
5028,7142,6906,0,3
5029,7143,6907,0,1
5030,7145,6909,0,1
5031,7148,6912,0,4
5032,7149,6913,0,3
5033,7150,6914,0,1
5034,7151,6915,0,1
5035,7152,6916,0,5
5036,7153,6917,0,2
5037,7154,6918,0,5
5038,7157,6921,0,1
5039,7158,6922,0,2
5040,7159,6923,0,3
5041,7160,6924,0,2
5042,7161,6925,0,5
5043,7162,3370,1,1
5044,7163,6926,0,4
5045,7164,6927,0,3
5046,7166,6929,0,1
5047,7167,6930,0,4
5048,7169,6932,0,3
5049,7170,6933,0,1
5050,7171,6934,0,4
5051,7173,6936,0,2
5052,7174,6937,0,4
5053,7175,6938,0,5
5054,7181,6944,0,1
5055,7183,6946,0,5
5056,7184,6947,0,2
5057,7185,6948,0,4
5058,7187,6950,0,1
5059,7189,6952,0,4
5060,7190,6953,0,4
5061,7191,6954,0,1
5062,7192,6955,0,5
5063,7193,6956,0,1
5064,7194,6957,0,2
5065,7196,6959,0,5
5066,7198,6961,0,2
5067,7201,6964,0,2
5068,7204,6967,0,3
5069,7207,6970,0,4
5070,7208,6971,0,5
5071,7209,6972,0,1
5072,7210,6973,0,1
5073,7213,6976,0,5
5074,7215,6978,0,5
5075,7218,6981,0,2
5076,7219,6982,0,1
5077,7220,6983,0,1
5078,7221,6984,0,1
5079,7222,6985,0,4
5080,7223,6986,0,4
5081,7224,6987,0,5
5082,7225,6988,0,3
5083,7229,6992,0,4
5084,7231,6994,0,2
5085,7232,6995,0,3
5086,7233,6996,0,3
5087,7234,6997,0,1
5088,7235,6998,0,1
5089,7237,7000,0,3
5090,7238,7001,0,2
5091,7239,7002,0,5
5092,7240,2972,0,5
5093,7241,7003,0,3
5094,7242,7004,0,2
5095,7243,7005,0,5
5096,7244,7006,0,4
5097,7245,7007,0,4
5098,7246,7008,0,2
5099,7247,7009,0,4
5100,7248,7010,1,5
5101,7250,7012,0,2
5102,7252,7014,0,3
5103,7254,7016,0,1
5104,7255,7017,0,1
5105,7256,7018,0,5
5106,7259,3075,0,4
5107,7261,7022,0,4
5108,7262,7023,0,5
5109,7263,7024,0,1
5110,7264,7025,0,4
5111,7267,7028,0,5
5112,7268,7029,0,2
5113,7269,7030,0,5
5114,7270,7031,0,5
5115,7272,7033,0,5
5116,7274,7035,0,5
5117,7275,7036,0,1
5118,7277,7038,0,3
5119,7278,7039,0,3
5120,7279,7040,0,4
5121,7281,7042,0,4
5122,7282,7043,0,2
5123,7283,7044,0,1
5124,7284,7045,0,1
5125,7286,7047,0,2
5126,7287,7048,0,1
5127,7288,7049,1,2
5128,7290,7051,0,2
5129,7291,7052,0,1
5130,7292,7053,0,4
5131,7294,7055,0,1
5132,7295,7056,0,4
5133,7296,7057,0,1
5134,7297,6987,0,5
5135,7301,7061,0,4
5136,7302,7062,0,5
5137,7303,7063,0,1
5138,7304,7064,0,1
5139,7305,7065,0,4
5140,7307,7067,0,3
5141,7309,7069,0,2
5142,7311,7071,0,2
5143,7312,7072,0,3
5144,7316,7076,0,1
5145,7317,7077,0,3
5146,7318,7078,0,3
5147,7320,7080,0,3
5148,7321,7081,0,5
5149,7322,7082,0,5
5150,7329,7089,0,2
5151,7331,7091,0,4
5152,7333,7093,0,5
5153,7334,7094,0,2
5154,7335,7095,0,3
5155,7337,7097,0,2
5156,7338,7098,0,5
5157,7339,7099,0,2
5158,7340,7100,0,1
5159,7341,7101,0,2
5160,7342,7102,0,5
5161,7343,7103,0,5
5162,7344,7104,0,4
5163,7345,7105,0,3
5164,7346,7106,0,1
5165,7347,7107,0,4
5166,7348,7108,0,5
5167,7349,7109,0,4
5168,7350,7110,0,4
5169,7351,7111,0,1
5170,7352,7112,0,3
5171,7355,7115,0,4
5172,7356,7116,0,4
5173,7357,7117,0,3
5174,7359,7119,1,5
5175,7360,7120,0,4
5176,7361,7121,0,1
5177,7362,7122,0,1
5178,7363,7123,0,1
5179,7364,7124,0,3
5180,7365,7125,0,2
5181,7366,7126,0,3
5182,7367,7127,0,4
5183,7368,7128,0,4
5184,7369,7129,0,2
5185,7372,7132,0,2
5186,7373,7133,0,5
5187,7374,7134,0,4
5188,7376,7136,0,3
5189,7377,7137,0,5
5190,7378,7138,0,2
5191,7379,7139,0,3
5192,7381,7141,0,4
5193,7382,7142,0,5
5194,7383,7143,0,4
5195,7384,7144,0,1
5196,7385,7145,0,2
5197,7387,7147,0,3
5198,7391,7151,0,3
5199,7392,7152,0,5
5200,7393,7153,0,4
5201,7394,7154,0,3
5202,7395,7155,0,1
5203,7396,7156,0,3
5204,7397,7157,1,1
5205,7398,7158,0,2
5206,7399,7159,0,5
5207,7400,7160,0,1
5208,7401,7161,0,1
5209,7402,7162,0,3
5210,7403,7163,0,4
5211,7404,7164,1,5
5212,7405,7165,0,1
5213,7406,7166,0,4
5214,7407,7167,0,5
5215,7408,7168,0,2
5216,7409,7169,0,4
5217,7412,7172,0,5
5218,7413,7173,0,2
5219,7414,7174,0,3
5220,7415,7175,0,4
5221,7416,7176,0,5
5222,7417,7177,0,5
5223,7418,7178,0,3
5224,7419,7179,1,2
5225,7420,7180,0,2
5226,7421,7181,0,1
5227,7422,7182,0,5
5228,7423,7183,0,1
5229,7424,7184,0,2
5230,7425,7185,0,5
5231,7426,7186,0,2
5232,7427,7187,0,3
5233,7428,7188,0,4
5234,7429,7189,0,1
5235,7430,7190,0,4
5236,7431,7191,0,1
5237,7432,7192,0,1
5238,7435,7195,0,3
5239,7438,7198,0,3
5240,7439,7199,0,2
5241,7440,7200,0,4
5242,7442,7202,0,4
5243,7443,7203,0,5
5244,7444,7204,1,4
5245,7445,7205,1,3
5246,7451,7211,0,1
5247,7452,7212,0,2
5248,7453,7213,0,2
5249,7455,7215,0,5
5250,7456,7216,0,3
5251,7457,7217,0,2
5252,7458,7218,0,1
5253,7459,7219,0,1
5254,7460,7220,0,4
5255,7461,7221,0,1
5256,7462,7222,0,4
5257,7463,7223,0,4
5258,7464,7224,0,3
5259,7465,7225,0,3
5260,7466,7226,0,1
5261,7467,7227,0,3
5262,7468,7228,0,4
5263,7469,7229,0,3
5264,7470,7230,1,4
5265,7471,7231,0,1
5266,7472,7232,0,3
5267,7476,7236,0,4
5268,7477,7237,0,2
5269,7479,7239,0,4
5270,7480,7240,0,3
5271,7481,7241,0,4
5272,7482,7242,0,3
5273,7483,7243,0,1
5274,7484,7243,0,1
5275,7485,7244,0,3
5276,7486,7245,1,2
5277,7487,7246,0,3
5278,7488,7247,0,5
5279,7490,7249,0,4
5280,7491,7250,0,1
5281,7492,7251,0,4
5282,7493,7252,0,1
5283,7494,7253,0,4
5284,7495,7254,0,3
5285,7497,7256,0,3
5286,7498,7257,0,5
5287,7501,7260,0,1
5288,7502,7261,0,3
5289,7503,7262,0,1
5290,7504,7263,0,5
5291,7505,7264,0,5
5292,7506,7265,0,2
5293,7508,7267,0,4
5294,7509,7268,0,1
5295,7510,7269,0,1
5296,7511,7270,0,3
5297,7512,7271,0,4
5298,7513,7272,0,5
5299,7514,7224,0,3
5300,7515,7273,0,2
5301,7517,7275,0,5
5302,7518,7276,0,3
5303,7521,7279,0,4
5304,7522,7280,0,3
5305,7523,7281,0,4
5306,7524,7282,0,2
5307,7525,7283,0,3
5308,7527,7285,0,1
5309,7528,7286,0,2
5310,7529,7287,0,3
5311,7530,7288,0,3
5312,7532,7290,0,2
5313,7534,7183,0,1
5314,7535,7292,0,1
5315,7536,7293,0,3
5316,7537,7294,0,3
5317,7538,7295,0,3
5318,7539,7296,0,5
5319,7540,7297,0,1
5320,7541,7298,0,3
5321,7542,7299,1,5
5322,7543,7120,0,4
5323,7544,7300,1,1
5324,7547,7288,0,3
5325,7548,7303,0,3
5326,7549,7304,0,3
5327,7550,7305,1,4
5328,7552,7307,0,1
5329,7553,7308,0,2
5330,7556,7311,0,5
5331,7557,7312,0,1
5332,7558,7313,0,1
5333,7560,7315,0,2
5334,7562,7317,0,1
5335,7563,7318,0,1
5336,7564,7319,0,1
5337,7565,7320,0,1
5338,7566,7321,0,4
5339,7567,7322,0,1
5340,7569,7324,0,3
5341,7572,7327,0,1
5342,7574,7329,0,3
5343,7577,7332,0,5
5344,7579,7334,0,4
5345,7582,7337,0,2
5346,7583,7338,0,1
5347,7585,7340,0,1
5348,7588,7343,0,1
5349,7590,7345,0,3
5350,7591,7346,0,4
5351,7594,7349,0,1
5352,7595,7350,0,2
5353,7596,7351,0,5
5354,7597,7352,0,2
5355,7598,7353,0,4
5356,7599,7354,0,3
5357,7602,7357,0,3
5358,7603,7358,0,3
5359,7604,7359,0,4
5360,7608,7363,0,5
5361,7610,7365,0,3
5362,7611,7366,0,5
5363,7612,7367,0,1
5364,7613,7368,1,5
5365,7615,7370,0,1
5366,7616,7371,0,3
5367,7619,7374,0,4
5368,7621,7376,0,3
5369,7622,7377,0,1
5370,7623,7378,0,2
5371,7625,7380,0,5
5372,7631,7386,0,2
5373,7632,7387,0,1
5374,7633,7388,0,2
5375,7634,7389,0,1
5376,7636,7391,0,2
5377,7637,7392,0,5
5378,7638,7393,0,3
5379,7639,7394,0,2
5380,7640,7395,0,1
5381,7641,7396,0,2
5382,7642,7397,0,4
5383,7643,7398,0,2
5384,7645,7400,0,5
5385,7646,7401,0,1
5386,7647,7402,0,1
5387,7648,7403,0,2
5388,7649,7404,0,2
5389,7652,7407,1,2
5390,7653,7408,0,3
5391,7654,7409,0,2
5392,7655,7410,0,4
5393,7656,7411,0,4
5394,7657,7412,0,1
5395,7659,7414,0,1
5396,7661,7416,0,5
5397,7663,7418,0,3
5398,7664,7419,0,4
5399,7665,7420,0,1
5400,7666,7421,0,2
5401,7667,7422,0,3
5402,7668,7423,0,3
5403,7670,7425,0,3
5404,7671,7426,0,1
5405,7672,7427,0,3
5406,7673,7428,0,1
5407,7679,7434,0,4
5408,7680,7435,0,5
5409,7681,7436,0,2
5410,7683,7438,0,4
5411,7684,7439,0,1
5412,7685,7440,0,2
5413,7686,7441,0,4
5414,7688,7443,0,1
5415,7691,7446,0,1
5416,7692,7447,0,2
5417,7693,7448,0,5
5418,7694,7449,0,1
5419,7695,7450,0,2
5420,7696,7451,0,1
5421,7697,7452,0,3
5422,7698,7453,0,5
5423,7699,7454,0,4
5424,7700,7455,0,5
5425,7702,7457,0,3
5426,7703,7458,0,2
5427,7704,7459,0,2
5428,7705,7460,0,1
5429,7706,7461,0,3
5430,7708,7349,0,1
5431,7709,7463,0,3
5432,7710,7464,0,5
5433,7711,7465,0,2
5434,7712,7466,0,1
5435,7713,7467,0,4
5436,7714,7468,0,3
5437,7715,7469,0,1
5438,7717,7471,1,3
5439,7718,7472,0,1
5440,7719,7473,1,2
5441,7720,7474,0,3
5442,7721,7475,0,3
5443,7722,7476,0,2
5444,7730,7484,0,4
5445,7731,7485,1,4
5446,7734,7488,0,5
5447,7735,7489,0,3
5448,7736,7490,0,4
5449,7738,7492,0,4
5450,7742,7496,0,5
5451,7743,7497,0,3
5452,7744,7498,0,2
5453,7746,7500,0,5
5454,7748,7502,0,2
5455,7751,7505,0,3
5456,7752,7506,0,3
5457,7753,7507,0,3
5458,7754,7508,0,3
5459,7755,7509,0,3
5460,7756,7510,0,3
5461,7757,7511,0,3
5462,7758,7512,0,1
5463,7761,7515,0,2
5464,7762,7516,0,1
5465,7763,7517,0,4
5466,7765,7519,0,1
5467,7767,7521,0,1
5468,7770,7524,0,1
5469,7771,7525,0,3
5470,7772,7526,0,4
5471,7773,7527,0,5
5472,7774,7528,0,3
5473,7782,7536,0,2
5474,7783,7537,0,1
5475,7784,7538,0,5
5476,7785,7539,0,1
5477,7787,7541,0,5
5478,7788,7542,0,3
5479,7789,7543,0,4
5480,7791,7545,0,2
5481,7792,7546,0,2
5482,7794,7548,0,4
5483,7796,7550,0,4
5484,7797,7551,0,4
5485,7798,7552,0,1
5486,7800,7554,0,1
5487,7802,7556,0,1
5488,7804,7558,0,3
5489,7805,7559,0,1
5490,7806,7560,0,1
5491,7807,7561,0,2
5492,7808,7562,1,4
5493,7810,7564,0,4
5494,7811,7565,0,2
5495,7812,7566,0,4
5496,7813,7567,0,5
5497,7814,7568,1,5
5498,7817,7571,1,1
5499,7818,7572,0,4
5500,7821,7575,0,1
5501,7823,7576,0,1
5502,7824,7577,0,2
5503,7828,7581,0,3
5504,7829,7582,0,4
5505,7830,7583,0,3
5506,7831,7584,0,3
5507,7833,7586,0,1
5508,7834,7587,0,2
5509,7835,7588,1,3
5510,7836,7589,0,5
5511,7837,7590,0,4
5512,7838,7591,0,4
5513,7840,7593,0,1
5514,7841,7594,0,1
5515,7842,7595,0,4
5516,7846,7599,0,1
5517,7847,7600,0,3
5518,7852,7604,0,4
5519,7853,7605,0,3
5520,7854,7606,0,3
5521,7855,7607,0,4
5522,7856,7608,0,1
5523,7858,7610,0,3
5524,7859,7611,0,4
5525,7861,7613,0,5
5526,7862,7614,0,3
5527,7865,7617,0,1
5528,7866,7618,0,3
5529,7868,7620,0,1
5530,7870,7622,0,5
5531,7871,7623,0,2
5532,7874,7626,0,1
5533,7875,7627,0,4
5534,7876,7628,0,3
5535,7880,7632,0,4
5536,7881,7633,1,5
5537,7882,7634,0,3
5538,7883,7635,0,1
5539,7884,7636,0,1
5540,7886,7638,0,3
5541,7887,7639,0,1
5542,7888,7640,0,2
5543,7889,7641,0,1
5544,7890,7642,0,2
5545,7892,7644,0,2
5546,7893,7645,0,3
5547,7894,7646,0,5
5548,7895,7647,0,5
5549,7896,7648,0,1
5550,7897,7649,0,5
5551,7898,7650,0,4
5552,7899,7651,0,4
5553,7900,7652,0,2
5554,7902,7654,0,4
5555,7903,7655,0,4
5556,7904,7656,0,1
5557,7905,7657,0,4
5558,7906,7658,0,3
5559,7907,7659,0,4
5560,7908,7660,0,4
5561,7909,7661,0,4
5562,7910,7662,0,3
5563,7911,7663,0,5
5564,7912,7664,0,4
5565,7914,7666,0,4
5566,7915,7667,0,5
5567,7916,7668,0,5
5568,7917,7669,0,4
5569,7919,7671,0,4
5570,7920,7672,0,1
5571,7921,7673,0,1
5572,7922,7674,0,5
5573,7924,7676,0,4
5574,7925,7677,0,5
5575,7927,7679,0,2
5576,7928,7680,0,1
5577,7931,7683,0,5
5578,7932,7684,0,4
5579,7933,7685,1,1
5580,7934,7686,0,3
5581,7935,7687,0,4
5582,7936,7688,0,2
5583,7937,7689,0,1
5584,7940,7692,0,5
5585,7941,7693,0,3
5586,7942,7694,0,2
5587,7944,7696,0,4
5588,7945,7697,0,2
5589,7946,7698,0,1
5590,7948,7700,0,4
5591,7951,7703,0,5
5592,7952,7704,1,5
5593,7953,7705,0,4
5594,7954,7706,0,5
5595,7955,7707,0,4
5596,7957,7709,0,5
5597,7958,7710,0,4
5598,7961,7713,0,4
5599,7962,7714,0,3
5600,7964,7716,0,2
5601,7965,7717,0,5
5602,7967,7719,0,5
5603,7968,7720,0,2
5604,7969,7721,0,3
5605,7970,7722,0,4
5606,7971,7723,0,5
5607,7972,7724,0,5
5608,7973,7725,0,5
5609,7974,7726,0,2
5610,7975,7727,0,4
5611,7976,7728,0,3
5612,7979,7731,0,2
5613,7980,7732,0,4
5614,7982,7734,0,3
5615,7983,7735,1,3
5616,7984,7736,0,2
5617,7985,7737,0,1
5618,7986,7738,0,1
5619,7987,7732,0,4
5620,7991,7742,0,3
5621,7992,7743,0,2
5622,7993,7744,0,5
5623,7994,7745,0,5
5624,7995,7746,0,4
5625,7997,7748,0,2
5626,8000,7751,0,2
5627,8001,7752,0,1
5628,8003,7754,0,4
5629,8005,7756,0,4
5630,8006,7757,0,5
5631,8008,7759,0,2
5632,8009,7760,0,1
5633,8010,7761,0,1
5634,8011,7762,0,5
5635,8014,7765,1,2
5636,8017,7768,0,1
5637,8018,7769,0,2
5638,8020,7771,0,2
5639,8021,7772,0,5
5640,8022,7773,0,4
5641,8023,7774,0,2
5642,8024,7775,0,2
5643,8025,7776,0,3
5644,8026,7777,0,4
5645,8027,7734,0,3
5646,8028,7778,0,5
5647,8030,7780,0,5
5648,8031,7781,0,3
5649,8032,7782,0,3
5650,8033,7783,0,1
5651,8034,7784,0,1
5652,8036,7786,0,3
5653,8037,7787,0,5
5654,8038,7788,0,4
5655,8041,7791,0,2
5656,8042,7792,0,2
5657,8043,7793,0,4
5658,8044,7794,0,5
5659,8045,7795,0,1
5660,8046,7796,0,3
5661,8047,7797,0,1
5662,8048,7798,0,1
5663,8049,7799,0,5
5664,8050,7800,0,4
5665,8051,7801,0,2
5666,8052,7802,0,4
5667,8055,7805,0,3
5668,8056,7806,0,3
5669,8057,7807,0,4
5670,8058,7808,0,5
5671,8059,7809,0,5
5672,8060,7810,0,2
5673,8061,7811,0,2
5674,8063,7813,0,3
5675,8064,7814,0,2
5676,8065,7815,0,4
5677,8066,7816,0,1
5678,8067,7817,0,3
5679,8068,7818,0,3
5680,8069,7819,0,5
5681,8070,7820,0,5
5682,8071,7821,0,4
5683,8072,7822,0,5
5684,8074,7824,0,2
5685,8076,7826,0,2
5686,8078,7828,0,1
5687,8079,7829,0,2
5688,8080,7830,0,5
5689,8081,7831,0,1
5690,8082,7832,0,4
5691,8084,7834,0,5
5692,8086,7836,0,5
5693,8087,7837,0,3
5694,8088,7838,0,5
5695,8090,7840,0,5
5696,8092,7842,0,3
5697,8094,7844,0,4
5698,8095,7845,0,4
5699,8096,7846,0,1
5700,8098,7848,0,3
5701,8099,7849,0,4
5702,8100,7850,0,3
5703,8102,7852,0,4
5704,8104,7854,0,5
5705,8105,7855,0,4
5706,8106,7856,0,3
5707,8107,7857,0,4
5708,8109,7859,0,5
5709,8110,7860,0,4
5710,8111,7861,0,1
5711,8112,7862,1,2
5712,8113,7863,0,5
5713,8114,7864,0,1
5714,8115,7865,0,1
5715,8116,7866,0,1
5716,8119,7869,0,5
5717,8120,7870,0,2
5718,8121,7871,0,3
5719,8124,7874,0,2
5720,8125,7875,0,1
5721,8127,7877,0,3
5722,8128,7878,0,2
5723,8130,7880,1,2
5724,8131,7881,0,4
5725,8132,7882,0,3
5726,8134,7884,0,4
5727,8135,7885,1,2
5728,8137,7887,0,3
5729,8139,7889,0,4
5730,8140,7890,0,5
5731,8141,7891,0,4
5732,8143,7893,0,4
5733,8144,7894,0,4
5734,8146,7896,0,2
5735,8147,7897,0,5
5736,8148,7898,0,4
5737,8150,7900,0,3
5738,8151,7901,0,4
5739,8152,7902,0,4
5740,8154,7904,0,5
5741,8155,7905,0,4
5742,8159,7909,0,1
5743,8160,7910,0,4
5744,8161,7911,0,5
5745,8162,7912,0,4
5746,8164,7914,0,5
5747,8165,7915,0,4
5748,8166,7916,0,5
5749,8167,7917,0,4
5750,8168,7918,0,4
5751,8169,7919,0,3
5752,8170,7920,0,4
5753,8171,7921,0,1
5754,8174,7924,0,5
5755,8175,7925,0,3
5756,8176,7926,0,1
5757,8177,7927,0,1
5758,8178,7928,0,3
5759,8181,7931,0,5
5760,8182,7932,0,2
5761,8183,7933,0,3
5762,8184,7934,0,5
5763,8185,7935,0,2
5764,8187,7937,0,1
5765,8188,7938,0,5
5766,8189,7939,0,2
5767,8190,7940,0,1
5768,8191,7941,0,3
5769,8193,7943,0,5
5770,8194,7944,0,2
5771,8196,7946,1,5
5772,8198,7948,0,5
5773,8199,7949,0,1
5774,8200,7950,0,2
5775,8201,7951,0,2
5776,8203,7953,0,5
5777,8206,7956,0,3
5778,8207,7957,0,1
5779,8209,7959,0,1
5780,8210,7960,0,3
5781,8213,7963,0,5
5782,8216,7966,0,5
5783,8220,7970,0,2
5784,8221,7971,0,5
5785,8222,7972,0,2
5786,8224,7974,0,1
5787,8225,7975,0,3
5788,8227,7977,0,3
5789,8228,7978,0,5
5790,8229,7979,0,1
5791,8231,7981,0,3
5792,8232,7982,0,1
5793,8236,7986,0,2
5794,8238,7988,0,4
5795,8239,7989,0,1
5796,8240,7990,0,3
5797,8241,7991,0,3
5798,8242,7992,0,3
5799,8244,7994,0,1
5800,8245,7995,0,5
5801,8246,7996,1,1
5802,8247,7997,0,3
5803,8248,7998,0,3
5804,8249,7999,0,2
5805,8252,8002,0,5
5806,8255,8005,0,2
5807,8256,8006,0,4
5808,8257,8007,0,4
5809,8258,8008,0,5
5810,8259,8009,0,2
5811,8264,8014,0,5
5812,8265,8015,0,3
5813,8268,8018,0,3
5814,8270,8020,0,3
5815,8273,8023,0,3
5816,8274,8024,0,4
5817,8275,8025,0,2
5818,8278,8028,0,2
5819,8279,8029,1,3
5820,8280,8030,0,5
5821,8281,8031,0,1
5822,8282,8032,0,5
5823,8284,8034,0,4
5824,8285,8035,0,3
5825,8286,8036,0,5
5826,8288,8038,0,3
5827,8289,8039,0,5
5828,8290,8040,0,5
5829,8291,8041,0,4
5830,8294,8044,0,4
5831,8295,8045,0,4
5832,8296,8046,0,1
5833,8298,8048,0,4
5834,8299,8049,0,5
5835,8301,8051,0,3
5836,8303,8053,0,4
5837,8304,7956,0,3
5838,8305,8054,0,3
5839,8307,8056,0,3
5840,8308,8057,0,5
5841,8311,8060,0,1
5842,8312,8061,0,3
5843,8314,8063,0,5
5844,8315,8064,1,4
5845,8317,8066,0,4
5846,8319,8068,0,2
5847,8322,8071,0,4
5848,8323,8072,0,4
5849,8324,8073,0,5
5850,8325,8074,0,2
5851,8326,8075,0,3
5852,8327,8076,0,2
5853,8330,8079,0,4
5854,8331,8080,0,3
5855,8332,8081,0,2
5856,8334,8083,0,1
5857,8335,8084,0,3
5858,8336,8085,0,1
5859,8337,8086,0,3
5860,8338,8087,0,5
5861,8340,8089,0,4
5862,8341,8090,0,4
5863,8342,8091,0,3
5864,8343,8092,0,1
5865,8345,8094,0,5
5866,8346,8095,0,1
5867,8348,8097,0,2
5868,8349,8098,0,1
5869,8352,8101,0,3
5870,8354,8103,0,3
5871,8355,8104,1,2
5872,8357,8106,0,4
5873,8361,8110,0,2
5874,8364,8113,0,2
5875,8365,8114,0,5
5876,8366,8115,0,3
5877,8368,8117,0,4
5878,8370,8119,0,3
5879,8371,8120,0,3
5880,8372,8121,0,3
5881,8374,8123,0,5
5882,8376,8125,0,4
5883,8377,8126,0,4
5884,8378,8127,0,1
5885,8379,8128,0,1
5886,8380,8129,0,5
5887,8381,8130,0,5
5888,8385,8134,0,2
5889,8386,8135,0,5
5890,8387,8136,0,4
5891,8388,8137,0,2
5892,8390,8139,0,4
5893,8392,8141,0,1
5894,8393,8142,0,1
5895,8394,8143,0,5
5896,8395,8144,0,3
5897,8396,8145,0,5
5898,8397,8146,0,5
5899,8398,8147,0,3
5900,8399,8148,0,5
5901,8401,8150,0,2
5902,8402,8151,0,5
5903,8404,8153,0,4
5904,8405,8154,0,3
5905,8406,8155,0,2
5906,8407,8156,0,3
5907,8408,8157,0,5
5908,8409,8158,0,4
5909,8411,8160,0,2
5910,8412,8161,0,5
5911,8414,8163,0,5
5912,8415,8164,0,2
5913,8417,8166,1,4
5914,8418,8167,0,2
5915,8420,8169,0,1
5916,8423,8172,0,4
5917,8424,8173,0,2
5918,8426,8175,0,5
5919,8429,8178,0,2
5920,8432,8181,0,4
5921,8435,8184,1,4
5922,8436,8185,0,1
5923,8438,8187,0,2
5924,8439,8188,0,3
5925,8440,8189,0,5
5926,8442,8191,0,5
5927,8445,8194,0,3
5928,8447,8196,0,3
5929,8449,8198,0,3
5930,8450,8199,0,4
5931,8451,8200,0,2
5932,8452,8201,0,5
5933,8453,8202,0,1
5934,8454,8203,0,2
5935,8458,8207,0,3
5936,8459,8208,0,4
5937,8460,8209,0,2
5938,8461,8210,0,2
5939,8462,8211,0,3
5940,8463,8212,0,5
5941,8464,8213,0,4
5942,8466,8215,0,1
5943,8467,8216,0,4
5944,8469,8218,0,1
5945,8470,8219,0,4
5946,8471,8220,0,2
5947,8472,8221,0,4
5948,8473,8222,0,4
5949,8474,8223,0,1
5950,8475,8224,0,1
5951,8477,8226,0,5
5952,8478,8227,0,4
5953,8479,8228,0,5
5954,8480,8229,0,2
5955,8481,8230,0,5
5956,8482,8231,0,3
5957,8483,8232,0,3
5958,8484,8233,0,1
5959,8486,8235,0,3
5960,8487,8236,0,1
5961,8488,8237,0,2
5962,8489,8238,1,5
5963,8490,8239,0,3
5964,8492,8241,0,1
5965,8493,8242,0,4
5966,8494,8243,0,2
5967,8495,8244,0,3
5968,8496,8245,0,1
5969,8497,8246,0,5
5970,8498,8247,0,3
5971,8500,8249,0,2
5972,8502,8251,1,2
5973,8503,8252,0,1
5974,8504,8253,0,5
5975,8507,8256,0,4
5976,8510,8259,0,5
5977,8512,8261,0,3
5978,8513,8262,0,3
5979,8515,8264,0,1
5980,8517,8266,0,4
5981,8518,8267,0,3
5982,8519,8268,0,1
5983,8520,8269,0,3
5984,8521,8270,0,5
5985,8522,8271,0,3
5986,8523,8272,0,4
5987,8524,8273,0,4
5988,8525,8274,0,3
5989,8526,8275,0,1
5990,8527,8276,0,1
5991,8528,8277,1,5
5992,8530,8279,0,4
5993,8531,8280,0,1
5994,8532,8281,0,2
5995,8534,8283,0,1
5996,8535,8284,1,2
5997,8536,8285,0,5
5998,8537,8286,0,4
5999,8539,8288,0,2
6000,8541,8290,0,1
6001,8542,8291,1,1
6002,8543,8292,0,3
6003,8544,8293,0,5
6004,8545,8294,0,1
6005,8546,8295,0,4
6006,8548,8297,0,5
6007,8551,8300,0,4
6008,8552,8301,0,4
6009,8553,8302,0,3
6010,8554,8303,0,3
6011,8555,8304,0,3
6012,8558,8307,0,5
6013,8559,8308,0,1
6014,8561,8310,0,4
6015,8562,8311,0,2
6016,8563,8312,0,2
6017,8564,8313,0,1
6018,8565,8314,0,3
6019,8567,8312,0,2
6020,8568,8316,1,4
6021,8569,8317,0,5
6022,8570,8318,0,2
6023,8572,8320,0,3
6024,8575,8323,0,4
6025,8579,8327,0,1
6026,8580,8328,0,1
6027,8581,8329,0,4
6028,8582,8330,0,3
6029,8583,8331,0,3
6030,8584,8332,0,2
6031,8586,8334,0,3
6032,8587,8335,0,5
6033,8588,8336,0,3
6034,8589,8337,0,1
6035,8590,8338,0,2
6036,8591,8339,0,3
6037,8595,8330,0,3
6038,8596,8343,1,2
6039,8597,8344,0,3
6040,8598,8345,0,1
6041,8599,8346,1,1
6042,8602,8349,0,5
6043,8603,8350,1,3
6044,8606,8353,0,3
6045,8607,8354,1,1
6046,8610,8357,0,2
6047,8613,8360,0,3
6048,8614,8361,0,1
6049,8615,8362,0,4
6050,8616,8363,0,2
6051,8617,8364,1,3
6052,8618,8365,0,5
6053,8619,8366,0,4
6054,8620,8367,0,1
6055,8621,8368,1,5
6056,8623,8370,0,2
6057,8624,8371,0,5
6058,8625,8372,0,2
6059,8626,8373,0,3
6060,8629,8376,0,2
6061,8630,8377,0,2
6062,8632,8379,0,2
6063,8633,8380,0,5
6064,8635,8382,0,1
6065,8636,8383,0,5
6066,8637,8384,0,3
6067,8638,8385,0,5
6068,8639,8382,0,1
6069,8641,8387,0,3
6070,8642,8388,0,4
6071,8644,8390,0,2
6072,8645,8391,0,5
6073,8646,8392,0,1
6074,8647,8393,0,3
6075,8650,8396,0,4
6076,8652,8398,0,4
6077,8654,8400,0,4
6078,8655,8401,0,3
6079,8656,8402,0,1
6080,8657,8403,0,1
6081,8658,8404,0,3
6082,8660,8406,0,5
6083,8661,8407,0,1
6084,8662,8408,0,3
6085,8665,8411,0,1
6086,8666,8412,0,2
6087,8667,8413,0,3
6088,8669,8415,0,1
6089,8670,8416,0,2
6090,8671,8417,0,2
6091,8673,8417,0,2
6092,8675,8420,0,4
6093,8676,8421,0,1
6094,8677,8422,0,2
6095,8678,8423,0,2
6096,8679,8424,0,2
6097,8680,8425,0,5
6098,8682,8427,0,3
6099,8683,8428,0,5
6100,8684,8429,0,1
6101,8686,8431,0,5
6102,8688,8433,0,4
6103,8689,8434,0,1
6104,8690,8435,0,1
6105,8691,8436,0,3
6106,8692,8437,0,3
6107,8693,8438,0,3
6108,8694,8439,0,5
6109,8696,8441,0,2
6110,8697,8442,0,5
6111,8698,8443,0,5
6112,8699,8444,0,2
6113,8700,8445,0,3
6114,8702,8447,0,2
6115,8703,8447,0,2
6116,8705,8449,0,5
6117,8706,8343,0,2
6118,8707,8450,0,1
6119,8709,8452,0,2
6120,8710,8453,0,2
6121,8711,8454,0,5
6122,8714,8457,0,4
6123,8715,8458,0,5
6124,8716,8459,0,1
6125,8717,8460,0,4
6126,8718,8461,0,4
6127,8719,8462,0,5
6128,8721,8464,0,3
6129,8722,8465,0,2
6130,8723,8466,0,5
6131,8725,8468,0,1
6132,8726,8385,0,5
6133,8727,8469,0,4
6134,8728,8470,0,4
6135,8729,8471,0,2
6136,8730,8472,0,2
6137,8733,8475,0,2
6138,8734,8476,0,5
6139,8737,8479,0,5
6140,8741,8483,0,2
6141,8743,8485,0,2
6142,8745,8487,0,4
6143,8746,8488,0,4
6144,8747,8489,0,4
6145,8751,8493,0,3
6146,8752,8494,0,4
6147,8753,8495,0,3
6148,8754,8495,0,3
6149,8757,8498,0,4
6150,8761,8502,0,2
6151,8762,8503,0,2
6152,8763,8504,0,3
6153,8764,8505,0,4
6154,8765,8506,0,3
6155,8766,8507,0,2
6156,8767,8508,0,5
6157,8768,8509,0,2
6158,8773,8513,0,5
6159,8774,8514,0,1
6160,8775,8515,0,4
6161,8776,8516,0,3
6162,8777,8517,0,2
6163,8778,8518,0,1
6164,8780,8520,0,4
6165,8781,8521,0,2
6166,8782,8522,0,3
6167,8783,8523,0,1
6168,8784,8524,0,3
6169,8785,8525,0,2
6170,8786,8526,0,4
6171,8789,8529,0,1
6172,8790,8530,0,3
6173,8791,8531,0,3
6174,8794,8534,0,2
6175,8795,8535,0,2
6176,8796,8536,0,1
6177,8798,8538,0,3
6178,8799,8539,0,2
6179,8800,8540,0,4
6180,8801,8541,0,1
6181,8803,8543,0,5
6182,8805,8545,0,4
6183,8806,8546,0,4
6184,8808,8504,0,3
6185,8809,8548,0,3
6186,8814,8553,0,4
6187,8815,8554,0,5
6188,8816,8555,0,5
6189,8817,8556,1,4
6190,8819,8558,0,3
6191,8820,8559,0,5
6192,8821,8560,1,4
6193,8826,8565,1,2
6194,8827,8566,0,2
6195,8828,8567,0,1
6196,8829,8568,0,4
6197,8830,8569,0,4
6198,8831,8570,0,5
6199,8833,8572,0,2
6200,8834,8573,0,5
6201,8835,8574,0,5
6202,8838,8577,0,4
6203,8839,8578,0,1
6204,8841,8580,0,5
6205,8842,8581,0,2
6206,8843,8582,0,2
6207,8844,8583,0,1
6208,8845,8584,0,3
6209,8846,8585,0,4
6210,8847,8586,0,5
6211,8848,8587,0,3
6212,8849,8588,0,1
6213,8851,8590,0,5
6214,8852,8591,0,3
6215,8853,8592,0,4
6216,8854,8593,0,2
6217,8856,8595,0,5
6218,8858,8597,0,4
6219,8859,8598,0,2
6220,8860,8599,0,4
6221,8861,8600,0,1
6222,8862,8601,0,5
6223,8863,8602,0,3
6224,8864,8603,0,2
6225,8865,8604,0,4
6226,8866,8605,1,3
6227,8867,8606,0,5
6228,8868,8607,0,5
6229,8869,8608,0,5
6230,8870,8609,0,2
6231,8872,8611,0,1
6232,8874,8485,0,2
6233,8876,8614,0,1
6234,8877,8615,0,2
6235,8878,8616,0,3
6236,8879,8617,0,4
6237,8880,8618,0,5
6238,8885,8623,0,3
6239,8886,8624,0,3
6240,8887,8625,0,5
6241,8890,8628,0,1
6242,8891,8629,0,4
6243,8892,8630,0,5
6244,8895,8633,0,3
6245,8896,8634,0,5
6246,8897,8635,1,1
6247,8898,8636,0,2
6248,8900,8638,0,1
6249,8901,8639,0,1
6250,8904,8642,0,1
6251,8905,8643,0,1
6252,8906,8644,1,4
6253,8907,8645,0,3
6254,8908,8646,0,1
6255,8909,8647,0,4
6256,8910,8648,0,2
6257,8911,8649,0,5
6258,8912,8650,1,2
6259,8913,8651,1,5
6260,8916,8654,0,2
6261,8918,8656,0,3
6262,8919,8657,0,4
6263,8922,8660,0,4
6264,8923,8661,0,5
6265,8924,8662,0,4
6266,8926,8664,0,4
6267,8927,8665,0,3
6268,8929,8667,0,4
6269,8930,8668,0,3
6270,8931,8669,0,3
6271,8933,8540,0,4
6272,8934,8671,0,3
6273,8935,8672,0,3
6274,8937,8674,0,4
6275,8938,8675,0,4
6276,8939,8676,0,1
6277,8940,8677,0,2
6278,8942,8679,0,4
6279,8943,8680,0,1
6280,8944,8681,0,5
6281,8945,8682,0,5
6282,8946,8647,0,4
6283,8947,8683,0,1
6284,8948,8684,0,5
6285,8950,8686,0,3
6286,8951,8687,0,4
6287,8952,8688,0,5
6288,8954,8690,0,1
6289,8955,8691,0,1
6290,8958,8693,1,2
6291,8959,8694,0,5
6292,8962,8697,0,1
6293,8963,8698,0,3
6294,8964,8699,0,1
6295,8965,8700,0,5
6296,8966,8701,0,2
6297,8967,8702,0,3
6298,8968,8701,0,2
6299,8969,8703,0,5
6300,8970,8704,0,4
6301,8971,8705,0,1
6302,8972,8706,0,1
6303,8973,8707,0,5
6304,8974,8708,0,5
6305,8975,8709,0,2
6306,8977,8711,1,2
6307,8980,8714,0,5
6308,8982,8716,0,1
6309,8983,8717,0,1
6310,8984,8718,0,4
6311,8985,8719,0,3
6312,8986,8720,0,1
6313,8987,8721,0,2
6314,8988,8722,0,3
6315,8990,8724,0,3
6316,8991,8725,0,1
6317,8992,8726,0,1
6318,8997,8731,0,5
6319,8998,8732,0,4
6320,9000,8734,0,4
6321,9003,8737,1,2
6322,9004,8738,0,2
6323,9008,8742,0,4
6324,9009,8743,0,3
6325,9010,8694,0,5
6326,9013,8746,0,4
6327,9015,8748,0,1
6328,9017,8750,0,3
6329,9018,8751,0,1
6330,9019,8752,0,4
6331,9020,8753,0,3
6332,9022,8755,0,5
6333,9025,8758,0,5
6334,9026,8759,0,2
6335,9028,8761,1,1
6336,9029,8762,0,2
6337,9030,8763,0,1
6338,9031,8764,0,3
6339,9032,8765,0,5
6340,9033,8766,0,5
6341,9034,8767,0,5
6342,9035,8768,0,2
6343,9036,8769,0,4
6344,9037,8770,0,3
6345,9039,8772,0,2
6346,9040,8773,0,4
6347,9041,8748,0,1
6348,9043,8775,0,3
6349,9044,8776,0,3
6350,9045,8777,0,1
6351,9046,8778,0,2
6352,9049,8781,0,3
6353,9051,8783,0,2
6354,9052,8784,0,1
6355,9054,8786,0,4
6356,9055,8787,0,2
6357,9057,8789,0,4
6358,9058,8790,0,3
6359,9059,8791,0,3
6360,9060,8792,0,2
6361,9061,8793,0,4
6362,9065,8797,0,3
6363,9066,8798,0,1
6364,9067,8799,0,1
6365,9068,8800,0,2
6366,9069,8801,0,2
6367,9070,8802,0,2
6368,9071,8803,0,1
6369,9073,8805,0,1
6370,9074,8806,0,4
6371,9075,8807,0,3
6372,9078,8810,0,2
6373,9080,8812,0,2
6374,9081,8813,0,3
6375,9083,8815,0,5
6376,9084,8816,0,3
6377,9085,8817,0,3
6378,9089,8821,0,2
6379,9090,8822,0,5
6380,9092,8824,0,5
6381,9094,8826,0,5
6382,9095,8827,0,2
6383,9096,8828,0,4
6384,9097,8829,0,5
6385,9098,8830,0,4
6386,9100,8832,0,3
6387,9101,8833,1,5
6388,9103,8835,0,5
6389,9104,8836,0,1
6390,9105,8837,0,3
6391,9106,8838,0,2
6392,9108,8840,0,5
6393,9109,8841,0,1
6394,9113,8845,0,1
6395,9114,8846,0,2
6396,9116,8848,0,2
6397,9117,8849,0,1
6398,9119,8851,0,1
6399,9121,8853,0,1
6400,9122,8854,0,2
6401,9124,8856,0,3
6402,9125,8857,0,1
6403,9126,8858,0,1
6404,9127,8859,0,2
6405,9128,8860,0,5
6406,9129,8861,0,3
6407,9130,8862,0,4
6408,9133,8865,0,3
6409,9134,8866,0,3
6410,9135,8867,0,5
6411,9136,8868,0,2
6412,9137,8869,0,1
6413,9138,8870,0,5
6414,9140,8872,0,3
6415,9141,8873,0,5
6416,9144,8876,0,2
6417,9145,8877,0,4
6418,9146,8878,0,3
6419,9147,8879,0,3
6420,9148,8880,0,1
6421,9149,8856,1,3
6422,9150,8881,0,1
6423,9151,8882,0,2
6424,9152,8883,0,2
6425,9153,8884,0,4
6426,9154,8885,0,4
6427,9155,8886,0,3
6428,9157,8888,1,1
6429,9158,8889,0,5
6430,9159,8890,0,4
6431,9160,8891,0,1
6432,9161,8892,0,3
6433,9162,8893,0,4
6434,9163,8894,0,3
6435,9165,8896,0,4
6436,9166,8897,0,3
6437,9167,8898,0,2
6438,9168,8899,0,2
6439,9170,8901,0,1
6440,9171,8902,0,4
6441,9172,8903,0,5
6442,9173,8904,0,4
6443,9174,8905,0,4
6444,9176,8907,0,2
6445,9177,8908,0,4
6446,9178,8909,0,3
6447,9179,8910,0,5
6448,9183,8914,0,3
6449,9186,8917,0,4
6450,9189,8920,0,2
6451,9190,8921,0,4
6452,9192,8923,0,2
6453,9193,8924,0,4
6454,9194,8925,0,4
6455,9195,8926,0,3
6456,9196,8927,1,1
6457,9198,8929,0,3
6458,9199,8930,0,5
6459,9200,8931,0,4
6460,9202,8933,0,3
6461,9203,8934,1,4
6462,9204,8935,1,2
6463,9205,8936,0,3
6464,9207,8938,0,5
6465,9208,8939,0,5
6466,9209,8940,0,3
6467,9210,8941,0,2
6468,9211,8942,0,1
6469,9213,8944,0,5
6470,9215,8946,1,5
6471,9216,8947,0,2
6472,9217,8948,0,2
6473,9218,8949,0,1
6474,9219,8950,0,2
6475,9220,8951,0,2
6476,9221,8952,0,5
6477,9223,8954,0,4
6478,9224,8955,0,1
6479,9227,8958,0,3
6480,9228,8959,0,4
6481,9229,8960,0,2
6482,9230,8961,0,1
6483,9231,8962,0,5
6484,9232,8963,0,2
6485,9234,8965,0,2
6486,9235,8966,0,3
6487,9236,8967,0,5
6488,9237,8968,0,5
6489,9240,8971,0,5
6490,9241,8972,0,3
6491,9242,8973,0,5
6492,9243,8974,0,2
6493,9244,8975,0,4
6494,9245,8976,0,5
6495,9246,8977,0,1
6496,9247,8978,0,1
6497,9248,8979,0,5
6498,9249,8980,0,2
6499,9250,8981,0,2
6500,9251,8982,0,3
6501,9252,8983,0,5
6502,9253,8984,0,5
6503,9254,8985,0,2
6504,9255,8986,0,3
6505,9256,8987,1,5
6506,9257,8988,0,4
6507,9260,8991,0,1
6508,9262,8993,0,3
6509,9264,8995,0,4
6510,9266,8997,0,5
6511,9267,8998,0,1
6512,9268,8999,0,3
6513,9269,9000,0,2
6514,9270,9001,0,4
6515,9271,9002,0,3
6516,9276,9007,1,1
6517,9277,9008,0,2
6518,9278,9009,0,5
6519,9279,9010,0,3
6520,9281,9012,0,1
6521,9282,9013,0,4
6522,9284,9015,0,2
6523,9285,9016,0,5
6524,9286,9017,0,2
6525,9287,9018,0,1
6526,9288,9019,0,4
6527,9290,9021,0,2
6528,9291,9022,0,1
6529,9292,9023,0,2
6530,9293,9024,0,3
6531,9294,9025,0,4
6532,9295,9026,0,1
6533,9296,9027,0,3
6534,9297,9028,0,1
6535,9300,9031,0,4
6536,9301,9032,0,5
6537,9302,9033,0,5
6538,9304,9035,0,1
6539,9305,9036,0,5
6540,9306,9037,0,3
6541,9308,9039,0,4
6542,9309,9040,0,1
6543,9310,9041,0,3
6544,9311,9042,0,5
6545,9312,9043,0,4
6546,9313,9044,0,2
6547,9315,9046,0,3
6548,9316,9047,0,5
6549,9318,9049,0,5
6550,9322,9053,0,5
6551,9323,9054,0,5
6552,9324,9055,0,5
6553,9325,9056,0,2
6554,9328,9059,0,1
6555,9329,9060,0,5
6556,9330,9061,0,3
6557,9331,9062,0,2
6558,9333,9064,0,1
6559,9334,9065,0,4
6560,9335,9066,0,3
6561,9336,9067,0,1
6562,9337,9068,0,5
6563,9339,9070,0,2
6564,9341,9072,0,3
6565,9342,9073,0,3
6566,9343,9074,0,4
6567,9344,9075,0,5
6568,9345,9076,0,3
6569,9346,9077,0,2
6570,9347,9078,0,2
6571,9349,9080,0,4
6572,9350,9081,0,4
6573,9353,9084,0,2
6574,9354,9085,0,4
6575,9357,9088,0,2
6576,9358,9089,0,5
6577,9359,9090,0,3
6578,9360,9091,0,3
6579,9361,9092,0,3
6580,9362,9093,0,2
6581,9366,9097,0,1
6582,9367,8978,0,1
6583,9368,9098,0,2
6584,9369,9099,0,4
6585,9370,9100,0,5
6586,9371,9101,0,1
6587,9372,9102,0,1
6588,9373,9103,0,3
6589,9374,9104,0,4
6590,9375,9105,0,2
6591,9377,9107,0,4
6592,9378,9108,0,1
6593,9379,9109,0,5
6594,9380,9110,0,1
6595,9381,9111,0,4
6596,9382,9112,0,1
6597,9383,9113,0,2
6598,9384,9114,0,2
6599,9385,9115,0,5
6600,9387,9117,0,5
6601,9388,9118,0,3
6602,9390,9120,0,1
6603,9391,9121,0,3
6604,9392,9122,0,5
6605,9394,9124,0,2
6606,9395,9125,0,5
6607,9396,9126,0,3
6608,9398,9127,0,4
6609,9399,9128,0,4
6610,9400,9129,0,4
6611,9401,9130,0,3
6612,9402,9131,0,1
6613,9403,9132,0,4
6614,9404,9133,0,1
6615,9405,9134,0,3
6616,9407,9136,0,3
6617,9408,9137,0,2
6618,9410,9056,0,2
6619,9411,9139,0,3
6620,9413,9141,0,1
6621,9414,9142,0,5
6622,9415,9143,0,3
6623,9416,9144,0,3
6624,9417,9145,0,2
6625,9419,9147,0,1
6626,9420,9148,0,2
6627,9421,9149,0,3
6628,9422,9150,0,2
6629,9423,9151,0,2
6630,9424,9152,0,4
6631,9425,9075,0,5
6632,9427,9154,0,1
6633,9428,9155,0,1
6634,9429,9156,0,2
6635,9430,9157,0,1
6636,9434,9161,0,3
6637,9436,9163,0,5
6638,9438,9165,0,3
6639,9439,8884,0,4
6640,9440,9166,0,1
6641,9443,9169,0,1
6642,9444,9170,0,2
6643,9447,9173,1,2
6644,9450,9176,0,4
6645,9452,9178,0,3
6646,9453,9179,0,1
6647,9454,9180,0,1
6648,9456,9182,0,1
6649,9457,9183,0,4
6650,9458,9184,0,2
6651,9459,9185,0,1
6652,9460,9186,0,2
6653,9462,9188,0,1
6654,9463,9189,0,5
6655,9464,9190,0,4
6656,9465,9191,0,5
6657,9467,9193,0,5
6658,9468,9194,0,1
6659,9470,9196,0,5
6660,9474,9200,0,5
6661,9475,9201,0,3
6662,9479,9205,0,5
6663,9480,9206,0,2
6664,9481,9207,0,3
6665,9482,9208,0,2
6666,9483,9209,0,1
6667,9484,9210,0,5
6668,9485,9211,0,4
6669,9486,9212,0,3
6670,9487,9213,0,2
6671,9488,9214,0,4
6672,9489,9215,0,3
6673,9490,9216,0,1
6674,9491,9217,0,1
6675,9494,9220,0,1
6676,9498,9224,0,1
6677,9499,9225,0,1
6678,9501,9227,0,3
6679,9502,9228,0,5
6680,9504,9230,0,5
6681,9505,9231,0,4
6682,9507,9233,0,1
6683,9509,9235,0,5
6684,9512,9238,0,5
6685,9516,9242,0,2
6686,9518,9244,0,4
6687,9519,9245,0,4
6688,9520,9246,0,2
6689,9522,9248,0,5
6690,9524,9250,1,3
6691,9525,9251,0,4
6692,9526,9252,0,1
6693,9527,9253,0,5
6694,9529,9255,0,2
6695,9531,9257,0,4
6696,9533,9259,0,5
6697,9534,9260,0,3
6698,9535,9261,0,3
6699,9536,9262,0,1
6700,9538,9264,0,3
6701,9539,9265,0,5
6702,9541,9267,0,2
6703,9542,9268,0,2
6704,9543,9269,0,2
6705,9544,9270,0,1
6706,9545,9271,0,3
6707,9547,9273,1,2
6708,9548,9274,0,1
6709,9549,9275,0,4
6710,9550,9276,0,3
6711,9551,9277,0,1
6712,9552,9278,0,2
6713,9554,9280,0,4
6714,9555,9281,0,2
6715,9556,9282,0,4
6716,9557,9283,0,1
6717,9559,9285,0,4
6718,9560,9286,0,1
6719,9563,9289,0,5
6720,9565,9291,0,1
6721,9566,9292,0,1
6722,9567,9291,0,1
6723,9568,9293,0,5
6724,9569,9294,0,5
6725,9570,9295,0,1
6726,9571,9296,0,4
6727,9572,9297,1,4
6728,9575,9300,0,1
6729,9576,9301,0,3
6730,9578,9303,0,2
6731,9580,9300,0,1
6732,9581,9305,0,1
6733,9582,9306,0,1
6734,9583,9307,0,2
6735,9584,9308,0,3
6736,9585,9309,1,3
6737,9586,9310,0,1
6738,9587,9311,0,3
6739,9588,9312,0,2
6740,9589,9313,0,3
6741,9590,9314,0,1
6742,9593,9317,0,2
6743,9594,9318,0,4
6744,9595,9319,0,4
6745,9597,9321,0,3
6746,9598,9297,0,4
6747,9602,9324,0,3
6748,9605,9327,0,3
6749,9607,9329,0,5
6750,9608,9330,0,2
6751,9609,9331,0,2
6752,9612,9334,0,4
6753,9613,9335,0,5
6754,9614,9336,0,1
6755,9616,9338,0,5
6756,9618,9340,0,3
6757,9620,9342,0,5
6758,9623,9345,0,2
6759,9624,9346,0,5
6760,9626,9348,0,1
6761,9627,9349,0,5
6762,9628,9350,0,5
6763,9629,9351,0,4
6764,9630,9352,0,3
6765,9631,9353,0,5
6766,9633,9355,0,1
6767,9634,9356,0,4
6768,9635,9357,0,3
6769,9639,9361,0,2
6770,9640,9362,0,4
6771,9643,9365,0,5
6772,9644,9366,0,5
6773,9645,9367,0,5
6774,9646,9368,0,5
6775,9647,9369,0,4
6776,9648,9370,0,5
6777,9649,9371,0,4
6778,9650,9372,1,2
6779,9651,9373,0,5
6780,9652,9374,0,5
6781,9653,9375,0,5
6782,9654,9376,0,2
6783,9656,9378,0,5
6784,9657,9379,0,4
6785,9658,9380,0,1
6786,9663,9385,0,5
6787,9664,9386,0,4
6788,9665,9387,0,4
6789,9666,9388,0,3
6790,9667,9389,0,5
6791,9669,9391,0,1
6792,9670,9392,0,2
6793,9671,9393,0,3
6794,9672,9394,0,3
6795,9673,9395,0,3
6796,9674,9396,0,5
6797,9676,9398,0,5
6798,9677,9399,0,5
6799,9679,9401,0,1
6800,9680,9402,0,3
6801,9682,9404,0,2
6802,9683,9405,0,1
6803,9685,9407,0,2
6804,9686,9408,0,1
6805,9687,9409,0,4
6806,9688,9410,0,5
6807,9689,9411,0,4
6808,9690,9412,0,4
6809,9691,9413,0,2
6810,9692,9414,0,1
6811,9694,9416,0,4
6812,9696,9418,0,4
6813,9697,9419,0,5
6814,9698,9420,0,5
6815,9699,9421,0,4
6816,9700,9422,0,5
6817,9701,9423,0,3
6818,9702,9424,0,3
6819,9704,9426,0,1
6820,9705,9427,1,3
6821,9707,9429,0,4
6822,9708,9430,1,3
6823,9710,9432,0,4
6824,9712,9434,0,4
6825,9715,9437,0,3
6826,9716,9438,0,3
6827,9717,9439,0,5
6828,9723,9445,0,4
6829,9724,9446,0,4
6830,9725,9447,0,1
6831,9729,9451,0,3
6832,9731,9453,0,5
6833,9732,9454,0,5
6834,9735,9457,0,5
6835,9737,9459,0,4
6836,9738,9460,0,3
6837,9740,9462,0,5
6838,9741,9463,1,2
6839,9742,9464,0,1
6840,9743,9465,0,5
6841,9744,9466,0,4
6842,9745,9467,0,4
6843,9746,9468,0,4
6844,9747,9469,0,4
6845,9748,9470,0,4
6846,9749,9471,0,4
6847,9750,9472,0,2
6848,9751,9473,0,5
6849,9753,9475,0,2
6850,9754,9476,0,1
6851,9757,9479,0,4
6852,9758,9480,0,4
6853,9759,9481,0,4
6854,9761,9483,0,2
6855,9762,9484,0,2
6856,9763,9485,0,1
6857,9764,9486,0,3
6858,9765,9487,0,4
6859,9767,9489,0,5
6860,9769,9491,0,3
6861,9770,9492,0,2
6862,9773,9495,0,1
6863,9774,9496,0,3
6864,9775,9497,0,4
6865,9776,9498,0,3
6866,9777,9499,0,1
6867,9778,9500,0,3
6868,9779,9501,0,5
6869,9780,9502,0,4
6870,9781,9503,0,1
6871,9782,9504,0,3
6872,9784,9506,0,4
6873,9785,9507,0,3
6874,9786,9508,0,5
6875,9787,9509,0,1
6876,9788,9510,0,5
6877,9790,9512,0,1
6878,9791,9513,0,4
6879,9792,9514,1,2
6880,9795,9517,0,4
6881,9796,9518,1,1
6882,9797,9519,0,1
6883,9798,9520,0,5
6884,9799,9521,0,4
6885,9800,9522,0,5
6886,9802,9524,0,3
6887,9803,9525,0,3
6888,9804,9526,0,3
6889,9807,9529,0,5
6890,9809,9531,0,2
6891,9810,9532,0,1
6892,9811,9533,1,3
6893,9812,9534,0,2
6894,9813,9535,0,1
6895,9815,9537,0,2
6896,9816,9538,0,3
6897,9817,9539,0,5
6898,9820,9542,0,5
6899,9821,9543,0,3
6900,9822,9544,0,1
6901,9823,9545,0,2
6902,9824,9546,0,1
6903,9825,9547,0,4
6904,9826,9545,0,2
6905,9827,9548,0,4
6906,9828,9549,0,2
6907,9832,9553,0,1
6908,9833,9554,0,4
6909,9834,9555,0,1
6910,9837,9558,0,4
6911,9838,9559,0,4
6912,9839,9560,0,4
6913,9841,9562,1,4
6914,9842,9563,0,1
6915,9844,9565,0,4
6916,9847,9567,0,2
6917,9848,9568,0,3
6918,9849,9569,0,1
6919,9851,9571,0,1
6920,9852,9572,1,3
6921,9853,9573,0,5
6922,9854,9574,0,5
6923,9855,9575,0,5
6924,9856,9576,0,4
6925,9857,9577,0,4
6926,9859,9579,0,1
6927,9861,9581,0,1
6928,9863,9583,0,2
6929,9864,9584,0,1
6930,9865,9585,0,2
6931,9866,9586,0,2
6932,9867,9587,0,5
6933,9868,9588,0,4
6934,9869,9589,0,3
6935,9870,9590,0,3
6936,9871,9591,0,5
6937,9872,9592,0,2
6938,9873,9593,0,4
6939,9875,9595,0,5
6940,9878,9598,0,2
6941,9879,9599,0,1
6942,9880,9600,0,3
6943,9881,9601,0,3
6944,9885,9605,0,4
6945,9886,9606,0,3
6946,9887,9607,0,4
6947,9888,9608,0,5
6948,9889,9609,0,3
6949,9890,9610,0,5
6950,9891,9611,0,4
6951,9893,9613,1,2
6952,9894,9614,0,2
6953,9895,9615,0,4
6954,9896,9616,0,3
6955,9897,9617,0,5
6956,9898,9618,0,1
6957,9900,9620,0,2
6958,9901,9621,1,3
6959,9904,9624,1,2
6960,9905,9625,0,5
6961,9906,9626,0,5
6962,9907,9627,1,1
6963,9910,9630,0,3
6964,9911,9631,1,4
6965,9913,9633,0,5
6966,9914,9634,1,1
6967,9917,9637,0,1
6968,9918,9638,0,1
6969,9919,9639,0,5
6970,9921,9641,0,4
6971,9923,9643,0,2
6972,9924,9644,0,4
6973,9926,9646,0,3
6974,9927,9647,0,2
6975,9928,9648,0,2
6976,9930,9650,0,1
6977,9932,9652,0,3
6978,9933,9653,0,5
6979,9935,9655,0,3
6980,9936,9656,0,2
6981,9938,9658,0,2
6982,9939,9659,0,5
6983,9940,9660,0,4
6984,9945,9665,0,1
6985,9946,9666,0,5
6986,9947,9667,0,1
6987,9949,9669,0,3
6988,9950,9670,0,4
6989,9951,9671,0,2
6990,9952,9672,0,4
6991,9955,9675,0,3
6992,9957,9677,0,5
6993,9958,9678,0,5
6994,9959,9679,0,1
6995,9960,9680,0,2
6996,9961,9681,0,4
6997,9962,9682,0,4
6998,9963,9683,0,1
6999,9964,9684,0,3
7000,9965,9685,0,3
7001,9967,9687,0,5
7002,9968,9688,0,3
7003,9969,9689,0,3
7004,9973,9693,0,4
7005,9974,9694,0,2
7006,9975,9695,0,5
7007,9977,9697,0,4
7008,9978,9581,0,1
7009,9979,9698,0,4
7010,9982,9701,0,4
7011,9984,9703,0,3
7012,9985,9704,0,2
7013,9986,9705,0,3
7014,9987,9706,0,5
7015,9988,9707,0,4
7016,9994,9713,0,4
7017,9995,9714,0,1
7018,9996,9715,0,1
7019,9997,9716,0,3
7020,9998,9717,1,3
7021,9999,9718,0,5
7022,10000,9719,0,5
7023,10001,9720,0,4
7024,10002,9721,0,5
7025,10003,9722,0,4
7026,10006,9725,0,3
7027,10007,9726,0,4
7028,10008,9727,0,4
7029,10011,9729,0,4
7030,10013,9731,0,2
7031,10014,9732,0,4
7032,10015,9733,0,4
7033,10016,9734,0,5
7034,10017,9735,0,2
7035,10018,9736,0,1
7036,10020,9738,0,5
7037,10022,9740,0,1
7038,10023,9741,0,4
7039,10024,9742,0,1
7040,10025,9743,0,2
7041,10026,9744,0,5
7042,10029,9747,0,4
7043,10030,9748,0,3
7044,10033,9751,0,3
7045,10034,9752,1,4
7046,10035,9753,0,1
7047,10037,9755,0,4
7048,10039,9757,0,5
7049,10040,9758,0,4
7050,10043,9761,0,3
7051,10044,9762,0,2
7052,10045,9763,0,3
7053,10047,9765,0,2
7054,10048,9766,0,1
7055,10049,9767,1,5
7056,10051,9769,0,3
7057,10053,9771,0,4
7058,10054,9772,0,4
7059,10055,9773,0,2
7060,10057,9775,0,3
7061,10058,9776,0,2
7062,10059,9777,0,2
7063,10060,9778,0,1
7064,10061,9779,1,2
7065,10062,9780,0,2
7066,10063,9781,0,5
7067,10064,9782,0,3
7068,10065,9783,0,5
7069,10066,9784,0,1
7070,10067,9785,0,4
7071,10068,9786,0,1
7072,10069,9787,0,1
7073,10071,9789,0,3
7074,10072,9790,0,4
7075,10073,9791,0,5
7076,10074,9792,0,1
7077,10075,9793,0,4
7078,10076,9794,1,1
7079,10077,9795,0,2
7080,10078,9796,0,3
7081,10081,9799,0,5
7082,10082,9800,0,2
7083,10083,9801,0,1
7084,10085,9803,0,2
7085,10086,9804,0,3
7086,10087,9805,0,2
7087,10089,9807,0,4
7088,10091,9809,0,4
7089,10092,9810,0,4
7090,10093,9811,0,3
7091,10094,9812,0,3
7092,10096,9814,0,2
7093,10097,9815,0,5
7094,10098,9816,0,3
7095,10099,9817,0,4
7096,10101,9819,0,5
7097,10102,9820,0,4
7098,10103,9821,0,2
7099,10106,9824,0,1
7100,10107,9825,0,2
7101,10108,9826,0,5
7102,10109,9827,0,4
7103,10110,9828,0,3
7104,10112,9830,0,1
7105,10113,9831,0,2
7106,10114,9832,0,1
7107,10116,9834,0,1
7108,10118,9836,0,1
7109,10120,9838,0,2
7110,10122,9840,0,2
7111,10123,9841,0,3
7112,10124,9842,1,2
7113,10126,9844,0,2
7114,10127,9845,0,3
7115,10129,9847,0,1
7116,10131,9849,0,3
7117,10132,9850,0,2
7118,10135,9853,0,2
7119,10136,9854,0,3
7120,10137,9855,0,3
7121,10138,9856,0,3
7122,10139,9857,0,3
7123,10144,9862,1,2
7124,10145,9863,0,3
7125,10146,9864,0,5
7126,10147,9865,0,4
7127,10149,9866,0,5
7128,10150,9867,0,5
7129,10151,9868,0,4
7130,10154,9871,0,2
7131,10156,9873,0,2
7132,10158,9875,1,2
7133,10159,9876,0,5
7134,10160,9877,0,5
7135,10161,9878,0,3
7136,10163,9880,0,5
7137,10164,9881,0,3
7138,10166,9883,0,4
7139,10167,9884,0,5
7140,10168,9885,0,4
7141,10169,9886,0,3
7142,10170,9887,0,2
7143,10171,9888,1,2
7144,10173,9890,0,3
7145,10175,9892,0,2
7146,10176,9893,0,5
7147,10178,9895,0,3
7148,10179,9896,0,5
7149,10180,9897,0,2
7150,10182,9899,0,5
7151,10183,9900,0,1
7152,10184,9901,1,2
7153,10185,9902,0,2
7154,10186,9903,0,1
7155,10189,9906,0,2
7156,10191,9908,0,2
7157,10193,9910,0,4
7158,10194,9911,0,4
7159,10195,9912,0,5
7160,10199,9916,0,2
7161,10200,9917,0,5
7162,10201,9918,0,4
7163,10202,9753,0,1
7164,10203,9919,0,3
7165,10204,9920,0,2
7166,10205,9921,0,2
7167,10206,9922,0,2
7168,10208,9924,0,1
7169,10209,9925,0,2
7170,10210,9926,0,3
7171,10211,9927,0,3
7172,10212,9928,0,4
7173,10213,9929,0,3
7174,10214,9930,0,1
7175,10215,9931,0,5
7176,10216,9932,0,1
7177,10218,9934,0,2
7178,10219,9935,0,5
7179,10220,9936,0,2
7180,10221,9937,0,1
7181,10222,9938,0,3
7182,10223,9939,0,1
7183,10228,9944,0,1
7184,10229,9945,0,1
7185,10230,9946,0,4
7186,10231,9947,0,4
7187,10234,9950,0,2
7188,10235,9951,0,5
7189,10236,9952,0,2
7190,10238,9954,0,3
7191,10239,9955,1,4
7192,10240,9956,0,5
7193,10241,9957,0,1
7194,10242,9958,0,1
7195,10243,9959,0,3
7196,10244,9960,0,5
7197,10245,9961,0,4
7198,10246,9962,0,1
7199,10247,9963,1,5
7200,10249,9965,0,4
7201,10251,9967,0,1
7202,10254,9970,1,1
7203,10256,9972,0,1
7204,10257,9973,0,4
7205,10259,9975,0,3
7206,10260,9976,0,3
7207,10261,9977,0,3
7208,10263,9979,0,3
7209,10264,9980,0,5
7210,10265,9981,0,3
7211,10266,9982,0,3
7212,10267,9983,0,2
7213,10268,9984,0,1
7214,10269,9985,0,5
7215,10271,9987,0,1
7216,10272,9988,0,2
7217,10273,9989,0,1
7218,10274,9990,0,2
7219,10275,9991,0,1
7220,10276,9992,0,3
7221,10278,9994,0,4
7222,10279,9995,0,3
7223,10280,9996,0,1
7224,10282,9998,0,5
7225,10283,9999,0,4
7226,10285,10001,0,2
7227,10287,10003,0,2
7228,10289,10005,0,4
7229,10293,9991,0,1
7230,10295,10010,0,4
7231,10296,10011,0,3
7232,10297,10012,1,2
7233,10300,10015,0,1
7234,10302,10017,0,4
7235,10305,10020,0,1
7236,10308,10023,0,1
7237,10309,10024,0,5
7238,10310,10025,0,2
7239,10311,10026,0,1
7240,10312,10027,0,2
7241,10313,10028,0,3
7242,10317,10032,0,1
7243,10318,10033,0,4
7244,10319,10034,0,5
7245,10320,10035,0,2
7246,10321,10036,0,4
7247,10322,10037,0,4
7248,10323,10038,0,4
7249,10324,10039,0,2
7250,10325,10040,0,2
7251,10326,10041,0,4
7252,10327,10042,0,1
7253,10328,10043,0,4
7254,10329,10044,0,5
7255,10333,10048,0,4
7256,10334,9929,0,3
7257,10335,10049,0,3
7258,10336,10050,0,4
7259,10337,10051,0,5
7260,10338,10052,0,4
7261,10339,10053,0,3
7262,10341,10055,0,4
7263,10343,10057,0,3
7264,10344,10058,0,5
7265,10346,10060,0,5
7266,10347,10061,0,5
7267,10348,10062,0,5
7268,10351,10065,0,3
7269,10352,10066,0,2
7270,10353,10067,1,4
7271,10355,10069,0,4
7272,10357,10071,0,5
7273,10358,10072,0,1
7274,10359,10073,0,5
7275,10360,10074,0,4
7276,10361,10075,0,5
7277,10362,10076,0,1
7278,10366,10080,0,5
7279,10370,10084,0,5
7280,10371,10085,0,1
7281,10372,10086,0,5
7282,10374,10088,0,3
7283,10375,10089,0,5
7284,10376,10090,0,3
7285,10377,10091,0,2
7286,10378,10092,0,1
7287,10379,10093,0,1
7288,10380,10094,0,2
7289,10382,10096,0,2
7290,10383,10097,0,2
7291,10384,10098,0,3
7292,10385,10099,0,1
7293,10386,10100,0,5
7294,10387,10101,0,4
7295,10388,10102,0,1
7296,10389,10103,0,5
7297,10390,10104,0,4
7298,10393,10107,0,1
7299,10394,10108,0,2
7300,10395,10109,0,4
7301,10396,10110,0,3
7302,10398,10112,0,3
7303,10399,10113,0,1
7304,10402,10116,1,1
7305,10404,10118,0,1
7306,10405,10119,0,3
7307,10406,10120,0,5
7308,10407,10121,0,2
7309,10408,10122,0,4
7310,10411,10125,0,1
7311,10412,10126,0,3
7312,10413,10127,0,2
7313,10415,10129,0,1
7314,10416,10130,0,2
7315,10417,10131,0,3
7316,10418,10132,1,5
7317,10420,10134,0,2
7318,10421,10135,0,1
7319,10422,10136,0,4
7320,10423,10137,0,5
7321,10424,10138,0,3
7322,10425,10139,0,2
7323,10426,10140,0,5
7324,10427,10141,0,3
7325,10428,10142,0,5
7326,10429,10143,0,1
7327,10430,10144,0,1
7328,10431,10145,0,4
7329,10432,10146,0,3
7330,10436,10150,0,3
7331,10438,10152,0,2
7332,10439,10153,0,5
7333,10441,10155,0,2
7334,10442,10156,0,1
7335,10445,10159,0,2
7336,10447,10161,0,5
7337,10448,10162,0,1
7338,10449,10163,0,1
7339,10451,10165,0,5
7340,10452,10166,0,2
7341,10453,10167,0,1
7342,10454,10168,0,1
7343,10455,10169,0,1
7344,10456,10170,1,3
7345,10457,10171,0,1
7346,10458,10172,0,2
7347,10459,10173,0,2
7348,10460,10174,0,1
7349,10461,10175,0,1
7350,10462,10176,0,5
7351,10463,10177,0,3
7352,10464,10178,0,2
7353,10465,10179,0,2
7354,10467,10181,0,4
7355,10468,10182,0,1
7356,10469,10183,0,2
7357,10470,10184,0,3
7358,10471,10185,0,2
7359,10472,10186,0,4
7360,10473,10187,0,2
7361,10474,10188,0,5
7362,10475,10189,0,3
7363,10476,10190,0,4
7364,10477,10191,0,1
7365,10478,10192,0,2
7366,10479,10193,0,3
7367,10480,10194,0,3
7368,10481,10195,0,1
7369,10482,10196,0,5
7370,10484,10198,0,1
7371,10485,10199,0,1
7372,10489,10203,0,1
7373,10490,10204,0,4
7374,10491,10205,0,1
7375,10493,10207,0,5
7376,10494,10208,0,2
7377,10495,10209,0,4
7378,10496,10210,0,1
7379,10497,10211,0,1
7380,10498,10212,0,3
7381,10499,10213,0,4
7382,10500,10214,0,5
7383,10503,10217,0,2
7384,10505,10219,0,2
7385,10506,10220,0,5
7386,10507,10221,0,4
7387,10508,10222,0,2
7388,10509,10223,0,4
7389,10510,10224,0,3
7390,10511,10225,0,2
7391,10515,10229,0,1
7392,10516,10230,0,2
7393,10518,10232,0,3
7394,10521,10235,0,1
7395,10522,10236,0,1
7396,10523,10237,0,4
7397,10524,10238,0,1
7398,10525,10239,0,2
7399,10526,10240,0,5
7400,10527,10241,0,3
7401,10528,10242,0,2
7402,10531,10245,0,1
7403,10533,10247,0,5
7404,10534,10248,0,5
7405,10535,10249,0,4
7406,10538,10252,0,5
7407,10539,10253,0,1
7408,10540,10254,0,3
7409,10541,10255,0,3
7410,10543,10257,0,4
7411,10544,10258,1,1
7412,10545,10259,0,3
7413,10546,10260,0,5
7414,10547,10261,0,4
7415,10548,10262,0,4
7416,10549,10263,0,3
7417,10551,10265,0,4
7418,10552,10266,0,4
7419,10553,10267,0,1
7420,10554,10268,0,3
7421,10556,10270,0,1
7422,10558,10272,0,2
7423,10561,10275,0,1
7424,10562,10276,0,3
7425,10563,10277,0,4
7426,10564,10278,0,4
7427,10565,10279,0,1
7428,10568,10282,0,5
7429,10569,10283,0,3
7430,10570,10284,0,3
7431,10571,10285,0,3
7432,10572,10286,0,2
7433,10575,10289,0,2
7434,10576,10290,0,4
7435,10577,10291,0,2
7436,10578,10292,0,1
7437,10579,10293,0,4
7438,10580,10294,0,1
7439,10581,10295,0,3
7440,10583,10297,0,3
7441,10584,10298,0,5
7442,10585,10299,0,3
7443,10586,10300,0,1
7444,10587,10301,0,4
7445,10588,10302,0,5
7446,10589,10303,0,1
7447,10590,10304,0,1
7448,10591,10305,0,3
7449,10592,10306,0,5
7450,10593,10307,0,5
7451,10595,10309,0,4
7452,10596,10310,0,2
7453,10600,10314,0,4
7454,10602,10316,0,2
7455,10603,10317,0,5
7456,10605,10319,0,2
7457,10606,10320,0,3
7458,10607,10321,0,4
7459,10609,10323,0,2
7460,10610,10324,0,5
7461,10611,10325,0,1
7462,10612,10326,0,2
7463,10613,10327,0,5
7464,10614,10328,0,4
7465,10615,10329,0,4
7466,10616,10330,0,3
7467,10617,10331,0,2
7468,10618,10332,0,3
7469,10619,10333,0,4
7470,10620,10334,0,1
7471,10621,10335,0,1
7472,10625,10339,0,2
7473,10626,10340,0,3
7474,10628,10342,0,4
7475,10629,10343,0,5
7476,10632,10346,0,4
7477,10634,10348,0,3
7478,10635,10349,1,1
7479,10636,10350,0,3
7480,10638,10352,0,3
7481,10642,10356,0,4
7482,10643,10357,0,3
7483,10644,10358,0,1
7484,10646,10360,0,2
7485,10647,10361,0,2
7486,10649,10363,0,2
7487,10650,10364,0,3
7488,10652,10366,0,2
7489,10656,10370,0,2
7490,10657,10371,0,2
7491,10659,10373,1,2
7492,10660,10374,0,5
7493,10661,10375,1,5
7494,10662,10376,0,1
7495,10663,10377,1,4
7496,10664,10378,0,2
7497,10665,10379,0,1
7498,10666,10380,0,5
7499,10669,10383,0,1
7500,10670,10384,0,5
7501,10672,10386,0,1
7502,10673,10387,0,3
7503,10674,10388,0,1
7504,10675,10389,0,4
7505,10677,10391,0,5
7506,10678,10392,0,3
7507,10679,10393,0,1
7508,10680,10394,0,4
7509,10681,10395,0,4
7510,10682,10396,0,1
7511,10683,10397,0,3
7512,10685,10399,1,3
7513,10689,10403,0,2
7514,10690,10404,0,1
7515,10691,10405,0,5
7516,10693,10407,0,5
7517,10695,10409,0,5
7518,10697,10411,0,1
7519,10698,10412,0,5
7520,10699,10413,0,3
7521,10700,10414,0,3
7522,10702,10416,0,1
7523,10703,10417,0,3
7524,10704,10418,1,3
7525,10705,10419,0,1
7526,10706,10420,0,5
7527,10707,10421,1,1
7528,10708,10422,0,1
7529,10709,10423,0,5
7530,10710,10424,0,1
7531,10711,10425,0,3
7532,10712,10426,0,2
7533,10713,10427,0,5
7534,10714,10428,0,4
7535,10715,10429,0,1
7536,10717,10431,0,5
7537,10718,10432,0,4
7538,10719,10433,0,5
7539,10720,10434,0,2
7540,10721,10435,0,2
7541,10723,10437,0,5
7542,10725,10439,0,4
7543,10726,10440,0,2
7544,10727,10441,0,3
7545,10728,10442,0,4
7546,10730,10444,0,3
7547,10732,10446,0,3
7548,10734,10448,0,1
7549,10735,10449,0,4
7550,10737,10451,0,5
7551,10739,10453,0,1
7552,10740,10454,0,1
7553,10741,10455,0,3
7554,10742,10456,0,1
7555,10743,10457,0,3
7556,10744,10458,0,2
7557,10745,10459,0,1
7558,10746,10460,0,3
7559,10747,10461,0,1
7560,10748,10462,0,4
7561,10749,10463,0,4
7562,10751,10465,0,2
7563,10752,10466,0,5
7564,10754,10468,0,3
7565,10755,10469,0,4
7566,10757,10471,0,4
7567,10758,10472,0,3
7568,10759,10473,0,4
7569,10760,10474,0,5
7570,10761,10475,0,2
7571,10762,10476,0,3
7572,10763,10477,0,5
7573,10764,10478,0,5
7574,10767,10481,0,1
7575,10769,10483,0,1
7576,10772,10486,0,3
7577,10773,10487,0,4
7578,10774,10488,0,2
7579,10775,10489,0,2
7580,10777,10491,0,1
7581,10781,10495,0,4
7582,10784,10498,0,3
7583,10785,10499,0,4
7584,10788,10502,0,3
7585,10791,10505,0,2
7586,10792,10506,0,2
7587,10794,10508,0,5
7588,10797,10511,0,4
7589,10799,10513,0,5
7590,10803,10517,0,3
7591,10804,10518,0,2
7592,10805,10519,0,5
7593,10806,10520,0,4
7594,10807,10521,0,2
7595,10810,10524,0,3
7596,10811,10525,0,5
7597,10812,10526,0,1
7598,10813,10527,0,4
7599,10814,10528,0,4
7600,10815,10529,0,5
7601,10816,10530,0,1
7602,10817,10531,0,4
7603,10819,10533,0,5
7604,10820,10534,0,4
7605,10822,10536,0,5
7606,10823,10537,0,3
7607,10824,10538,0,5
7608,10825,10539,0,3
7609,10826,10540,0,4
7610,10828,10542,0,2
7611,10829,10543,0,4
7612,10830,10544,0,4
7613,10831,10545,0,3
7614,10832,10546,0,5
7615,10833,10547,0,1
7616,10835,10549,1,3
7617,10836,10550,0,5
7618,10837,10551,0,4
7619,10838,10552,0,2
7620,10839,10553,0,1
7621,10840,10554,0,1
7622,10841,10555,0,3
7623,10842,10556,0,2
7624,10845,10559,0,2
7625,10846,10560,0,1
7626,10847,10561,0,1
7627,10848,10562,1,3
7628,10850,10564,0,5
7629,10852,10566,0,2
7630,10853,10567,0,1
7631,10854,10568,0,2
7632,10856,10570,0,2
7633,10857,10571,0,5
7634,10858,10572,0,3
7635,10859,10573,0,5
7636,10860,10574,0,3
7637,10861,10575,0,2
7638,10862,10576,0,3
7639,10864,10578,0,2
7640,10865,10579,1,3
7641,10866,10580,0,5
7642,10867,10581,0,2
7643,10868,10582,0,3
7644,10871,10585,0,4
7645,10874,10588,0,3
7646,10875,10589,0,3
7647,10879,10593,0,2
7648,10880,10594,0,3
7649,10881,10595,0,5
7650,10885,10599,0,2
7651,10886,10600,0,2
7652,10887,10601,0,3
7653,10888,10600,0,2
7654,10889,10602,0,4
7655,10890,10603,0,1
7656,10891,10604,0,1
7657,10892,10605,0,1
7658,10895,10608,0,5
7659,10896,10609,0,3
7660,10897,10609,0,3
7661,10898,10610,0,4
7662,10900,10612,0,5
7663,10901,10613,0,1
7664,10905,10617,0,3
7665,10906,10618,0,5
7666,10907,10619,1,1
7667,10908,10617,0,3
7668,10909,10605,0,1
7669,10910,10620,0,4
7670,10911,10621,0,5
7671,10914,10624,0,4
7672,10915,10625,0,3
7673,10916,10626,1,2
7674,10918,10628,0,1
7675,10920,10630,0,2
7676,10921,10631,0,1
7677,10922,10632,0,3
7678,10923,10633,0,3
7679,10924,10634,0,3
7680,10925,10635,0,1
7681,10928,10638,0,4
7682,10931,10641,0,4
7683,10933,10643,0,2
7684,10934,10644,0,1
7685,10935,10645,0,1
7686,10938,10647,0,2
7687,10939,10648,0,2
7688,10940,10649,0,1
7689,10941,10650,0,1
7690,10942,10651,0,2
7691,10943,10652,0,3
7692,10944,10651,0,2
7693,10947,10655,0,2
7694,10948,10656,0,5
7695,10949,10657,0,2
7696,10952,10660,0,2
7697,10954,10662,0,3
7698,10955,10663,0,2
7699,10956,10663,0,2
7700,10958,10665,0,2
7701,10959,10666,0,2
7702,10960,10667,0,4
7703,10961,10668,0,1
7704,10962,10669,0,2
7705,10963,10670,0,2
7706,10964,10671,0,3
7707,10966,10673,0,4
7708,10968,10675,0,1
7709,10970,10677,0,2
7710,10971,10678,0,1
7711,10972,10679,0,2
7712,10973,10677,0,2
7713,10975,10681,0,4
7714,10976,10682,0,3
7715,10977,10683,1,1
7716,10978,10684,0,5
7717,10979,10685,1,5
7718,10980,10686,0,5
7719,10981,10687,1,1
7720,10982,10688,0,2
7721,10983,10689,0,3
7722,10985,10691,0,5
7723,10986,10692,0,3
7724,10988,10694,0,3
7725,10989,10695,0,3
7726,10991,10697,0,1
7727,10993,10699,0,1
7728,10994,10700,0,5
7729,10996,10702,0,1
7730,10998,10704,0,3
7731,10999,10705,0,5
7732,11001,10707,0,5
7733,11002,10708,0,1
7734,11003,10709,0,2
7735,11004,10667,0,4
7736,11005,10710,0,2
7737,11006,10711,0,3
7738,11007,10712,0,5
7739,11008,10713,0,4
7740,11010,10715,0,2
7741,11011,10716,0,1
7742,11012,10717,1,2
7743,11013,10718,0,4
7744,11014,10719,0,5
7745,11015,10720,0,1
7746,11017,10722,0,5
7747,11018,10723,0,3
7748,11019,10724,0,4
7749,11020,10725,1,1
7750,11021,10726,0,3
7751,11024,10729,0,1
7752,11025,10730,0,4
7753,11027,10732,0,4
7754,11029,10734,0,3
7755,11030,10735,0,1
7756,11031,10736,0,4
7757,11032,10737,0,3
7758,11034,10739,0,1
7759,11035,10740,0,5
7760,11038,10743,0,2
7761,11039,10744,0,2
7762,11040,10745,0,5
7763,11041,10746,0,3
7764,11042,10747,0,2
7765,11044,10749,0,4
7766,11045,10750,0,4
7767,11047,10752,0,3
7768,11048,10753,0,4
7769,11049,10754,0,5
7770,11051,10756,0,3
7771,11052,10757,0,5
7772,11057,10762,0,1
7773,11058,10763,0,4
7774,11059,10764,0,2
7775,11060,10765,0,2
7776,11063,10768,0,2
7777,11064,10769,0,2
7778,11066,10771,0,1
7779,11067,10772,0,5
7780,11068,10773,0,3
7781,11069,10774,0,4
7782,11070,10775,1,3
7783,11071,10776,0,3
7784,11073,10778,0,3
7785,11074,10779,0,2
7786,11075,10780,0,3
7787,11079,10784,0,1
7788,11080,10785,0,4
7789,11082,10787,0,2
7790,11084,10789,0,2
7791,11085,10790,0,3
7792,11086,10791,0,3
7793,11087,10792,0,4
7794,11088,10793,0,4
7795,11090,10795,0,2
7796,11091,10796,0,2
7797,11092,10797,0,3
7798,11093,10798,0,3
7799,11094,10799,0,5
7800,11095,10800,0,2
7801,11096,10801,0,2
7802,11097,10802,0,4
7803,11100,10805,1,3
7804,11101,10806,0,5
7805,11102,10807,0,3
7806,11103,10808,0,2
7807,11105,10810,0,5
7808,11106,10811,0,5
7809,11107,10812,0,3
7810,11108,10813,0,2
7811,11110,10815,0,4
7812,11111,10799,0,5
7813,11112,10816,0,3
7814,11113,10817,0,1
7815,11114,10818,0,2
7816,11115,10819,0,5
7817,11118,10822,0,1
7818,11119,10823,0,1
7819,11121,10825,0,2
7820,11124,10828,0,2
7821,11127,10831,0,2
7822,11128,10832,0,1
7823,11129,10833,0,2
7824,11130,10834,0,5
7825,11131,10835,0,1
7826,11133,10837,0,2
7827,11136,10840,0,3
7828,11137,10841,0,1
7829,11138,10842,0,1
7830,11139,10843,0,2
7831,11142,10846,0,4
7832,11143,10847,0,3
7833,11145,10849,0,1
7834,11146,10850,0,1
7835,11147,10851,0,2
7836,11149,10853,0,4
7837,11150,10854,0,5
7838,11151,10855,0,1
7839,11153,10857,0,2
7840,11154,10858,0,4
7841,11155,10859,0,3
7842,11158,10858,0,4
7843,11159,10862,0,5
7844,11163,10866,0,1
7845,11164,10867,0,2
7846,11165,10868,0,3
7847,11166,10869,0,4
7848,11167,10870,0,4
7849,11168,10871,0,4
7850,11170,10873,0,2
7851,11171,10874,0,5
7852,11174,10877,0,4
7853,11175,10878,0,3
7854,11176,10879,0,1
7855,11177,10880,0,4
7856,11178,10881,0,5
7857,11179,10882,0,4
7858,11180,10883,0,1
7859,11182,10885,0,4
7860,11183,10886,0,5
7861,11184,10887,0,3
7862,11186,10889,0,2
7863,11188,10891,0,3
7864,11190,10893,0,2
7865,11192,10895,0,1
7866,11193,10896,0,3
7867,11194,10897,0,1
7868,11195,10898,0,2
7869,11197,10900,0,5
7870,11198,10901,0,2
7871,11199,10902,0,4
7872,11201,10903,0,3
7873,11202,10904,0,1
7874,11203,10905,0,2
7875,11204,10906,0,3
7876,11205,10907,0,2
7877,11206,10908,0,4
7878,11207,10909,0,4
7879,11208,10910,0,4
7880,11209,10911,0,1
7881,11210,10912,0,4
7882,11212,10914,0,3
7883,11214,10916,0,2
7884,11215,10917,0,3
7885,11220,10922,0,5
7886,11221,10923,0,2
7887,11222,10924,0,3
7888,11223,10925,0,5
7889,11224,10926,0,1
7890,11225,10927,0,3
7891,11226,10928,0,5
7892,11227,10929,0,3
7893,11228,10930,0,4
7894,11231,10933,0,5
7895,11232,10934,0,5
7896,11233,10935,1,2
7897,11235,10937,0,4
7898,11236,10938,0,1
7899,11237,10939,0,2
7900,11238,10940,0,1
7901,11239,10941,0,4
7902,11242,10944,0,4
7903,11244,10946,1,4
7904,11245,10947,0,1
7905,11246,10948,0,3
7906,11248,10950,0,2
7907,11249,10951,0,3
7908,11250,10952,0,3
7909,11251,10953,0,3
7910,11252,10954,0,5
7911,11253,10955,0,4
7912,11255,10957,1,4
7913,11256,10958,0,3
7914,11258,10960,0,3
7915,11260,10962,0,2
7916,11261,10963,0,2
7917,11262,10964,0,2
7918,11266,10968,0,4
7919,11267,10969,0,3
7920,11271,10973,0,4
7921,11272,10974,0,5
7922,11273,10975,0,5
7923,11274,10976,1,5
7924,11276,10978,0,3
7925,11277,10979,0,2
7926,11278,10980,0,4
7927,11279,10981,0,1
7928,11280,10982,0,5
7929,11283,10985,0,4
7930,11285,10987,0,2
7931,11286,10988,0,1
7932,11287,10989,0,5
7933,11288,10990,0,4
7934,11289,10880,0,4
7935,11290,10991,0,4
7936,11295,10996,0,1
7937,11296,10997,0,2
7938,11298,10999,0,4
7939,11299,11000,0,3
7940,11301,11002,0,5
7941,11302,11003,0,3
7942,11303,11004,0,2
7943,11305,11006,0,3
7944,11306,11007,0,2
7945,11307,11008,0,3
7946,11309,11009,0,3
7947,11311,11011,0,1
7948,11312,11012,0,3
7949,11314,11014,0,4
7950,11316,11016,0,5
7951,11317,11017,1,1
7952,11319,11019,0,2
7953,11321,11021,0,3
7954,11322,11022,0,2
7955,11324,11024,0,4
7956,11326,11026,0,2
7957,11328,11028,0,4
7958,11329,11029,0,2
7959,11330,11030,0,1
7960,11331,11031,0,4
7961,11332,11032,0,2
7962,11333,11033,0,2
7963,11334,11034,0,1
7964,11336,11036,0,2
7965,11341,11041,0,2
7966,11342,11042,0,3
7967,11344,11044,0,3
7968,11346,11046,1,2
7969,11347,11047,0,5
7970,11348,11048,1,4
7971,11349,11049,0,4
7972,11352,11052,0,1
7973,11353,11053,0,1
7974,11354,11054,0,2
7975,11355,11055,0,4
7976,11358,11058,0,1
7977,11359,11059,0,2
7978,11361,11061,0,1
7979,11362,11062,0,4
7980,11365,11065,0,3
7981,11366,11066,0,4
7982,11367,11067,0,5
7983,11368,11068,0,5
7984,11370,11070,0,3
7985,11371,11071,0,1
7986,11372,11072,0,2
7987,11373,11066,0,4
7988,11377,11076,0,2
7989,11379,11078,0,3
7990,11380,11079,0,1
7991,11381,11080,0,3
7992,11382,11081,0,5
7993,11383,11082,0,2
7994,11385,11084,0,5
7995,11386,11085,0,2
7996,11387,11086,0,5
7997,11388,11087,0,4
7998,11390,11089,0,3
7999,11391,11090,0,3
8000,11392,11091,0,1
8001,11393,11092,0,5
8002,11394,11093,0,1
8003,11395,11094,0,4
8004,11397,11096,0,4
8005,11399,11098,0,1
8006,11400,11099,0,2
8007,11401,11100,0,2
8008,11403,11102,0,1
8009,11404,11103,0,2
8010,11405,11104,0,3
8011,11409,11108,0,5
8012,11410,11109,0,5
8013,11411,11110,0,5
8014,11413,11112,0,3
8015,11415,11114,0,3
8016,11416,11115,0,1
8017,11418,11117,0,5
8018,11420,11119,0,2
8019,11421,11120,0,2
8020,11423,11122,0,5
8021,11424,11123,0,4
8022,11425,11124,0,2
8023,11426,11125,0,2
8024,11428,11127,0,3
8025,11429,11128,0,2
8026,11431,11130,0,1
8027,11435,11108,0,5
8028,11438,11136,0,4
8029,11439,11137,0,4
8030,11441,11139,0,3
8031,11443,11141,0,3
8032,11446,11144,0,4
8033,11448,11146,0,5
8034,11449,11147,1,2
8035,11450,11148,1,4
8036,11452,11150,0,5
8037,11454,11146,0,5
8038,11455,11152,0,2
8039,11460,11156,0,4
8040,11462,11158,0,4
8041,11465,11161,0,4
8042,11466,11162,0,4
8043,11467,11163,0,5
8044,11468,11164,0,3
8045,11470,11166,0,5
8046,11473,11168,0,3
8047,11477,11172,0,5
8048,11478,11173,0,2
8049,11479,11174,0,5
8050,11480,11175,0,1
8051,11481,11130,0,1
8052,11482,11176,0,1
8053,11483,11177,0,4
8054,11484,11178,0,3
8055,11485,11179,0,5
8056,11486,11180,0,1
8057,11487,11181,0,5
8058,11488,11182,0,4
8059,11490,11184,0,5
8060,11491,11185,0,5
8061,11492,11186,1,3
8062,11493,11187,0,5
8063,11494,11188,0,1
8064,11495,11189,0,5
8065,11496,11190,0,5
8066,11497,11191,0,5
8067,11498,11192,0,3
8068,11499,11193,0,2
8069,11500,11194,0,3
8070,11501,11195,0,3
8071,11502,11196,0,2
8072,11504,11139,0,3
8073,11505,11198,0,1
8074,11507,11200,0,1
8075,11508,11201,0,2
8076,11509,11202,0,4
8077,11510,11203,0,2
8078,11511,11204,0,5
8079,11512,11205,0,2
8080,11513,11206,0,5
8081,11514,11207,0,2
8082,11517,11210,0,1
8083,11519,11212,0,1
8084,11521,11214,0,2
8085,11522,11215,0,3
8086,11523,11216,0,4
8087,11525,11218,0,3
8088,11527,11220,0,3
8089,11529,11222,1,5
8090,11531,11224,0,1
8091,11532,11225,1,4
8092,11533,11226,0,2
8093,11534,11227,0,3
8094,11537,11230,0,4
8095,11538,11231,0,5
8096,11539,11232,0,4
8097,11540,11233,0,1
8098,11541,11234,0,2
8099,11542,11235,0,4
8100,11543,11236,0,1
8101,11544,11237,0,3
8102,11545,11238,0,3
8103,11546,11239,0,3
8104,11548,11241,0,1
8105,11549,11242,1,3
8106,11550,11243,0,4
8107,11552,11245,1,3
8108,11553,11246,0,3
8109,11554,11247,0,1
8110,11555,11248,0,4
8111,11557,11250,0,4
8112,11558,11251,0,3
8113,11559,11252,0,5
8114,11562,11254,0,3
8115,11563,11255,0,4
8116,11566,11258,0,3
8117,11568,11260,0,3
8118,11569,11261,0,5
8119,11570,11262,0,1
8120,11572,11264,0,4
8121,11573,11265,0,2
8122,11574,11266,0,1
8123,11576,11268,0,3
8124,11577,11269,0,2
8125,11578,11270,0,4
8126,11579,11271,0,5
8127,11580,11272,0,5
8128,11581,11273,0,1
8129,11582,11274,0,1
8130,11583,11275,0,3
8131,11584,11276,0,5
8132,11585,11277,0,4
8133,11586,11278,0,5
8134,11587,11279,0,3
8135,11589,11281,0,5
8136,11590,11282,0,5
8137,11592,11284,0,3
8138,11594,11286,0,1
8139,11596,11288,0,3
8140,11597,11289,0,1
8141,11598,11290,0,1
8142,11599,11291,0,4
8143,11600,11292,0,2
8144,11601,11293,0,1
8145,11605,11297,0,1
8146,11607,11299,0,4
8147,11608,11300,0,3
8148,11610,11302,0,3
8149,11611,11303,0,4
8150,11612,11304,0,2
8151,11613,11305,0,3
8152,11615,11307,0,4
8153,11616,11308,0,4
8154,11618,11310,0,5
8155,11619,11311,0,2
8156,11620,11312,0,3
8157,11621,11313,0,3
8158,11622,11314,0,4
8159,11623,11315,0,2
8160,11624,11316,0,3
8161,11625,11317,0,4
8162,11628,11320,0,5
8163,11629,11321,0,1
8164,11631,11323,0,1
8165,11634,11326,0,5
8166,11636,11328,0,5
8167,11637,11329,0,2
8168,11638,11330,0,4
8169,11639,11331,0,3
8170,11640,11332,0,3
8171,11641,11333,0,4
8172,11642,11334,0,3
8173,11643,11335,0,2
8174,11644,11336,0,5
8175,11647,11339,0,2
8176,11648,11340,0,2
8177,11649,11341,0,5
8178,11650,11342,0,2
8179,11653,11345,0,3
8180,11654,11346,0,5
8181,11655,11347,0,1
8182,11657,11349,0,4
8183,11658,11350,0,4
8184,11659,11351,0,1
8185,11661,11353,0,3
8186,11662,11354,0,5
8187,11663,11355,0,1
8188,11665,11357,0,2
8189,11666,11358,0,1
8190,11669,11361,0,1
8191,11672,11364,0,1
8192,11673,11365,0,2
8193,11675,11367,0,2
8194,11677,11369,0,5
8195,11678,11370,0,2
8196,11679,11371,0,2
8197,11680,11372,0,3
8198,11681,11373,0,2
8199,11682,11374,0,4
8200,11683,11375,0,3
8201,11686,11378,0,4
8202,11687,11379,0,4
8203,11688,11380,0,1
8204,11689,11381,0,2
8205,11690,11382,1,4
8206,11691,11383,0,2
8207,11692,11384,0,1
8208,11693,11385,0,5
8209,11694,11386,0,1
8210,11695,11387,0,3
8211,11698,11390,0,2
8212,11699,11391,0,3
8213,11700,11392,0,2
8214,11701,11393,0,1
8215,11702,11394,0,1
8216,11704,11396,0,3
8217,11707,11399,0,5
8218,11708,11400,1,1
8219,11709,11401,0,4
8220,11710,11402,0,3
8221,11712,11404,0,3
8222,11713,11405,0,1
8223,11714,11406,0,1
8224,11716,11408,1,2
8225,11717,11409,1,1
8226,11721,11413,0,5
8227,11722,11414,0,5
8228,11727,11419,0,4
8229,11728,11420,0,4
8230,11729,11421,0,1
8231,11730,11422,0,5
8232,11731,11423,0,2
8233,11732,11424,0,3
8234,11733,11425,0,4
8235,11737,11429,1,1
8236,11738,11430,0,2
8237,11739,11431,0,4
8238,11740,11432,0,1
8239,11741,11433,0,4
8240,11742,11434,0,4
8241,11746,11438,0,2
8242,11747,11439,0,4
8243,11750,11442,0,4
8244,11751,11443,0,3
8245,11752,11444,1,2
8246,11753,11445,0,1
8247,11754,11446,0,2
8248,11755,11447,0,2
8249,11756,11448,0,3
8250,11757,11449,0,3
8251,11758,11450,0,4
8252,11759,11451,0,5
8253,11760,11452,0,3
8254,11763,11455,0,4
8255,11765,11457,0,3
8256,11766,11458,0,1
8257,11767,11459,0,3
8258,11768,11304,0,2
8259,11770,11461,0,2
8260,11772,11463,0,3
8261,11773,11464,0,4
8262,11774,11465,0,2
8263,11777,11468,0,1
8264,11779,11470,0,2
8265,11780,11471,0,2
8266,11781,11472,0,3
8267,11783,11474,0,3
8268,11784,11475,0,1
8269,11786,11477,0,4
8270,11788,11479,0,5
8271,11789,11480,0,4
8272,11792,11483,0,4
8273,11794,11485,0,2
8274,11795,11486,0,1
8275,11796,11487,0,5
8276,11797,11488,0,5
8277,11799,11490,0,1
8278,11800,11491,0,2
8279,11802,11493,0,2
8280,11803,11494,0,3
8281,11804,11495,0,4
8282,11805,11496,0,3
8283,11807,11498,0,3
8284,11809,11500,0,2
8285,11810,11501,0,3
8286,11813,11504,0,2
8287,11814,11505,0,2
8288,11815,11506,0,4
8289,11816,11507,0,2
8290,11817,11508,0,4
8291,11819,11510,0,3
8292,11820,11511,0,4
8293,11821,11512,0,5
8294,11822,11513,0,2
8295,11823,11514,0,2
8296,11824,11515,0,3
8297,11825,11516,0,2
8298,11826,11517,0,2
8299,11827,11518,0,3
8300,11828,11519,0,3
8301,11829,11520,0,5
8302,11830,11521,0,1
8303,11833,11524,0,3
8304,11834,11525,0,4
8305,11835,11526,0,1
8306,11836,11527,0,1
8307,11838,11529,0,2
8308,11839,11530,0,3
8309,11840,11531,0,3
8310,11841,11532,0,4
8311,11842,11533,0,4
8312,11843,11534,0,2
8313,11846,11537,0,3
8314,11847,11538,0,5
8315,11848,11539,0,2
8316,11850,11541,0,2
8317,11852,11543,0,5
8318,11853,11544,0,4
8319,11855,11546,0,1
8320,11856,11547,0,4
8321,11857,11548,0,2
8322,11858,11549,0,3
8323,11859,11550,0,5
8324,11860,11551,0,4
8325,11861,11552,0,4
8326,11862,11553,0,5
8327,11864,11555,0,2
8328,11865,11556,0,3
8329,11867,11558,0,4
8330,11868,11559,0,2
8331,11871,11562,0,5
8332,11874,11565,0,4
8333,11875,11566,0,5
8334,11877,11568,0,3
8335,11878,11569,0,3
8336,11879,11570,0,2
8337,11880,11571,0,2
8338,11881,11572,0,5
8339,11882,11573,0,1
8340,11883,11574,0,3
8341,11886,11577,0,3
8342,11890,11581,0,1
8343,11891,11582,0,4
8344,11894,11585,0,1
8345,11895,11586,0,3
8346,11896,11587,0,1
8347,11898,11589,0,1
8348,11899,11590,0,4
8349,11900,11591,0,1
8350,11902,11593,0,3
8351,11903,11594,0,5
8352,11904,11595,0,3
8353,11905,11596,0,3
8354,11906,11597,0,1
8355,11907,11598,0,2
8356,11909,11600,0,1
8357,11911,11602,0,3
8358,11913,11604,0,5
8359,11914,11605,0,1
8360,11916,11607,0,1
8361,11917,11608,0,3
8362,11918,11609,0,2
8363,11919,11610,0,2
8364,11920,11611,0,4
8365,11921,11612,0,1
8366,11922,11613,0,4
8367,11923,11614,0,2
8368,11924,11615,0,2
8369,11925,11616,0,1
8370,11926,11617,0,5
8371,11927,11618,0,4
8372,11929,11620,0,1
8373,11930,11621,0,2
8374,11931,11622,1,5
8375,11932,11623,0,5
8376,11933,11624,1,4
8377,11934,11625,0,1
8378,11936,11627,1,3
8379,11937,11628,1,1
8380,11938,11629,0,2
8381,11939,11630,0,3
8382,11940,11631,0,3
8383,11941,11632,0,2
8384,11944,11635,0,4
8385,11946,11637,0,1
8386,11947,11638,1,5
8387,11948,11639,0,3
8388,11949,11640,0,5
8389,11950,11641,0,4
8390,11951,11642,0,3
8391,11954,11645,0,3
8392,11956,11647,0,4
8393,11957,11648,0,5
8394,11958,11649,0,3
8395,11959,11650,0,4
8396,11960,11651,0,5
8397,11961,11652,1,4
8398,11962,11653,0,1
8399,11964,11655,0,1
8400,11965,11656,0,5
8401,11966,11657,0,2
8402,11967,11658,0,5
8403,11969,11660,0,2
8404,11970,11661,0,4
8405,11971,11662,0,1
8406,11973,11664,0,1
8407,11975,11666,0,3
8408,11976,11667,0,4
8409,11977,11668,0,2
8410,11978,11669,0,1
8411,11981,11672,0,3
8412,11982,11673,0,4
8413,11984,11675,0,1
8414,11985,11676,0,3
8415,11986,11677,0,1
8416,11987,11678,0,1
8417,11988,11679,0,5
8418,11990,11681,0,3
8419,11991,11682,0,4
8420,11992,11683,0,4
8421,11993,11684,0,1
8422,11994,11685,0,2
8423,11995,11686,0,5
8424,11997,11688,0,5
8425,11999,11690,0,3
8426,12001,11692,0,3
8427,12003,11694,0,3
8428,12005,11696,0,3
8429,12006,11697,0,1
8430,12007,11698,0,5
8431,12008,11699,0,4
8432,12011,11702,0,1
8433,12012,11703,0,2
8434,12013,11704,0,1
8435,12014,11705,0,1
8436,12015,11706,0,5
8437,12018,11709,0,1
8438,12019,11710,0,1
8439,12020,11711,0,3
8440,12021,11712,0,4
8441,12022,11713,0,2
8442,12025,11716,0,4
8443,12026,11717,0,5
8444,12028,11719,0,5
8445,12030,11721,0,4
8446,12031,11722,0,5
8447,12032,11723,0,4
8448,12033,11724,0,5
8449,12034,11725,0,3
8450,12036,11727,0,5
8451,12037,11728,0,2
8452,12038,11729,0,4
8453,12039,11730,1,1
8454,12040,11731,0,3
8455,12042,11733,0,5
8456,12044,11735,0,2
8457,12045,11736,0,2
8458,12046,11737,0,4
8459,12047,11738,0,4
8460,12048,11739,0,4
8461,12051,11742,0,1
8462,12052,11743,0,2
8463,12053,11744,0,1
8464,12054,11745,0,1
8465,12055,11746,0,5
8466,12056,11747,0,5
8467,12057,11748,1,4
8468,12058,11749,0,4
8469,12059,11750,0,4
8470,12062,11753,0,5
8471,12064,11755,0,1
8472,12065,11756,0,2
8473,12066,11757,0,4
8474,12067,11758,0,1
8475,12068,11758,0,1
8476,12069,11759,0,3
8477,12070,11760,0,3
8478,12071,11761,0,5
8479,12072,11762,0,4
8480,12074,11764,0,1
8481,12077,11767,0,4
8482,12079,11769,0,1
8483,12080,11770,0,4
8484,12082,11772,0,1
8485,12083,11773,0,3
8486,12085,11775,0,1
8487,12088,11778,0,1
8488,12089,11779,0,2
8489,12090,11780,0,4
8490,12091,11781,0,4
8491,12092,11782,0,1
8492,12094,11784,0,4
8493,12096,11786,0,1
8494,12098,11788,0,3
8495,12101,11791,0,2
8496,12102,11792,0,4
8497,12104,11794,0,1
8498,12105,11795,0,2
8499,12106,11796,0,4
8500,12109,11799,0,4
8501,12110,11800,0,3
8502,12111,11801,0,2
8503,12112,11802,0,3
8504,12113,11803,0,5
8505,12114,11804,0,5
8506,12115,11805,0,5
8507,12117,11807,0,1
8508,12118,11808,0,5
8509,12119,11809,0,1
8510,12120,11810,0,1
8511,12121,11811,0,5
8512,12122,11812,0,2
8513,12123,11813,0,5
8514,12124,11814,0,4
8515,12125,11815,0,1
8516,12126,11816,0,5
8517,12127,11817,0,4
8518,12129,11819,0,3
8519,12130,11820,0,3
8520,12131,11821,0,5
8521,12136,11826,0,1
8522,12139,11829,1,2
8523,12140,11830,0,1
8524,12142,11832,0,4
8525,12143,11833,0,1
8526,12144,11834,0,5
8527,12146,11836,0,4
8528,12147,11837,0,4
8529,12149,11839,0,1
8530,12151,11841,0,3
8531,12153,11843,0,4
8532,12156,11846,0,5
8533,12157,11847,0,3
8534,12158,11848,0,1
8535,12160,11850,0,3
8536,12161,11850,0,3
8537,12162,11851,0,1
8538,12163,11852,0,2
8539,12164,11853,0,4
8540,12165,11854,0,1
8541,12167,11856,0,1
8542,12169,11858,0,3
8543,12170,11859,0,2
8544,12171,11860,0,3
8545,12172,11861,0,5
8546,12173,11862,0,5
8547,12174,11863,0,1
8548,12175,11863,0,1
8549,12177,11865,0,1
8550,12178,11866,0,5
8551,12179,11867,0,5
8552,12180,11868,0,5
8553,12181,11869,0,5
8554,12182,11870,0,3
8555,12183,11871,0,5
8556,12184,11872,0,5
8557,12186,11874,0,4
8558,12188,11876,0,4
8559,12189,11877,0,1
8560,12193,11881,0,2
8561,12194,11882,0,3
8562,12195,11883,1,1
8563,12196,11884,0,4
8564,12197,11885,0,5
8565,12199,11887,0,2
8566,12201,11889,0,5
8567,12202,11890,0,5
8568,12203,11891,0,4
8569,12204,11892,0,3
8570,12205,11893,0,4
8571,12207,11895,0,5
8572,12208,11896,0,1
8573,12209,11897,0,3
8574,12210,11898,0,2
8575,12211,11899,0,1
8576,12212,11900,0,2
8577,12213,11901,0,3
8578,12214,11902,0,2
8579,12215,11903,0,4
8580,12216,11904,0,2
8581,12217,11905,0,4
8582,12218,11906,0,3
8583,12220,11908,0,5
8584,12222,11910,0,1
8585,12223,11911,0,4
8586,12225,11913,0,1
8587,12226,11914,0,5
8588,12227,11915,0,4
8589,12228,11916,0,2
8590,12229,11917,0,4
8591,12230,11918,0,3
8592,12232,11920,0,5
8593,12235,11923,0,4
8594,12237,11925,0,1
8595,12238,11926,0,3
8596,12239,11927,0,3
8597,12240,11928,0,2
8598,12241,11929,0,3
8599,12242,11930,0,1
8600,12243,11931,0,2
8601,12245,11933,0,2
8602,12246,11934,0,4
8603,12247,11935,0,5
8604,12248,11936,0,5
8605,12249,11937,0,4
8606,12251,11939,0,3
8607,12254,11942,0,1
8608,12258,11944,0,4
8609,12259,11945,0,1
8610,12260,11946,0,5
8611,12262,11947,0,4
8612,12263,11948,0,2
8613,12264,11949,1,5
8614,12268,11953,0,1
8615,12269,11954,0,5
8616,12270,11955,0,3
8617,12271,11956,0,3
8618,12272,11957,0,4
8619,12273,11958,0,1
8620,12275,11960,0,5
8621,12276,11961,0,2
8622,12277,11962,0,5
8623,12278,11963,0,3
8624,12281,11966,0,4
8625,12282,11967,0,5
8626,12283,11968,0,2
8627,12286,11971,0,4
8628,12287,11972,0,1
8629,12289,11974,0,2
8630,12290,11975,0,5
8631,12291,11976,0,2
8632,12293,11978,0,4
8633,12294,11979,0,3
8634,12295,11980,0,1
8635,12296,11981,0,1
8636,12298,11983,0,5
8637,12299,11984,0,2
8638,12300,11985,0,4
8639,12301,11986,0,4
8640,12302,11986,0,4
8641,12303,11987,0,3
8642,12304,11988,0,2
8643,12306,11990,0,2
8644,12307,11991,0,1
8645,12308,11992,0,2
8646,12309,11993,0,2
8647,12310,11994,0,3
8648,12311,11995,0,3
8649,12312,11996,0,5
8650,12313,11997,0,2
8651,12314,11998,0,1
8652,12315,11999,0,5
8653,12316,12000,0,5
8654,12317,12001,0,5
8655,12318,12002,0,1
8656,12322,12005,1,5
8657,12323,12006,0,3
8658,12324,12007,0,5
8659,12325,12008,0,5
8660,12329,12011,0,3
8661,12330,12012,0,1
8662,12332,12014,0,4
8663,12335,12017,0,1
8664,12337,12019,0,4
8665,12338,12020,0,2
8666,12339,12021,0,4
8667,12340,12022,0,5
8668,12341,12023,0,4
8669,12342,12024,0,4
8670,12343,12025,0,1
8671,12344,12026,0,5
8672,12345,12027,0,2
8673,12346,12028,0,4
8674,12347,12029,0,4
8675,12348,12030,0,3
8676,12349,12031,0,3
8677,12350,12032,0,2
8678,12352,12034,0,5
8679,12354,12036,0,4
8680,12355,12037,0,3
8681,12356,12038,0,3
8682,12357,12039,0,3
8683,12358,12040,0,1
8684,12359,12041,0,3
8685,12361,12043,0,2
8686,12363,12045,0,2
8687,12364,12046,0,1
8688,12365,12047,0,5
8689,12366,12048,0,1
8690,12367,12049,0,2
8691,12369,12051,0,1
8692,12370,12052,0,4
8693,12371,12053,0,4
8694,12372,12054,0,2
8695,12375,12057,0,2
8696,12379,12061,0,4
8697,12381,12063,0,4
8698,12383,12065,0,5
8699,12384,12066,1,3
8700,12385,12067,1,1
8701,12386,12068,0,5
8702,12387,12069,1,3
8703,12388,12070,0,4
8704,12390,12072,0,1
8705,12393,12075,0,1
8706,12394,12076,0,2
8707,12396,12078,0,5
8708,12397,12079,0,1
8709,12398,12080,0,5
8710,12399,12081,0,3
8711,12400,12082,0,5
8712,12401,12083,0,3
8713,12402,12084,0,5
8714,12403,12085,0,4
8715,12405,12087,0,1
8716,12407,12089,0,2
8717,12408,12090,0,3
8718,12410,12092,0,2
8719,12411,12093,0,3
8720,12412,12094,0,5
8721,12414,12096,0,5
8722,12416,12098,0,1
8723,12417,12099,0,1
8724,12418,12100,0,3
8725,12419,12101,0,3
8726,12420,12102,0,2
8727,12421,12103,0,1
8728,12423,12105,0,1
8729,12424,12106,0,5
8730,12426,12108,0,2
8731,12428,12110,0,2
8732,12429,12111,0,1
8733,12430,12112,0,4
8734,12432,12114,0,1
8735,12433,12115,1,2
8736,12435,12117,0,4
8737,12436,12118,0,5
8738,12438,12120,0,2
8739,12441,12123,0,5
8740,12445,12127,0,4
8741,12446,12128,0,4
8742,12447,12129,0,5
8743,12448,12130,0,2
8744,12450,12132,0,5
8745,12451,12133,0,2
8746,12452,12134,0,2
8747,12454,12136,0,5
8748,12455,12137,1,3
8749,12457,12139,0,4
8750,12458,12140,1,3
8751,12460,12142,0,3
8752,12461,12143,1,1
8753,12463,12145,0,2
8754,12464,12146,0,5
8755,12465,12147,0,5
8756,12466,12148,1,2
8757,12467,12149,1,1
8758,12468,12150,0,2
8759,12472,12154,0,3
8760,12473,12155,0,1
8761,12477,12159,0,4
8762,12478,12160,0,4
8763,12479,12161,0,4
8764,12482,12164,0,3
8765,12483,12165,0,4
8766,12484,12166,0,4
8767,12486,12168,0,5
8768,12487,12169,0,1
8769,12488,12170,0,1
8770,12490,12172,0,1
8771,12491,12173,0,2
8772,12493,12175,0,2
8773,12494,12176,0,5
8774,12496,12178,0,1
8775,12497,12179,0,4
8776,12499,12181,0,1
8777,12500,12182,0,5
8778,12501,12183,1,5
8779,12502,12184,0,3
8780,12503,12185,0,5
8781,12504,12186,0,4
8782,12506,12179,1,4
8783,12507,12188,0,3
8784,12508,12189,0,3
8785,12510,12191,0,1
8786,12511,12192,0,2
8787,12512,12193,0,2
8788,12515,12196,0,3
8789,12517,12198,0,4
8790,12518,12199,0,5
8791,12521,12202,0,1
8792,12522,12203,0,4
8793,12524,12205,0,1
8794,12526,12205,1,1
8795,12528,12208,0,2
8796,12530,12210,0,5
8797,12531,12211,0,5
8798,12533,12213,0,1
8799,12535,12215,0,1
8800,12536,12216,0,5
8801,12537,12217,0,5
8802,12538,12218,0,1
8803,12539,12219,0,1
8804,12540,12220,0,3
8805,12541,12221,0,4
8806,12542,12222,0,1
8807,12544,12224,0,4
8808,12547,12227,0,4
8809,12548,12228,0,3
8810,12552,12232,0,3
8811,12553,12233,0,1
8812,12555,12234,0,1
8813,12558,12237,0,4
8814,12559,12238,0,3
8815,12560,12239,0,1
8816,12562,12241,0,2
8817,12563,12242,0,2
8818,12564,12243,0,2
8819,12565,12244,1,4
8820,12566,12245,0,1
8821,12567,12246,0,2
8822,12568,12247,1,2
8823,12569,12248,0,1
8824,12570,12249,0,5
8825,12571,12250,0,4
8826,12572,12251,0,5
8827,12573,12252,0,5
8828,12574,12253,0,3
8829,12577,12256,0,3
8830,12578,12257,0,3
8831,12579,12258,0,5
8832,12580,12259,0,4
8833,12581,12260,0,3
8834,12582,12261,0,3
8835,12583,12262,0,4
8836,12584,12263,0,1
8837,12586,12265,1,2
8838,12589,12268,0,1
8839,12591,12270,0,2
8840,12592,12271,0,3
8841,12593,12272,0,2
8842,12594,12273,0,1
8843,12595,12274,0,1
8844,12596,12275,0,3
8845,12597,12276,0,3
8846,12599,12278,0,5
8847,12600,12279,0,3
8848,12601,12280,0,3
8849,12602,12279,0,3
8850,12603,12281,0,3
8851,12604,12282,0,4
8852,12605,12283,1,5
8853,12608,12286,0,2
8854,12609,12287,0,1
8855,12610,12288,0,4
8856,12611,12289,0,4
8857,12612,12290,0,2
8858,12614,12292,0,3
8859,12615,12293,0,1
8860,12618,12296,0,3
8861,12619,12297,0,1
8862,12620,12298,0,3
8863,12624,12302,0,3
8864,12625,12303,0,1
8865,12626,12304,0,4
8866,12629,12307,0,4
8867,12630,12308,0,2
8868,12632,12310,0,4
8869,12633,12311,0,1
8870,12634,12312,0,4
8871,12635,12313,0,4
8872,12636,12314,0,5
8873,12638,12316,0,3
8874,12639,12317,0,3
8875,12640,12318,0,3
8876,12641,12319,0,5
8877,12642,12320,0,1
8878,12645,12323,0,4
8879,12646,12324,0,1
8880,12647,12325,0,1
8881,12648,12326,0,4
8882,12649,12327,0,1
8883,12650,12328,0,2
8884,12651,12329,0,2
8885,12653,12331,0,3
8886,12654,12332,0,4
8887,12655,12333,0,1
8888,12658,12336,0,3
8889,12659,12337,0,2
8890,12660,12338,0,2
8891,12661,12339,0,1
8892,12662,12340,0,2
8893,12664,12342,0,3
8894,12665,12343,0,3
8895,12666,12344,0,5
8896,12668,12346,0,3
8897,12669,12347,0,5
8898,12670,12348,0,3
8899,12671,12349,0,2
8900,12672,12350,0,5
8901,12673,12351,0,3
8902,12675,12353,0,4
8903,12676,12354,0,4
8904,12677,12355,0,2
8905,12678,12356,0,5
8906,12680,12358,0,4
8907,12681,12359,0,4
8908,12683,12361,0,3
8909,12685,12363,0,5
8910,12687,12365,0,4
8911,12688,12366,0,4
8912,12690,12368,0,2
8913,12692,12370,0,3
8914,12694,12372,0,3
8915,12695,12373,0,2
8916,12696,12374,0,2
8917,12697,12375,0,4
8918,12698,12376,0,3
8919,12699,12377,0,3
8920,12702,12380,0,5
8921,12703,12381,0,1
8922,12704,12382,0,2
8923,12706,12384,0,5
8924,12707,12385,1,5
8925,12708,12386,0,5
8926,12709,12387,0,3
8927,12710,12388,0,2
8928,12712,12390,0,2
8929,12713,12391,0,2
8930,12714,12392,0,5
8931,12715,12393,0,5
8932,12716,12394,0,5
8933,12717,12395,0,2
8934,12719,12397,0,5
8935,12721,12397,0,5
8936,12722,12397,0,5
8937,12723,12399,0,2
8938,12724,12400,0,1
8939,12727,12403,0,2
8940,12728,12404,0,5
8941,12729,12405,0,5
8942,12730,12406,0,5
8943,12731,12407,0,5
8944,12732,12408,0,5
8945,12733,12408,0,5
8946,12734,12409,0,5
8947,12735,12410,0,3
8948,12736,12411,0,4
8949,12737,12412,0,5
8950,12740,12414,0,3
8951,12741,12415,0,2
8952,12742,12416,0,1
8953,12745,12419,0,5
8954,12747,12421,0,5
8955,12748,12422,0,5
8956,12749,12423,0,4
8957,12750,12424,0,5
8958,12751,12423,0,4
8959,12752,12425,0,5
8960,12753,12426,0,3
8961,12754,12427,0,3
8962,12755,12428,0,3
8963,12757,12430,0,4
8964,12759,12432,0,2
8965,12760,12433,0,3
8966,12761,12434,0,1
8967,12763,12436,0,1
8968,12764,12434,0,1
8969,12766,12438,1,2
8970,12767,12433,1,3
8971,12768,12439,0,5
8972,12769,12439,0,5
8973,12771,12441,0,2
8974,12772,12442,0,5
8975,12775,12445,0,3
8976,12777,12445,0,3
8977,12779,12448,0,5
8978,12780,12449,0,5
8979,12782,12451,0,1
8980,12783,12452,0,2
8981,12784,12453,0,3
8982,12785,12454,1,1
8983,12786,12455,0,2
8984,12788,12456,0,4
8985,12789,12455,0,2
8986,12790,12457,0,5
8987,12791,12458,0,2
8988,12795,12462,0,2
8989,12796,12463,0,5
8990,12800,12466,0,2
8991,12801,12467,0,3
8992,12803,12469,1,5
8993,12804,12470,0,5
8994,12805,12471,0,4
8995,12807,12473,0,4
8996,12808,12474,0,2
8997,12809,12475,1,3
8998,12811,12477,0,1
8999,12812,12478,0,5
9000,12814,12480,0,3
9001,12816,12482,0,2
9002,12817,12483,0,4
9003,12818,12484,0,5
9004,12820,12484,0,5
9005,12822,12486,0,1
9006,12823,12480,1,3
9007,12824,12487,0,5
9008,12826,12489,1,5
9009,12827,12490,0,3
9010,12828,12491,0,4
9011,12830,12480,0,3
9012,12831,12473,0,4
9013,12832,12492,0,5
9014,12833,12492,0,5
9015,12834,12493,0,2
9016,12840,12491,0,4
9017,12841,12499,0,4
9018,12843,12501,1,1
9019,12845,12503,0,2
9020,12846,12504,0,5
9021,12849,12506,0,1
9022,12850,12507,0,5
9023,12851,12508,0,1
9024,12854,12511,0,3
9025,12856,12410,0,3
9026,12857,12513,1,2
9027,12858,12514,0,4
9028,12859,12515,0,5
9029,12860,12515,0,5
9030,12861,12516,0,4
9031,12862,12517,0,5
9032,12865,12520,0,1
9033,12866,12521,1,5
9034,12869,12524,0,3
9035,12873,12528,0,5
9036,12874,12529,0,5
9037,12876,12531,1,3
9038,12877,12532,0,4
9039,12879,12534,0,5
9040,12880,12535,0,1
9041,12881,12515,0,5
9042,12882,12532,0,4
9043,12883,12536,0,2
9044,12884,12537,0,4
9045,12885,12515,0,5
9046,12886,12538,0,2
9047,12887,12539,1,2
9048,12888,12540,0,3
9049,12889,12541,0,2
9050,12890,12542,0,1
9051,12891,12543,0,4
9052,12892,12544,0,2
9053,12893,12545,0,5
9054,12894,12546,0,2
9055,12895,12547,0,5
9056,12896,12548,0,5
9057,12898,12549,0,4
9058,12899,12550,0,2
9059,12900,12551,0,4
9060,12902,12553,0,1
9061,12903,12554,0,5
9062,12905,12556,0,4
9063,12906,12556,0,4
9064,12907,12486,0,1
9065,12908,12543,0,4
9066,12909,12556,0,4
9067,12910,12557,0,4
9068,12911,12558,0,3
9069,12912,12559,0,4
9070,12913,12560,0,5
9071,12914,12561,0,5
9072,12915,12562,0,1
9073,12916,12563,0,5
9074,12917,12564,0,3
9075,12919,12566,0,2
9076,12921,12568,0,5
9077,12927,12422,0,5
9078,12928,12571,0,3
9079,12929,12572,0,2
9080,12930,12573,0,2
9081,12931,12574,0,5
9082,12932,12575,1,5
9083,12933,12576,0,3
9084,12935,12577,0,4
9085,12936,12578,0,5
9086,12937,12579,0,2
9087,12938,12580,0,4
9088,12940,12582,0,4
9089,12941,12583,0,5
9090,12943,12585,0,3
9091,12944,12586,0,2
9092,12946,12587,0,4
9093,12948,12588,0,4
9094,12949,12589,0,5
9095,12950,12590,0,3
9096,12951,12591,0,1
9097,12952,12592,0,3
9098,12956,12596,0,1
9099,12957,12597,0,2
9100,12959,12599,0,2
9101,12961,12601,0,1
9102,12963,12603,0,5
9103,12965,12605,0,3
9104,12972,12610,0,3
9105,12973,12611,0,1
9106,12978,12616,0,5
9107,12979,12617,0,4
9108,12981,12619,0,3
9109,12982,12620,1,4
9110,12983,12621,1,5
9111,12986,12624,0,3
9112,12988,12626,0,5
9113,12989,12627,0,4
9114,12991,12629,0,3
9115,12992,12630,0,5
9116,12993,12631,0,2
9117,12994,12632,0,2
9118,12995,12633,0,1
9119,12997,12635,0,1
9120,12998,12636,0,4
9121,13002,12638,0,5
9122,13003,12639,0,4
9123,13007,12640,0,4
9124,13008,12641,0,3
9125,13009,12642,0,1
9126,13010,12643,0,5
9127,13011,12644,1,3
9128,13012,12645,0,4
9129,13015,12647,0,3
9130,13016,12648,1,4
9131,13017,12649,0,2
9132,13019,12651,0,3
9133,13022,12652,0,4
9134,13023,12653,0,5
9135,13025,12632,0,2
9136,13027,12656,1,3
9137,13028,12657,0,4
9138,13029,12658,0,5
9139,13030,12659,0,2
9140,13031,12660,1,3
9141,13033,12662,0,5
9142,13034,12663,0,2
9143,13035,12664,0,5
9144,13036,12665,0,5
9145,13038,12666,0,2
9146,13040,12668,0,5
9147,13041,12669,0,1
9148,13042,12670,0,4
9149,13043,12671,0,5
9150,13044,12672,0,5
9151,13045,12673,0,4
9152,13046,12674,0,5
9153,13047,12675,0,5
9154,13048,12676,0,3
9155,13049,12627,0,4
9156,13050,12677,0,1
9157,13051,12678,0,4
9158,13052,12679,0,4
9159,13054,12537,0,4
9160,13056,12682,0,1
9161,13057,12683,0,1
9162,13058,12624,0,3
9163,13059,12684,0,3
9164,13060,12685,0,3
9165,13061,12686,0,4
9166,13063,12645,0,4
9167,13065,12688,0,4
9168,13066,12689,0,4
9169,13069,12692,0,5
9170,13071,12693,0,5
9171,13072,12694,0,4
9172,13073,12695,0,3
9173,13074,12696,0,1
9174,13078,12699,0,5
9175,13079,12700,0,1
9176,13080,12699,0,5
9177,13081,12699,0,5
9178,13082,12701,0,1
9179,13085,12703,0,2
9180,13086,12704,0,1
9181,13087,12705,0,1
9182,13088,12706,0,2
9183,13089,12707,0,5
9184,13090,12708,0,4
9185,13091,12631,0,2
9186,13092,12709,0,2
9187,13093,12710,0,4
9188,13094,12449,0,5
9189,13095,12711,0,3
9190,13097,12713,0,3
9191,13098,12714,0,2
9192,13103,12719,0,2
9193,13106,12721,0,2
9194,13107,12722,0,2
9195,13108,12723,0,4
9196,13110,12725,0,1
9197,13111,12726,0,3
9198,13112,12727,0,3
9199,13113,12728,0,3
9200,13114,12729,0,3
9201,13117,12731,0,2
9202,13119,12733,0,4
9203,13122,12735,0,2
9204,13124,12737,0,3
9205,13125,12738,0,2
9206,13126,12739,0,4
9207,13127,12740,0,5
9208,13128,12741,0,4
9209,13129,12742,1,5
9210,13130,12743,0,4
9211,13131,12744,1,4
9212,13133,12746,0,4
9213,13135,12748,0,2
9214,13136,12749,0,3
9215,13137,12750,1,1
9216,13138,12751,0,4
9217,13139,12752,0,1
9218,13141,12752,0,1
9219,13143,12755,0,4
9220,13144,12752,0,1
9221,13145,12752,0,1
9222,13146,12752,0,1
9223,13148,12757,0,3
9224,13150,12758,0,4
9225,13151,12752,0,1
9226,13152,12758,0,4
9227,13154,12760,0,4
9228,13155,12761,0,3
9229,13156,12762,0,3
9230,13159,12763,0,2
9231,13164,12767,0,4
9232,13165,12768,0,2
9233,13166,12769,0,4
9234,13167,12767,0,4
9235,13169,12767,0,4
9236,13170,12767,0,4
9237,13171,12771,0,1
9238,13172,12767,0,4
9239,13173,12772,0,3
9240,13174,12773,0,3
9241,13175,12774,0,3
9242,13176,12762,1,3
9243,13177,12775,0,1
9244,13179,12776,0,5
9245,13181,12778,0,1
9246,13182,12779,0,1
9247,13183,12780,0,1
9248,13184,12779,0,1
9249,13185,12781,0,1
9250,13186,12782,1,2
9251,13187,12783,0,4
9252,13189,12784,1,1
9253,13191,12786,0,5
9254,13192,12787,0,5
9255,13196,12791,0,2
9256,13197,12735,0,2
9257,13202,12794,0,4
9258,13203,12795,0,5
9259,13204,12794,0,4
9260,13205,12796,0,3
9261,13206,12774,0,3
9262,13207,12797,0,1
9263,13209,12799,0,2
9264,13210,12800,0,3
9265,13213,12803,0,5
9266,13214,12804,0,3
9267,13216,12806,0,3
9268,13217,12807,1,4
9269,13218,12808,1,1
9270,13220,12810,0,2
9271,13221,12811,0,4
9272,13222,12812,0,1
9273,13223,12813,1,1
9274,13224,12813,1,1
9275,13225,12814,0,2
9276,13226,12815,0,2
9277,13227,12816,0,4
9278,13228,12814,0,2
9279,13229,12817,0,5
9280,13230,12818,0,3
9281,13231,12819,1,1
9282,13233,12821,0,3
9283,13234,12822,0,5
9284,13235,12823,0,3
9285,13236,12824,0,5
9286,13240,12824,0,5
9287,13241,12827,0,3
9288,13242,12828,0,4
9289,13243,12829,0,5
9290,13244,12830,0,1
9291,13245,12831,0,3
9292,13246,12832,0,4
9293,13247,12833,0,4
9294,13248,12834,0,3
9295,13249,12835,0,3
9296,13251,12837,0,5
9297,13252,12838,0,2
9298,13253,12839,0,5
9299,13254,12838,0,2
9300,13255,12840,0,5
9301,13256,12841,0,2
9302,13258,12843,1,5
9303,13260,12845,0,4
9304,13262,12816,0,4
9305,13263,12847,0,3
9306,13264,12848,0,4
9307,13265,12849,0,4
9308,13266,12850,0,4
9309,13267,12851,0,2
9310,13269,12816,1,4
9311,13270,12853,0,2
9312,13271,12854,0,5
9313,13272,12855,0,2
9314,13274,12857,0,3
9315,13276,12816,1,4
9316,13277,12859,0,3
9317,13278,12860,0,1
9318,13279,12861,0,2
9319,13280,12862,0,5
9320,13281,12863,1,4
9321,13282,12861,0,2
9322,13283,12864,0,3
9323,13284,12865,0,1
9324,13285,12866,0,5
9325,13286,12867,0,2
9326,13287,12868,0,4
9327,13288,12869,0,3
9328,13290,12871,0,1
9329,13291,12872,0,4
9330,13292,12864,0,3
9331,13293,12873,1,4
9332,13294,12874,0,2
9333,13295,12875,0,4
9334,13296,12875,0,4
9335,13299,12878,0,2
9336,13300,12879,0,4
9337,13301,12880,0,5
9338,13303,12854,0,5
9339,13304,12882,0,2
9340,13305,12883,0,4
9341,13306,12884,0,3
9342,13307,12885,0,4
9343,13309,12883,0,4
9344,13311,12887,0,1
9345,13313,12889,0,2
9346,13315,12891,0,4
9347,13316,12892,0,3
9348,13319,12895,0,4
9349,13320,12896,0,4
9350,13321,12897,0,3
9351,13322,12898,0,2
9352,13323,12899,0,5
9353,13324,12900,0,3
9354,13325,12901,0,5
9355,13326,12775,0,1
9356,13327,12902,0,3
9357,13328,12903,0,1
9358,13329,12898,0,2
9359,13330,12904,0,1
9360,13333,12907,0,1
9361,13334,12908,0,1
9362,13335,12909,0,5
9363,13336,12910,0,1
9364,13337,12911,0,4
9365,13338,12891,0,4
9366,13342,12914,0,2
9367,13344,12916,0,4
9368,13345,12916,0,4
9369,13346,12917,0,5
9370,13347,12918,0,3
9371,13348,12919,0,1
9372,13349,12920,0,1
9373,13351,12922,0,2
9374,13352,12923,0,3
9375,13353,12924,0,5
9376,13354,12925,0,4
9377,13359,12929,0,2
9378,13361,12931,0,2
9379,13362,12932,0,2
9380,13363,12933,0,5
9381,13364,12934,0,2
9382,13367,12937,0,5
9383,13371,12941,0,4
9384,13372,12942,0,1
9385,13373,12943,0,4
9386,13377,12947,0,3
9387,13378,12948,0,3
9388,13381,12951,0,2
9389,13382,12952,0,4
9390,13383,12953,0,5
9391,13384,12954,0,2
9392,13385,12955,0,3
9393,13388,12957,0,2
9394,13389,12958,0,2
9395,13391,12959,0,2
9396,13392,12960,0,2
9397,13393,12961,0,3
9398,13395,12963,0,1
9399,13396,12964,0,2
9400,13397,12965,0,5
9401,13398,12966,0,1
9402,13399,12967,0,3
9403,13400,12968,0,2
9404,13403,12971,0,1
9405,13405,12973,0,4
9406,13406,12974,0,1
9407,13410,12978,0,4
9408,13411,12979,0,2
9409,13412,12980,0,4
9410,13413,12981,0,3
9411,13414,12982,0,2
9412,13415,12983,0,5
9413,13416,12984,0,3
9414,13418,12933,0,5
9415,13419,12986,0,4
9416,13420,12987,0,5
9417,13421,12898,0,2
9418,13422,12988,0,1
9419,13423,12989,0,2
9420,13424,12990,0,3
9421,13425,12991,0,4
9422,13427,12722,0,2
9423,13429,12994,0,2
9424,13433,12998,0,3
9425,13434,12999,0,4
9426,13435,13000,0,1
9427,13436,13001,0,3
9428,13437,13002,0,5
9429,13438,13003,1,2
9430,13440,13005,0,5
9431,13441,13006,0,3
9432,13442,13007,0,4
9433,13445,13010,0,4
9434,13446,13011,0,1
9435,13449,13014,0,4
9436,13450,13015,0,5
9437,13451,13016,0,3
9438,13456,13021,0,5
9439,13457,13022,1,3
9440,13458,13023,0,2
9441,13459,13021,0,5
9442,13460,13024,1,3
9443,13461,13025,0,1
9444,13462,13026,0,4
9445,13464,13028,0,5
9446,13465,13029,0,1
9447,13466,13029,0,1
9448,13467,13030,0,3
9449,13468,13031,0,1
9450,13471,13034,1,2
9451,13472,13035,0,3
9452,13474,13037,0,4
9453,13481,13043,0,2
9454,13482,13044,0,2
9455,13485,13043,0,2
9456,13486,13043,0,2
9457,13487,13047,0,5
9458,13488,13043,0,2
9459,13489,13048,0,3
9460,13491,13050,0,4
9461,13492,13051,0,4
9462,13495,13054,0,3
9463,13497,13056,0,3
9464,13498,13057,0,5
9465,13499,13057,0,5
9466,13500,13058,0,1
9467,13501,13059,0,1
9468,13502,13060,0,5
9469,13503,13060,0,5
9470,13504,13060,1,5
9471,13507,13063,0,4
9472,13508,13064,0,5
9473,13510,13066,0,5
9474,13511,13067,0,3
9475,13513,13069,0,5
9476,13514,13070,0,1
9477,13515,13071,0,2
9478,13517,13073,0,2
9479,13518,13074,0,5
9480,13519,13075,0,1
9481,13520,13076,0,4
9482,13522,13078,0,3
9483,13523,13079,0,3
9484,13524,13080,0,3
9485,13525,13078,0,3
9486,13527,13078,0,3
9487,13528,13078,0,3
9488,13529,13078,0,3
9489,13530,13079,0,3
9490,13533,13084,0,5
9491,13534,13085,0,1
9492,13535,13086,0,5
9493,13536,13087,0,2
9494,13537,13088,0,1
9495,13538,13089,0,1
9496,13540,13091,0,2
9497,13541,13092,0,4
9498,13542,13093,1,1
9499,13544,13095,0,5
9500,13546,13087,0,2
9501,13547,13097,0,1
9502,13548,13098,0,4
9503,13549,13099,0,4
9504,13550,13100,0,3
9505,13554,13103,0,1
9506,13555,13104,0,1
9507,13556,13087,0,2
9508,13557,13105,0,1
9509,13559,13103,0,1
9510,13560,13107,0,4
9511,13561,13108,0,1
9512,13562,13109,0,3
9513,13563,13110,0,4
9514,13564,13111,0,4
9515,13565,13112,0,2
9516,13566,13112,0,2
9517,13567,13113,0,1
9518,13569,13115,0,5
9519,13570,13116,0,4
9520,13571,13117,0,4
9521,13573,13119,0,3
9522,13574,13120,0,5
9523,13576,13122,0,4
9524,13578,13124,0,2
9525,13579,13125,0,2
9526,13580,13126,0,4
9527,13581,13127,0,3
9528,13582,13128,0,2
9529,13583,13129,0,1
9530,13588,13134,0,4
9531,13589,13135,0,4
9532,13590,13103,0,1
9533,13591,13136,0,3
9534,13592,13135,0,4
9535,13593,13137,0,5
9536,13594,13138,0,4
9537,13595,13139,1,3
9538,13596,13140,0,5
9539,13597,13141,0,3
9540,13599,13143,0,4
9541,13600,13144,0,1
9542,13601,13145,0,4
9543,13602,13146,0,4
9544,13605,13148,0,3
9545,13606,13149,0,4
9546,13607,13150,0,1
9547,13609,13149,0,4
9548,13610,13152,0,3
9549,13611,13153,0,3
9550,13612,13152,0,3
9551,13613,13152,0,3
9552,13614,13154,0,4
9553,13615,13155,0,1
9554,13616,13156,0,3
9555,13617,13157,0,2
9556,13618,13158,0,2
9557,13619,13087,0,2
9558,13620,13159,1,2
9559,13621,13160,0,5
9560,13622,13161,0,3
9561,13623,13162,0,1
9562,13625,13164,0,1
9563,13626,13165,0,3
9564,13627,13166,1,4
9565,13628,13167,0,5
9566,13629,13168,0,4
9567,13632,13171,0,3
9568,13638,13176,0,5
9569,13639,13177,0,4
9570,13640,13178,0,4
9571,13641,13179,0,1
9572,13642,13180,0,5
9573,13643,13181,0,5
9574,13644,13182,0,1
9575,13645,13183,0,4
9576,13646,13184,0,5
9577,13647,13185,0,4
9578,13649,13187,0,2
9579,13650,13188,0,5
9580,13651,13189,0,1
9581,13652,13190,0,4
9582,13653,13191,0,5
9583,13655,13193,0,5
9584,13656,13194,0,5
9585,13658,13181,0,5
9586,13660,13144,0,1
9587,13661,13144,0,1
9588,13662,13197,0,1
9589,13663,13198,0,1
9590,13664,13199,0,2
9591,13665,13200,0,1
9592,13666,13201,0,5
9593,13668,13181,0,5
9594,13669,13203,0,4
9595,13670,13200,0,1
9596,13672,13204,0,2
9597,13673,13200,0,1
9598,13676,13206,0,2
9599,13677,13207,0,5
9600,13678,13208,0,2
9601,13680,13210,0,4
9602,13681,13211,0,2
9603,13682,13212,0,1
9604,13683,13213,0,2
9605,13686,13216,0,2
9606,13687,13217,0,2
9607,13688,13218,0,2
9608,13690,13220,0,2
9609,13691,13221,0,5
9610,13693,13223,0,2
9611,13694,13224,0,1
9612,13695,13225,0,4
9613,13696,13226,0,2
9614,13699,13229,0,3
9615,13701,13231,0,3
9616,13703,13233,0,1
9617,13704,13234,0,1
9618,13705,13235,1,5
9619,13706,13236,0,5
9620,13707,13237,0,1
9621,13708,13235,0,5
9622,13710,13236,1,5
9623,13711,13236,0,5
9624,13712,13239,0,2
9625,13713,13240,0,2
9626,13714,13235,0,5
9627,13715,13241,0,1
9628,13716,13242,0,5
9629,13717,13242,0,5
9630,13719,13244,0,2
9631,13720,13245,0,5
9632,13721,13242,0,5
9633,13722,13246,0,3
9634,13723,13244,0,2
9635,13724,13247,0,4
9636,13725,13248,0,1
9637,13726,13154,1,4
9638,13727,13249,1,1
9639,13728,13250,0,3
9640,13729,13251,0,5
9641,13730,13252,0,5
9642,13731,13253,0,4
9643,13732,13254,1,2
9644,13734,13256,1,4
9645,13735,13257,0,1
9646,13736,13258,0,3
9647,13737,13259,1,5
9648,13738,13260,0,5
9649,13740,13258,0,3
9650,13741,13256,0,4
9651,13742,13262,0,5
9652,13743,13258,0,3
9653,13744,13256,0,4
9654,13745,13263,0,5
9655,13746,13264,0,5
9656,13747,13265,0,1
9657,13748,13266,0,1
9658,13749,13267,1,1
9659,13750,13266,0,1
9660,13752,13269,0,2
9661,13753,13270,0,1
9662,13755,13266,0,1
9663,13757,13273,0,5
9664,13758,13274,0,1
9665,13759,13275,0,2
9666,13760,13274,0,1
9667,13761,13276,0,1
9668,13762,13277,0,5
9669,13763,13278,0,1
9670,13764,13279,0,4
9671,13765,13280,0,4
9672,13768,13283,0,2
9673,13770,13285,0,5
9674,13771,13286,0,4
9675,13772,13287,0,4
9676,13774,13274,0,1
9677,13775,13289,0,4
9678,13776,13290,0,5
9679,13777,13291,0,5
9680,13778,13290,0,5
9681,13779,13292,0,5
9682,13780,13293,0,1
9683,13782,13295,0,1
9684,13786,13299,0,4
9685,13787,13300,0,1
9686,13790,13303,0,1
9687,13793,13306,0,3
9688,13794,13307,0,5
9689,13795,13308,0,2
9690,13796,13309,0,5
9691,13797,13310,0,1
9692,13800,13313,0,1
9693,13801,13314,0,4
9694,13803,13316,0,5
9695,13805,13318,0,4
9696,13806,13319,0,2
9697,13807,13320,1,2
9698,13808,13231,0,3
9699,13809,13321,0,5
9700,13811,13323,0,3
9701,13812,13324,0,3
9702,13813,13325,0,5
9703,13814,13326,0,1
9704,13816,13328,0,2
9705,13817,13329,0,5
9706,13818,13330,0,1
9707,13819,13331,0,4
9708,13820,13332,1,4
9709,13821,13333,0,5
9710,13822,13334,0,4
9711,13823,13335,0,2
9712,13825,13337,0,3
9713,13826,13338,0,3
9714,13827,13339,0,3
9715,13828,13340,0,3
9716,13829,13341,0,1
9717,13830,13342,0,5
9718,13833,13345,0,1
9719,13834,13346,1,2
9720,13835,13347,0,1
9721,13836,13340,1,3
9722,13838,13348,0,1
9723,13839,13349,0,3
9724,13840,13350,0,3
9725,13842,13352,0,3
9726,13844,13350,0,3
9727,13845,13354,0,2
9728,13847,13356,0,4
9729,13848,13357,0,2
9730,13852,13360,0,3
9731,13853,13361,0,4
9732,13856,13363,0,3
9733,13858,13364,0,1
9734,13859,13334,0,4
9735,13860,13365,0,3
9736,13861,13366,0,2
9737,13862,13367,0,1
9738,13863,13368,0,4
9739,13865,13367,0,1
9740,13866,13370,0,5
9741,13867,13371,0,3
9742,13868,13372,0,2
9743,13869,13373,0,3
9744,13870,13374,0,2
9745,13871,13375,0,3
9746,13872,13376,0,3
9747,13873,13377,0,5
9748,13875,13379,0,1
9749,13876,13380,0,5
9750,13877,13381,0,1
9751,13878,13382,0,3
9752,13879,13381,0,1
9753,13881,13384,0,3
9754,13882,13385,1,2
9755,13885,13388,0,5
9756,13887,13390,0,1
9757,13888,13391,0,2
9758,13889,13392,0,4
9759,13890,13393,0,2
9760,13891,13394,0,1
9761,13898,13401,0,2
9762,13900,13403,0,5
9763,13901,13404,0,3
9764,13907,13408,0,2
9765,13911,13411,0,5
9766,13912,13412,0,3
9767,13913,13377,0,5
9768,13916,13414,0,3
9769,13919,13417,0,1
9770,13920,13418,0,3
9771,13921,13419,0,5
9772,13922,13420,0,3
9773,13923,13418,0,3
9774,13924,13421,0,4
9775,13925,13422,1,4
9776,13926,13423,0,4
9777,13927,13424,0,3
9778,13928,13425,0,3
9779,13930,13427,0,4
9780,13932,13429,0,4
9781,13933,13430,0,5
9782,13934,13431,0,4
9783,13935,13430,0,5
9784,13936,13432,0,1
9785,13937,13433,0,1
9786,13938,13434,0,5
9787,13941,13437,0,2
9788,13942,13438,1,1
9789,13943,13439,0,3
9790,13944,13440,0,3
9791,13945,13441,0,5
9792,13947,13443,0,1
9793,13948,13444,0,4
9794,13951,13385,0,2
9795,13952,13447,0,2
9796,13953,13448,0,3
9797,13954,13449,0,5
9798,13955,13450,0,4
9799,13956,13451,1,3
9800,13957,13452,0,5
9801,13959,13454,0,2
9802,13960,13455,0,5
9803,13962,13456,0,2
9804,13963,13457,0,2
9805,13964,13458,0,2
9806,13965,13424,0,3
9807,13967,13404,0,3
9808,13968,13460,0,2
9809,13969,13461,0,5
9810,13970,13462,0,1
9811,13974,13466,0,1
9812,13976,13468,0,4
9813,13977,13466,1,1
9814,13979,13470,0,2
9815,13980,13471,0,3
9816,13981,13472,0,5
9817,13982,13473,0,2
9818,13984,13474,0,4
9819,13985,13475,0,4
9820,13988,13475,0,4
9821,13989,13440,0,3
9822,13990,13478,0,3
9823,13991,13479,0,2
9824,13992,13480,0,2
9825,13994,13481,0,1
9826,13995,13482,0,3
9827,13996,13422,0,4
9828,13997,13483,0,2
9829,13998,13484,0,4
9830,13999,13485,0,5
9831,14000,13486,1,5
9832,14001,13487,0,1
9833,14004,13490,0,5
9834,14005,13491,0,3
9835,14006,13492,0,5
9836,14007,13493,0,3
9837,14009,13494,0,3
9838,14010,13495,0,2
9839,14011,13496,0,5
9840,14012,13497,0,1
9841,14017,13502,0,2
9842,14018,13503,0,3
9843,14020,13505,0,2
9844,14021,13506,0,3
9845,14022,13507,0,4
9846,14024,13509,0,1
9847,14025,13503,0,3
9848,14026,13510,0,2
9849,14027,13511,0,2
9850,14028,13512,0,4
9851,14029,13503,0,3
9852,14030,13513,0,4
9853,14032,13507,0,4
9854,14033,13515,0,1
9855,14034,13516,0,3
9856,14035,13517,0,5
9857,14039,13521,0,2
9858,14040,13522,0,3
9859,14041,13523,0,3
9860,14042,13524,0,5
9861,14047,13529,0,1
9862,14049,13530,0,5
9863,14050,13531,1,4
9864,14053,13534,0,4
9865,14054,13535,0,1
9866,14055,13536,0,5
9867,14056,13471,0,3
9868,14057,13485,0,5
9869,14058,13503,0,3
9870,14059,13537,0,5
9871,14060,13538,0,1
9872,14061,13539,0,2
9873,14063,13540,0,2
9874,14064,13541,0,4
9875,14065,13542,0,4
9876,14068,13544,0,1
9877,14069,13545,1,2
9878,14070,13546,0,1
9879,14071,13540,0,2
9880,14073,13548,0,3
9881,14074,13521,1,2
9882,14076,13550,0,4
9883,14077,13551,0,2
9884,14079,13553,0,3
9885,14080,13554,0,3
9886,14081,13555,0,1
9887,14082,13556,0,1
9888,14083,13557,0,1
9889,14084,13558,0,1
9890,14085,13559,0,5
9891,14086,13560,0,5
9892,14087,13561,0,2
9893,14088,13562,0,4
9894,14089,13563,0,1
9895,14090,13564,0,4
9896,14091,13565,0,5
9897,14093,13567,0,3
9898,14095,13569,0,4
9899,14096,13570,0,1
9900,14097,13571,0,2
9901,14098,13572,0,5
9902,14100,13574,0,5
9903,14103,13577,1,3
9904,14106,13580,0,2
9905,14107,13581,0,2
9906,14108,13582,0,5
9907,14110,13584,0,5
9908,14111,13585,0,2
9909,14112,13586,0,1
9910,14113,13587,0,4
9911,14114,13588,0,3
9912,14115,13589,0,2
9913,14116,13565,0,5
9914,14118,13591,0,2
9915,14119,13592,0,1
9916,14120,13593,0,4
9917,14121,13594,0,4
9918,14122,13595,0,4
9919,14123,13596,0,3
9920,14125,13598,0,5
9921,14126,13599,0,4
9922,14127,13600,0,2
9923,14128,13601,0,2
9924,14129,13602,0,4
9925,14130,13603,0,5
9926,14132,13605,0,3
9927,14133,13606,0,5
9928,14135,13608,0,3
9929,14137,13610,1,4
9930,14139,13612,0,3
9931,14143,13616,0,4
9932,14145,13618,0,5
9933,14146,13619,0,3
9934,14147,13620,0,2
9935,14148,13621,0,4
9936,14149,13622,0,2
9937,14150,13623,0,3
9938,14152,13625,0,1
9939,14153,13626,1,4
9940,14154,13572,0,5
9941,14155,13627,0,4
9942,14156,13580,0,2
9943,14160,13631,0,1
9944,14161,13632,0,1
9945,14163,13634,0,4
9946,14164,13635,0,3
9947,14165,13636,0,1
9948,14167,13638,0,5
9949,14168,13639,0,3
9950,14169,13640,0,3
9951,14170,13641,0,3
9952,14171,13642,0,5
9953,14172,13643,0,4
9954,14174,13645,0,3
9955,14175,13646,0,1
9956,14179,13650,0,3
9957,14180,13651,0,1
9958,14182,13640,0,3
9959,14184,13654,0,3
9960,14185,13655,0,2
9961,14186,13656,0,1
9962,14187,13657,0,1
9963,14188,13658,0,4
9964,14189,13659,0,4
9965,14190,13660,0,1
9966,14192,13632,0,1
9967,14193,13662,0,2
9968,14195,13664,0,3
9969,14196,13665,0,4
9970,14198,13666,0,1
9971,14199,13580,0,2
9972,14203,13669,0,1
9973,14204,13670,0,5
9974,14205,13660,0,1
9975,14207,13672,0,5
9976,14212,13677,0,4
9977,14213,13678,0,2
9978,14214,13679,0,5
9979,14215,13680,0,3
9980,14216,13681,0,1
9981,14217,13682,0,2
9982,14220,13685,1,4
9983,14222,13687,1,2
9984,14223,13688,0,2
9985,14224,13689,0,2
9986,14225,13690,0,5
9987,14228,13693,0,4
9988,14229,13694,0,1
9989,14231,13696,0,1
9990,14232,13697,0,4
9991,14233,13658,0,4
9992,14235,13698,0,2
9993,14236,13560,1,5
9994,14237,13699,0,5
9995,14238,13700,0,1
9996,14240,13702,0,5
9997,14241,13703,0,5
9998,14242,13704,0,1
9999,14244,13706,0,2
10000,14246,13708,0,1
10001,14247,13709,0,5
10002,14248,13710,0,4
10003,14249,13711,0,2
10004,14251,13713,0,4
10005,14254,13716,0,3
10006,14255,13716,0,3
10007,14256,13717,0,4
10008,14257,13718,0,4
10009,14258,13719,0,3
10010,14262,13723,1,5
10011,14263,13724,0,1
10012,14265,13726,0,2
10013,14266,13727,0,5
10014,14267,13728,0,5
10015,14268,13729,0,4
10016,14270,13731,0,2
10017,14271,13732,0,1
10018,14272,13618,0,5
10019,14273,13733,0,5
10020,14275,13735,0,1
10021,14276,13736,0,4
10022,14278,13738,1,1
10023,14279,13739,0,2
10024,14280,13740,0,4
10025,14281,13741,0,5
10026,14283,13743,0,2
10027,14287,13746,0,1
10028,14288,13747,0,2
10029,14289,13748,0,1
10030,14290,13749,0,3
10031,14291,13750,0,1
10032,14293,13752,0,1
10033,14295,13754,0,5
10034,14296,13755,0,1
10035,14297,13756,0,1
10036,14298,13757,0,4
10037,14299,13758,0,1
10038,14300,13759,0,4
10039,14302,13761,0,2
10040,14303,13762,0,2
10041,14304,13763,0,5
10042,14306,13759,0,4
10043,14307,13765,0,2
10044,14309,13766,0,4
10045,14310,13767,0,4
10046,14311,13768,1,2
10047,14314,13771,0,1
10048,14315,13772,0,5
10049,14316,13773,0,2
10050,14318,13708,0,1
10051,14319,13775,0,4
10052,14320,13776,0,2
10053,14321,13777,0,2
10054,14322,13778,0,3
10055,14325,13781,0,1
10056,14328,13784,0,2
10057,14332,13788,0,5
10058,14334,13790,0,1
10059,14337,13793,0,4
10060,14339,13795,0,5
10061,14340,13796,0,3
10062,14341,13797,0,4
10063,14342,13798,0,4
10064,14344,13723,0,5
10065,14345,13800,1,4
10066,14347,13802,0,1
10067,14348,13803,0,2
10068,14350,13805,0,2
10069,14352,13807,0,1
10070,14353,13808,0,5
10071,14355,13810,0,1
10072,14357,13811,0,1
10073,14358,13812,0,5
10074,14359,13813,0,5
10075,14363,13816,0,2
10076,14364,13817,0,4
10077,14367,13820,0,4
10078,14371,13824,0,1
10079,14372,13825,0,2
10080,14374,13827,0,3
10081,14375,13828,0,5
10082,14376,13829,0,5
10083,14377,13830,0,5
10084,14378,13831,0,2
10085,14379,13832,0,3
10086,14380,13833,0,5
10087,14381,13834,0,4
10088,14382,13835,1,2
10089,14383,13836,0,3
10090,14384,13837,0,3
10091,14385,13838,0,1
10092,14386,13839,0,3
10093,14387,13840,0,1
10094,14389,13842,0,4
10095,14393,13846,0,2
10096,14394,13847,0,1
10097,14396,13849,0,1
10098,14400,13853,0,3
10099,14401,13693,0,4
10100,14403,13855,0,1
10101,14404,13856,0,4
10102,14406,13639,0,3
10103,14407,13840,0,1
10104,14408,13858,0,2
10105,14409,13859,0,5
10106,14410,13860,1,5
10107,14411,13861,0,1
10108,14413,13863,0,1
10109,14416,13866,0,1
10110,14417,13867,0,2
10111,14419,13869,0,1
10112,14420,13870,0,2
10113,14421,13871,0,2
10114,14422,13872,0,1
10115,14423,13873,0,3
10116,14424,13874,1,3
10117,14425,13875,0,1
10118,14426,13876,0,1
10119,14427,13877,0,4
10120,14428,13878,0,4
10121,14429,13879,0,4
10122,14431,13881,0,2
10123,14432,13882,0,2
10124,14433,13883,0,2
10125,14434,13884,0,1
10126,14435,13885,0,2
10127,14437,13887,0,1
10128,14438,13888,0,1
10129,14439,13889,0,2
10130,14440,13890,0,1
10131,14442,13892,0,1
10132,14444,13894,0,4
10133,14445,13895,0,3
10134,14446,13896,0,5
10135,14447,13897,0,2
10136,14450,13900,0,4
10137,14451,13901,0,5
10138,14452,13902,0,4
10139,14457,13907,0,4
10140,14458,13908,0,4
10141,14459,13909,0,5
10142,14460,13910,0,2
10143,14461,13911,0,3
10144,14462,13912,0,1
10145,14463,13867,0,2
10146,14465,13914,1,1
10147,14467,13916,0,4
10148,14468,13917,0,3
10149,14469,13918,0,1
10150,14471,13920,0,4
10151,14472,13921,0,1
10152,14473,13922,0,5
10153,14474,13923,0,1
10154,14475,13924,0,4
10155,14476,13925,0,4
10156,14477,13926,1,3
10157,14479,13928,1,2
10158,14481,13930,0,5
10159,14484,13933,0,2
10160,14486,13935,0,2
10161,14487,13936,0,1
10162,14488,13937,0,2
10163,14490,13939,0,1
10164,14491,13940,0,4
10165,14492,13941,1,1
10166,14493,13942,0,5
10167,14495,13944,0,2
10168,14496,13945,0,1
10169,14499,13948,0,5
10170,14500,13949,0,3
10171,14502,13951,0,5
10172,14504,13953,0,4
10173,14505,13954,0,5
10174,14506,13955,0,4
10175,14507,13956,0,5
10176,14508,13957,0,2
10177,14509,13958,0,2
10178,14510,13959,0,1
10179,14511,13960,0,3
10180,14512,13961,0,1
10181,14513,13962,0,3
10182,14515,13964,0,4
10183,14517,13966,0,4
10184,14519,13968,0,4
10185,14520,13969,1,1
10186,14522,13971,0,5
10187,14524,13973,0,5
10188,14525,13974,0,1
10189,14527,13976,0,5
10190,14528,13977,0,4
10191,14529,13978,1,3
10192,14530,13979,0,1
10193,14531,13980,0,5
10194,14532,13981,0,4
10195,14533,13982,0,4
10196,14534,13983,0,1
10197,14536,13985,0,1
10198,14537,13986,0,1
10199,14539,13988,0,1
10200,14540,13989,0,1
10201,14541,13990,0,3
10202,14543,13992,0,2
10203,14544,13993,0,5
10204,14546,13995,0,5
10205,14547,13996,0,3
10206,14548,13997,0,3
10207,14549,13998,0,5
10208,14550,13999,0,1
10209,14551,14000,0,3
10210,14553,14002,1,4
10211,14555,14004,0,4
10212,14557,14006,0,4
10213,14558,14007,0,1
10214,14560,14009,0,1
10215,14561,14010,0,5
10216,14562,14011,0,4
10217,14564,14013,0,4
10218,14565,14014,0,4
10219,14566,14015,0,3
10220,14567,14016,0,1
10221,14568,14017,0,5
10222,14569,14018,0,3
10223,14571,14020,0,5
10224,14573,14022,0,1
10225,14574,14023,0,4
10226,14575,14024,0,5
10227,14576,14025,1,1
10228,14577,14026,0,3
10229,14578,14018,0,3
10230,14579,14027,0,5
10231,14580,14028,0,1
10232,14582,14030,1,3
10233,14584,14032,0,2
10234,14585,14033,0,2
10235,14586,13999,0,1
10236,14587,14034,0,2
10237,14589,14036,0,2
10238,14592,14039,1,5
10239,14593,14040,0,4
10240,14595,14042,0,3
10241,14596,14043,1,3
10242,14597,14044,1,2
10243,14599,14046,0,2
10244,14600,13996,0,3
10245,14602,14048,1,1
10246,14603,14049,0,2
10247,14604,14050,0,1
10248,14606,14052,0,4
10249,14607,14053,0,3
10250,14608,14054,0,5
10251,14610,14056,0,1
10252,14611,14057,0,4
10253,14613,14059,0,2
10254,14614,14060,0,2
10255,14617,14063,0,1
10256,14618,14064,1,2
10257,14619,14065,0,2
10258,14620,14066,0,5
10259,14621,14067,0,1
10260,14622,13939,0,1
10261,14624,14069,0,4
10262,14625,14070,0,3
10263,14627,14072,0,2
10264,14629,14074,0,5
10265,14630,14075,0,2
10266,14632,14077,0,2
10267,14633,14078,1,4
10268,14634,14079,0,5
10269,14635,14080,0,5
10270,14636,14081,0,4
10271,14637,14082,0,3
10272,14638,14083,0,3
10273,14640,14085,0,1
10274,14641,14023,0,4
10275,14642,14086,0,2
10276,14643,14087,0,4
10277,14644,14088,0,5
10278,14645,14089,0,3
10279,14646,14090,0,5
10280,14651,14095,0,5
10281,14652,14096,0,5
10282,14653,14097,0,5
10283,14655,14099,0,4
10284,14656,14100,0,5
10285,14657,14054,0,5
10286,14661,14104,0,1
10287,14662,14105,0,3
10288,14664,14107,0,4
10289,14665,14108,0,4
10290,14666,14109,0,3
10291,14667,14110,0,1
10292,14668,14111,0,1
10293,14669,14112,0,5
10294,14671,14114,0,5
10295,14673,14116,0,1
10296,14674,14117,0,2
10297,14676,14119,0,1
10298,14678,14121,0,3
10299,14680,14123,0,4
10300,14681,14124,0,4
10301,14682,14125,0,2
10302,14684,14127,1,3
10303,14685,14128,0,4
10304,14687,14130,0,1
10305,14688,14131,0,4
10306,14689,14132,0,1
10307,14690,14133,1,4
10308,14691,14134,0,5
10309,14692,14135,0,2
10310,14693,14136,0,4
10311,14694,14137,0,5
10312,14696,14139,0,5
10313,14697,14140,0,3
10314,14699,14142,0,3
10315,14700,14143,0,4
10316,14701,14144,0,2
10317,14702,14145,0,2
10318,14703,14146,0,2
10319,14704,14147,0,3
10320,14705,14148,0,1
10321,14706,14149,0,5
10322,14708,14117,0,2
10323,14711,14153,1,5
10324,14712,14154,1,2
10325,14715,13951,0,5
10326,14716,14157,0,2
10327,14717,14158,0,2
10328,14718,14159,0,3
10329,14720,14161,0,3
10330,14722,14163,0,4
10331,14723,14164,0,1
10332,14725,14166,0,1
10333,14727,14168,0,2
10334,14728,14169,0,2
10335,14732,14173,0,2
10336,14733,14174,0,5
10337,14734,14175,0,2
10338,14735,14176,0,1
10339,14736,14177,0,1
10340,14738,14179,0,5
10341,14739,14180,0,1
10342,14741,14182,0,1
10343,14742,14183,0,5
10344,14743,14184,0,2
10345,14745,14186,0,1
10346,14747,14188,0,1
10347,14748,14189,0,5
10348,14750,14190,0,3
10349,14751,14191,0,1
10350,14752,14192,0,2
10351,14753,14193,0,3
10352,14756,14196,0,3
10353,14757,14197,0,1
10354,14759,14199,0,5
10355,14760,14200,0,2
10356,14763,14203,1,4
10357,14765,14204,0,3
10358,14766,14205,0,3
10359,14767,14206,0,4
10360,14768,14207,0,5
10361,14769,14208,0,4
10362,14771,14210,0,2
10363,14772,14204,0,3
10364,14774,14212,0,2
10365,14776,14214,0,4
10366,14784,14221,0,2
10367,14786,14223,0,5
10368,14787,14224,1,1
10369,14788,14225,1,3
10370,14789,14226,1,3
10371,14794,14230,0,2
10372,14795,14231,1,3
10373,14798,14233,0,5
10374,14799,14234,0,4
10375,14800,14235,0,2
10376,14801,14236,0,3
10377,14802,14237,0,4
10378,14803,14235,1,2
10379,14804,14238,0,4
10380,14805,14239,1,1
10381,14806,14240,0,3
10382,14807,14241,0,5
10383,14808,14242,0,3
10384,14809,14243,0,5
10385,14810,14244,0,4
10386,14811,14245,0,4
10387,14812,14246,0,2
10388,14813,14247,0,4
10389,14814,14248,0,1
10390,14815,14245,1,4
10391,14816,14249,0,1
10392,14818,14251,0,5
10393,14820,14253,0,2
10394,14821,14244,1,4
10395,14822,14254,0,1
10396,14824,14256,0,5
10397,14825,14257,0,1
10398,14826,14253,0,2
10399,14827,14258,0,5
10400,14828,14259,1,2
10401,14829,14260,0,3
10402,14830,14261,0,5
10403,14831,14262,0,1
10404,14836,14266,0,5
10405,14837,14267,0,3
10406,14841,14271,0,4
10407,14842,14272,0,1
10408,14843,14273,0,5
10409,14844,14274,0,5
10410,14846,14275,0,1
10411,14849,14277,1,1
10412,14850,14278,0,2
10413,14851,14279,0,4
10414,14852,14280,0,4
10415,14853,14281,0,1
10416,14854,14282,0,5
10417,14855,14283,0,4
10418,14857,14285,0,4
10419,14859,14287,0,1
10420,14860,14288,0,3
10421,14861,14289,0,1
10422,14864,14292,1,2
10423,14865,14293,0,3
10424,14866,14293,0,3
10425,14868,14295,0,5
10426,14869,14296,0,2
10427,14870,14293,0,3
10428,14871,14297,1,4
10429,14873,14299,0,1
10430,14874,14300,0,4
10431,14875,14301,0,2
10432,14876,14302,0,2
10433,14878,14231,0,3
10434,14879,14304,1,5
10435,14880,14305,0,1
10436,14881,14231,0,3
10437,14883,14307,0,1
10438,14884,14308,1,1
10439,14885,14309,0,2
10440,14888,14312,1,1
10441,14892,14316,1,4
10442,14893,14317,0,1
10443,14894,14318,0,2
10444,14895,14319,0,3
10445,14898,14322,0,5
10446,14899,14176,0,1
10447,14901,14324,0,3
10448,14902,14325,0,4
10449,14903,14326,0,2
10450,14904,14327,0,3
10451,14905,14328,0,4
10452,14907,14329,0,3
10453,14908,14330,0,2
10454,14910,14332,0,3
10455,14911,14333,0,1
10456,14912,14186,0,1
10457,14913,14334,0,5
10458,14914,14335,0,5
10459,14916,14337,0,3
10460,14917,14338,0,3
10461,14918,14339,0,3
10462,14920,14341,0,4
10463,14921,14342,0,1
10464,14922,14343,0,1
10465,14923,14344,0,1
10466,14924,14345,0,3
10467,14925,14346,0,1
10468,14926,14347,0,5
10469,14927,14348,0,3
10470,14930,14350,0,4
10471,14931,14351,0,1
10472,14932,14352,0,1
10473,14933,14353,0,1
10474,14934,14354,0,2
10475,14936,14356,0,3
10476,14937,14357,0,1
10477,14938,14358,0,5
10478,14939,14359,0,4
10479,14940,14360,0,3
10480,14942,14362,0,1
10481,14943,14363,0,2
10482,14944,14272,1,1
10483,14945,14364,0,2
10484,14946,14365,0,2
10485,14947,14366,0,3
10486,14948,14367,0,3
10487,14949,14368,0,5
10488,14950,14369,0,5
10489,14951,14370,0,1
10490,14952,14371,0,2
10491,14953,14372,0,2
10492,14954,14373,0,5
10493,14955,14374,0,4
10494,14956,14375,0,3
10495,14958,14377,0,4
10496,14959,14378,0,4
10497,14960,14379,0,5
10498,14961,14380,0,4
10499,14963,14382,0,4
10500,14964,14383,0,2
10501,14965,14189,0,5
10502,14966,14384,0,5
10503,14967,14385,0,3
10504,14969,14387,0,5
10505,14972,14390,0,3
10506,14973,14391,0,2
10507,14975,14393,0,4
10508,14976,14394,0,1
10509,14977,14395,0,1
10510,14978,14396,0,3
10511,14980,14398,0,3
10512,14981,14393,0,4
10513,14982,14399,0,5
10514,14983,14400,0,2
10515,14984,14401,0,4
10516,14985,14402,0,1
10517,14986,14403,0,1
10518,14987,14404,0,2
10519,14988,14405,0,5
10520,14989,14406,0,1
10521,14990,14407,0,2
10522,14991,14407,0,2
10523,14993,14409,0,4
10524,14994,14410,0,3
10525,14995,14411,0,5
10526,14996,14412,0,2
10527,14997,14413,0,1
10528,14999,14415,0,1
10529,15000,14416,0,1
10530,15001,14417,0,1
10531,15002,14418,0,2
10532,15003,14419,0,5
10533,15004,14420,0,2
10534,15005,14421,0,1
10535,15006,14422,0,2
10536,15009,14425,0,1
10537,15011,14427,0,2
10538,15012,14428,0,5
10539,15013,14429,0,2
10540,15015,14431,0,4
10541,15016,14427,0,2
10542,15020,14435,0,5
10543,15021,14436,0,5
10544,15024,14439,0,3
10545,15025,14440,0,3
10546,15026,14441,0,2
10547,15027,14442,0,4
10548,15028,14443,0,4
10549,15029,14444,0,1
10550,15030,14445,0,5
10551,15032,14439,0,3
10552,15034,14447,0,1
10553,15035,14448,0,5
10554,15036,14449,0,4
10555,15037,14450,0,3
10556,15039,14452,0,5
10557,15040,14453,0,4
10558,15041,14454,0,4
10559,15042,14455,0,5
10560,15044,14457,0,2
10561,15045,14458,1,5
10562,15046,14459,0,5
10563,15047,14460,0,5
10564,15049,14462,0,2
10565,15050,14463,0,5
10566,15051,14464,0,4
10567,15052,14465,0,2
10568,15053,14463,0,5
10569,15054,14464,0,4
10570,15055,14466,0,5
10571,15056,14466,0,5
10572,15057,14467,0,1
10573,15058,14465,0,2
10574,15059,14468,0,5
10575,15060,14469,0,2
10576,15061,14470,0,3
10577,15062,14471,0,4
10578,15063,14469,0,2
10579,15064,14472,0,3
10580,15065,14473,0,4
10581,15066,14474,0,3
10582,15067,14464,0,4
10583,15068,14469,0,2
10584,15069,14475,0,3
10585,15070,14476,0,5
10586,15071,14477,0,1
10587,15072,14478,0,3
10588,15073,14478,0,3
10589,15074,14466,0,5
10590,15075,14479,0,2
10591,15076,14478,0,3
10592,15077,14480,0,3
10593,15078,14481,0,4
10594,15079,14482,0,3
10595,15084,14486,0,5
10596,15085,14482,0,3
10597,15086,14487,0,1
10598,15088,14488,0,2
10599,15089,14489,0,1
10600,15091,14486,0,5
10601,15092,14491,0,2
10602,15093,14492,0,1
10603,15095,14493,0,4
10604,15098,14495,0,4
10605,15100,14497,0,2
10606,15102,14498,0,1
10607,15103,14499,0,3
10608,15104,14500,0,5
10609,15105,14501,0,2
10610,15109,14505,0,3
10611,15110,14506,1,1
10612,15111,14507,0,4
10613,15112,14505,0,3
10614,15113,14505,0,3
10615,15114,14508,0,5
10616,15115,14509,0,5
10617,15116,14510,0,2
10618,15118,14512,0,1
10619,15119,14513,0,3
10620,15120,14514,0,1
10621,15121,14515,1,2
10622,15122,14516,0,4
10623,15125,14519,0,5
10624,15127,14521,0,2
10625,15128,14522,1,2
10626,15129,14516,0,4
10627,15130,14523,0,4
10628,15131,14524,0,2
10629,15132,14524,0,2
10630,15133,14525,0,5
10631,15135,14505,0,3
10632,15136,14527,0,4
10633,15137,14528,0,1
10634,15138,14529,0,4
10635,15139,14528,0,1
10636,15140,14530,0,1
10637,15141,14531,0,1
10638,15143,14533,0,1
10639,15144,14534,0,1
10640,15145,14535,0,4
10641,15146,14536,0,4
10642,15147,14537,0,4
10643,15148,14538,0,3
10644,15149,14539,0,4
10645,15150,14540,0,4
10646,15151,14528,0,1
10647,15154,14543,0,5
10648,15156,14545,0,1
10649,15157,14546,0,3
10650,15158,14547,0,5
10651,15159,14548,0,2
10652,15160,14549,0,3
10653,15161,14550,0,5
10654,15163,14552,0,1
10655,15164,14553,0,1
10656,15165,14554,0,1
10657,15166,14555,0,3
10658,15167,14556,0,2
10659,15168,14557,0,1
10660,15170,14559,0,4
10661,15171,14560,0,1
10662,15172,14561,0,2
10663,15174,14563,0,2
10664,15175,14564,0,1
10665,15176,14565,0,2
10666,15177,14566,0,2
10667,15180,14569,0,4
10668,15182,14571,0,4
10669,15185,14574,0,3
10670,15186,14575,0,4
10671,15187,14576,1,3
10672,15188,14577,0,3
10673,15189,14578,0,4
10674,15190,14579,1,4
10675,15192,14578,0,4
10676,15194,14582,1,3
10677,15195,14583,1,1
10678,15196,14576,0,3
10679,15197,14584,0,2
10680,15198,14585,0,4
10681,15199,14586,0,1
10682,15200,14587,0,2
10683,15201,14588,0,3
10684,15203,14590,0,4
10685,15204,14591,0,4
10686,15205,14592,0,4
10687,15206,14593,0,1
10688,15207,14594,0,4
10689,15208,14595,0,4
10690,15209,14596,1,5
10691,15210,14597,0,4
10692,15211,14598,1,4
10693,15214,14600,0,5
10694,15215,14601,1,1
10695,15216,14602,0,4
10696,15217,14603,0,2
10697,15218,14598,0,4
10698,15220,14605,0,1
10699,15222,14607,0,1
10700,15224,14609,0,4
10701,15225,14610,0,2
10702,15226,14611,0,2
10703,15227,14612,0,2
10704,15228,14613,0,1
10705,15230,14615,0,3
10706,15231,14616,0,3
10707,15233,14618,0,2
10708,15234,14619,0,4
10709,15235,14620,0,5
10710,15236,14621,0,3
10711,15238,14623,0,3
10712,15239,14624,0,1
10713,15240,14625,0,2
10714,15241,14626,0,5
10715,15244,14390,0,3
10716,15245,14627,0,2
10717,15246,14628,0,3
10718,15248,14630,0,3
10719,15249,14631,0,4
10720,15250,14632,0,2
10721,15251,14633,0,5
10722,15252,14627,0,2
10723,15253,14616,0,3
10724,15254,14634,0,5
10725,15255,14635,0,1
10726,15256,14636,0,3
10727,15258,14638,0,2
10728,15259,14639,0,2
10729,15260,14640,0,4
10730,15261,14641,0,5
10731,15263,14643,0,1
10732,15265,14645,0,2
10733,15269,14649,1,2
10734,15270,14650,0,5
10735,15271,14651,0,2
10736,15273,14653,0,4
10737,15275,14655,0,3
10738,15276,14656,0,1
10739,15277,14657,0,4
10740,15278,14658,0,2
10741,15279,14659,0,4
10742,15280,14660,0,4
10743,15284,14664,0,1
10744,15285,14664,0,1
10745,15286,14665,0,2
10746,15287,14666,0,2
10747,15289,14668,0,1
10748,15291,14670,0,1
10749,15292,14671,0,5
10750,15293,14672,0,4
10751,15295,14674,0,3
10752,15296,14675,0,1
10753,15297,14676,0,5
10754,15298,14677,0,4
10755,15300,14679,0,3
10756,15301,14680,0,1
10757,15302,14577,0,3
10758,15303,14681,0,3
10759,15304,14682,0,2
10760,15306,14684,0,5
10761,15307,14685,0,2
10762,15309,14687,0,2
10763,15310,14688,0,4
10764,15312,14690,0,2
10765,15313,14691,0,5
10766,15314,14692,0,5
10767,15317,14695,1,1
10768,15318,14696,0,2
10769,15319,14697,1,3
10770,15320,14698,0,5
10771,15321,14699,0,1
10772,15323,14701,0,3
10773,15324,14702,0,2
10774,15325,14703,0,1
10775,15326,14704,0,1
10776,15327,14705,0,4
10777,15328,14706,0,5
10778,15329,14707,0,4
10779,15330,14708,0,3
10780,15331,14709,0,3
10781,15332,14710,0,1
10782,15334,14712,0,3
10783,15335,14713,0,2
10784,15336,14714,0,2
10785,15339,14717,0,3
10786,15340,14718,0,4
10787,15341,14719,0,4
10788,15342,14720,0,4
10789,15343,14721,0,4
10790,15346,14724,1,5
10791,15347,14725,0,3
10792,15349,14725,0,3
10793,15350,14727,0,3
10794,15351,14728,0,3
10795,15352,14729,0,3
10796,15355,14732,0,5
10797,15357,14725,1,3
10798,15359,14734,0,5
10799,15363,14738,0,2
10800,15364,14739,0,4
10801,15365,14740,0,1
10802,15368,14743,1,4
10803,15369,14744,0,5
10804,15373,14748,0,3
10805,15374,14749,0,5
10806,15376,14751,0,5
10807,15378,14753,1,4
10808,15379,14754,0,4
10809,15380,14755,0,5
10810,15381,14755,0,5
10811,15383,14757,0,3
10812,15385,14759,0,4
10813,15386,14760,0,4
10814,15387,14761,1,4
10815,15388,14762,0,2
10816,15389,14763,0,4
10817,15390,14764,0,4
10818,15391,14765,0,2
10819,15392,14766,0,2
10820,15394,14768,1,3
10821,15395,14769,0,1
10822,15396,14770,0,3
10823,15400,14774,0,1
10824,15402,14776,0,4
10825,15403,14777,1,1
10826,15404,14778,0,1
10827,15405,14779,0,3
10828,15409,14783,0,3
10829,15413,14786,0,2
10830,15414,14787,0,5
10831,15415,14788,0,4
10832,15416,14789,0,2
10833,15417,14790,0,2
10834,15418,14791,0,4
10835,15419,14792,0,4
10836,15420,14793,0,3
10837,15422,14795,0,3
10838,15423,14796,0,5
10839,15424,14797,0,4
10840,15425,14798,0,2
10841,15428,14801,0,3
10842,15429,14802,1,4
10843,15432,14805,0,4
10844,15433,14806,0,5
10845,15434,14807,0,4
10846,15435,14808,0,1
10847,15436,14809,0,3
10848,15437,14807,0,4
10849,15440,14812,0,4
10850,15441,14813,0,1
10851,15443,14815,0,5
10852,15444,14816,0,3
10853,15447,14819,0,4
10854,15448,14820,0,3
10855,15449,14821,0,2
10856,15450,14822,1,4
10857,15451,14823,0,1
10858,15452,14824,1,4
10859,15453,14825,0,4
10860,15454,14826,0,1
10861,15456,14828,1,2
10862,15457,14829,0,1
10863,15460,14832,0,5
10864,15461,14833,0,2
10865,15462,14834,0,3
10866,15465,14837,0,5
10867,15466,14838,0,3
10868,15469,14840,0,4
10869,15471,14841,0,4
10870,15472,14842,0,5
10871,15473,14843,0,5
10872,15476,14841,0,4
10873,15478,14847,1,4
10874,15479,14848,0,1
10875,15482,14850,0,2
10876,15483,14851,0,1
10877,15485,14853,1,4
10878,15487,14855,0,3
10879,15488,14856,0,4
10880,15491,14859,0,1
10881,15492,14798,0,2
10882,15493,14860,0,2
10883,15494,14861,0,5
10884,15495,14862,0,5
10885,15496,14863,0,4
10886,15498,14865,1,4
10887,15499,14866,0,3
10888,15500,14867,1,1
10889,15501,14868,0,5
10890,15502,14869,0,5
10891,15504,14871,0,2
10892,15506,14873,0,1
10893,15507,14874,0,5
10894,15508,14875,0,3
10895,15511,14878,0,4
10896,15513,14880,0,1
10897,15515,14882,0,3
10898,15517,14884,0,4
10899,15522,14842,0,5
10900,15523,14889,0,3
10901,15524,14890,0,1
10902,15527,14893,0,5
10903,15528,14894,0,3
10904,15529,14895,0,2
10905,15532,14897,0,4
10906,15535,14900,0,3
10907,15536,14901,0,2
10908,15538,14903,0,3
10909,15540,14905,0,4
10910,15541,14906,0,4
10911,15542,14907,0,3
10912,15543,14908,0,5
10913,15544,14909,0,4
10914,15546,14911,0,5
10915,15548,14913,0,1
10916,15549,14914,0,4
10917,15550,14915,0,4
10918,15551,14916,0,5
10919,15553,14918,0,2
10920,15554,14919,0,4
10921,15556,14921,0,4
10922,15557,14922,0,3
10923,15558,14923,0,5
10924,15561,14926,0,5
10925,15562,14927,0,5
10926,15564,14929,1,4
10927,15566,14931,1,3
10928,15567,14932,0,3
10929,15571,14936,0,2
10930,15572,14937,0,1
10931,15573,14938,0,5
10932,15574,14939,0,1
10933,15575,14940,0,4
10934,15576,14941,0,5
10935,15578,14943,0,2
10936,15579,14944,0,4
10937,15581,14946,1,4
10938,15582,14947,0,5
10939,15583,14948,0,5
10940,15584,14949,0,3
10941,15587,14952,0,4
10942,15588,14952,0,4
10943,15589,14953,1,2
10944,15591,14955,0,3
10945,15592,14956,0,1
10946,15594,14958,0,2
10947,15597,14961,0,1
10948,15598,14962,0,5
10949,15599,14963,0,3
10950,15600,14964,0,2
10951,15601,14965,0,5
10952,15602,14966,0,4
10953,15604,14968,0,2
10954,15605,14969,0,4
10955,15606,14970,0,1
10956,15607,14971,0,3
10957,15608,14972,0,1
10958,15609,14973,0,2
10959,15610,14974,0,4
10960,15612,12251,0,5
10961,15613,14976,1,2
10962,15614,14977,0,1
10963,15615,14978,0,5
10964,15616,14979,0,5
10965,15617,14980,0,5
10966,15618,14981,0,2
10967,15619,14982,0,4
10968,15620,14983,0,1
10969,15621,14984,0,5
10970,15622,14985,0,3
10971,15623,14986,0,5
10972,15624,14987,0,3
10973,15625,14988,0,4
10974,15626,14989,0,4
10975,15627,14990,0,3
10976,15628,14991,0,4
10977,15631,14994,0,5
10978,15633,14996,0,2
10979,15636,14999,0,4
10980,15638,15001,0,3
10981,15641,15004,0,4
10982,15642,15005,1,2
10983,15643,15006,0,5
10984,15644,15007,0,5
10985,15645,15008,0,2
10986,15646,12286,0,2
10987,15647,15009,0,2
10988,15648,15010,0,3
10989,15651,15009,0,2
10990,15652,15008,0,2
10991,15653,15013,0,4
10992,15654,15014,0,1
10993,15655,15015,0,5
10994,15656,15016,0,1
10995,15658,15018,0,3
10996,15659,15019,0,5
10997,15660,15020,0,3
10998,15661,15021,0,3
10999,15662,15022,0,5
11000,15663,15023,1,3
11001,15664,15024,0,3
11002,15665,15025,0,4
11003,15666,15008,0,2
11004,15667,15026,0,2
11005,15668,15027,0,4
11006,15669,15028,0,5
11007,15671,15030,0,5
11008,15672,15031,0,2
11009,15673,15032,0,4
11010,15674,12278,0,5
11011,15675,15033,0,4
11012,15677,15035,0,4
11013,15678,15036,0,5
11014,15680,15038,0,4
11015,15681,15039,0,4
11016,15682,15040,0,1
11017,15683,15041,0,5
11018,15684,15042,0,5
11019,15685,15043,0,4
11020,15687,15045,0,3
11021,15688,15028,0,5
11022,15689,15046,0,2
11023,15690,15047,0,5
11024,15691,15043,0,4
11025,15692,15048,0,4
11026,15693,15049,0,3
11027,15694,15050,0,5
11028,15695,15051,0,4
11029,15698,15054,0,3
11030,15699,15055,0,5
11031,15700,15056,0,2
11032,15701,15057,0,1
11033,15702,15058,0,4
11034,15704,15060,0,4
11035,15705,15061,0,5
11036,15708,15064,0,5
11037,15710,15066,1,4
11038,15712,15068,0,3
11039,15713,15049,0,3
11040,15714,15069,0,2
11041,15715,15070,0,2
11042,15716,15071,0,2
11043,15717,15050,0,5
11044,15718,15072,0,1
11045,15719,15073,0,2
11046,15722,15076,0,4
11047,15723,15077,0,2
11048,15724,15078,0,4
11049,15725,15079,1,5
11050,15726,15080,0,4
11051,15729,15083,0,1
11052,15730,15084,0,1
11053,15731,15085,0,4
11054,15734,15088,0,4
11055,15736,15090,0,1
11056,15737,15091,0,2
11057,15738,15092,0,2
11058,15739,15093,0,4
11059,15740,15094,0,1
11060,15742,15096,0,4
11061,15743,15097,0,5
11062,15745,15099,0,5
11063,15746,15100,0,2
11064,15747,15101,0,1
11065,15748,15102,0,4
11066,15749,15103,0,4
11067,15750,15104,0,2
11068,15751,15105,0,5
11069,15752,15106,0,1
11070,15755,15108,0,5
11071,15757,15110,1,1
11072,15758,15111,0,1
11073,15760,15113,0,5
11074,15762,15114,1,3
11075,15763,15115,0,1
11076,15764,15116,0,2
11077,15765,15117,0,5
11078,15766,15118,0,1
11079,15767,15119,0,2
11080,15770,15121,0,3
11081,15772,15123,0,4
11082,15773,15124,0,1
11083,15774,15121,0,3
11084,15775,15125,0,1
11085,15776,15126,1,5
11086,15777,15127,0,1
11087,15778,15128,0,1
11088,15779,15129,0,2
11089,15780,15130,0,1
11090,15781,15131,0,3
11091,15784,12184,0,3
11092,15785,15134,0,5
11093,15786,15135,0,1
11094,15787,15136,1,1
11095,15788,12186,0,4
11096,15791,15139,1,2
11097,15792,15140,0,2
11098,15793,15141,1,3
11099,15794,15142,0,2
11100,15795,15143,0,2
11101,15796,15144,1,2
11102,15797,15145,0,3
11103,15799,15147,0,1
11104,15800,15148,0,1
11105,15801,15149,0,4
11106,15802,15150,0,1
11107,15803,15151,0,1
11108,15806,15154,0,2
11109,15810,15157,1,3
11110,15811,15158,0,1
11111,15812,15159,0,3
11112,15813,14986,0,5
11113,15814,15160,0,2
11114,15815,15161,0,4
11115,15817,15163,0,4
11116,15818,15164,0,3
11117,15819,15165,0,4
11118,15820,15166,0,3
11119,15821,15167,0,1
11120,15823,15169,0,4
11121,15825,15171,0,4
11122,15826,15172,0,1
11123,15827,15173,0,3
11124,15829,15175,0,5
11125,15830,15176,1,4
11126,15831,15177,0,2
11127,15832,15178,0,4
11128,15833,15179,0,2
11129,15834,15180,0,1
11130,15835,15181,0,3
11131,15836,15182,0,3
11132,15837,15183,0,3
11133,15838,15149,0,4
11134,15839,15184,0,3
11135,15840,15185,0,5
11136,15841,15186,0,2
11137,15842,15187,0,1
11138,15845,15190,0,2
11139,15846,15191,0,1
11140,15847,15192,0,2
11141,15848,15014,0,1
11142,15851,15194,0,5
11143,15852,15195,0,2
11144,15853,15196,0,5
11145,15854,15197,0,4
11146,15855,15198,0,3
11147,15858,15201,0,2
11148,15861,15204,0,3
11149,15862,15205,0,2
11150,15863,15206,0,1
11151,15864,15207,0,1
11152,15866,15209,1,2
11153,15867,15210,0,3
11154,15868,15211,0,1
11155,15869,15212,0,2
11156,15870,15213,0,3
11157,15871,15214,0,2
11158,15872,15215,0,4
11159,15873,15216,0,4
11160,15878,15221,0,5
11161,15879,15222,0,3
11162,15880,15223,0,2
11163,15881,15224,0,5
11164,15882,12286,0,2
11165,15883,15225,0,1
11166,15884,15226,0,5
11167,15885,15227,0,1
11168,15890,15232,1,3
11169,15891,15233,1,1
11170,15892,15234,0,4
11171,15893,15234,0,4
11172,15894,15235,0,1
11173,15896,15106,0,1
11174,15898,15237,0,1
11175,15899,15238,0,4
11176,15900,15239,0,4
11177,15901,12111,0,1
11178,15907,15244,0,2
11179,15909,15246,0,5
11180,15911,15248,0,3
11181,15914,15251,0,2
11182,15915,15252,0,5
11183,15916,15253,0,1
11184,15917,15254,0,2
11185,15918,15255,0,4
11186,15920,15257,0,1
11187,15921,14986,0,5
11188,15922,15258,0,1
11189,15923,15259,0,4
11190,15925,15261,1,4
11191,15928,12101,0,3
11192,15929,15264,0,3
11193,15931,15266,0,3
11194,15933,15268,0,1
11195,15935,15270,1,2
11196,15936,15271,0,1
11197,15937,15272,0,1
11198,15938,15273,1,4
11199,15940,15275,0,3
11200,15941,15276,0,3
11201,15942,15277,0,3
11202,15946,15280,0,1
11203,15947,15281,0,1
11204,15950,15284,0,1
11205,15951,15285,1,3
11206,15952,15286,0,4
11207,15953,15287,0,5
11208,15955,15289,0,4
11209,15956,15290,0,4
11210,15957,15291,0,2
11211,15958,15292,0,4
11212,15960,15294,0,3
11213,15962,15296,0,4
11214,15963,15297,0,1
11215,15964,15298,0,2
11216,15965,15299,0,3
11217,15966,15300,0,5
11218,15967,15301,0,5
11219,15968,15302,0,2
11220,15969,15303,0,5
11221,15970,15304,0,4
11222,15971,15305,0,2
11223,15972,15306,0,2
11224,15974,15308,0,3
11225,15976,15310,0,1
11226,15977,15311,0,5
11227,15978,12384,0,5
11228,15980,15313,0,5
11229,15982,15272,0,1
11230,15983,15315,0,2
11231,15984,15316,0,5
11232,15985,15317,0,1
11233,15986,15318,0,4
11234,15990,15322,0,2
11235,15991,15323,0,5
11236,15992,15324,0,1
11237,15994,15326,1,3
11238,15995,15327,0,2
11239,15996,15328,0,4
11240,15997,15329,0,2
11241,15998,15330,0,2
11242,16000,15332,0,2
11243,16001,15333,0,2
11244,16002,15334,0,2
11245,16003,15335,0,5
11246,16004,15336,0,5
11247,16006,15338,0,2
11248,16010,15342,0,1
11249,16011,15343,0,2
11250,16012,15344,0,4
11251,16013,15345,0,2
11252,16014,15335,0,5
11253,16015,15346,0,5
11254,16016,15347,0,2
11255,16019,15350,0,5
11256,16020,15351,0,4
11257,16021,15352,0,3
11258,16022,15353,0,2
11259,16023,15354,0,5
11260,16024,15355,0,3
11261,16025,15356,0,2
11262,16026,15357,0,1
11263,16027,15358,0,2
11264,16030,15361,0,2
11265,16031,15362,1,1
11266,16032,15363,0,4
11267,16033,15364,0,3
11268,16034,15364,0,3
11269,16035,15364,0,3
11270,16036,15365,0,2
11271,16037,15366,0,3
11272,16038,15366,0,3
11273,16039,15367,0,2
11274,16040,15367,0,2
11275,16041,15365,0,2
11276,16042,15367,0,2
11277,16044,15369,0,5
11278,16047,15369,0,5
11279,16049,15372,0,4
11280,16052,15375,0,2
11281,16053,15376,0,5
11282,16055,15378,0,2
11283,16056,15379,1,3
11284,16057,15380,0,1
11285,16058,15381,1,1
11286,16059,15382,0,4
11287,16061,15384,0,5
11288,16062,15385,0,4
11289,16063,15386,0,4
11290,16064,15387,0,2
11291,16065,15388,0,1
11292,16066,15389,0,2
11293,16068,15391,0,3
11294,16070,15393,0,4
11295,16071,15394,0,3
11296,16073,15394,0,3
11297,16074,15396,0,2
11298,16075,15397,0,2
11299,16076,15335,0,5
11300,16077,15394,0,3
11301,16078,15398,1,2
11302,16080,15399,0,4
11303,16083,15401,0,4
11304,16085,15403,0,5
11305,16086,15399,0,4
11306,16088,15405,0,1
11307,16090,15407,0,4
11308,16091,15408,0,4
11309,16092,15409,0,3
11310,16093,15410,0,1
11311,16095,15412,0,4
11312,16096,15413,0,2
11313,16097,15414,0,1
11314,16098,15415,0,3
11315,16099,15416,0,2
11316,16100,15417,0,2
11317,16101,15418,0,5
11318,16102,15419,0,4
11319,16103,15420,0,3
11320,16105,15422,0,1
11321,16107,15424,0,4
11322,16108,15425,0,4
11323,16109,15426,0,2
11324,16110,15427,0,4
11325,16111,15428,0,5
11326,16113,15430,0,5
11327,16118,15435,0,3
11328,16119,15436,0,3
11329,16120,15428,0,5
11330,16121,15437,0,2
11331,16122,15438,0,4
11332,16123,15437,0,2
11333,16124,15437,0,2
11334,16125,15439,0,2
11335,16126,15440,0,2
11336,16127,15441,0,1
11337,16128,15442,0,1
11338,16129,15443,0,2
11339,16130,15426,0,2
11340,16131,15444,0,4
11341,16132,15445,0,5
11342,16134,15447,0,3
11343,16135,15448,0,4
11344,16136,15449,0,4
11345,16138,15451,0,2
11346,16139,15452,0,5
11347,16140,15453,0,2
11348,16141,15454,0,3
11349,16142,15455,0,1
11350,16143,15456,0,2
11351,16144,15457,0,4
11352,16145,15458,0,4
11353,16147,15460,0,2
11354,16148,15460,0,2
11355,16151,15463,0,1
11356,16152,15460,0,2
11357,16153,15464,0,1
11358,16154,15465,1,5
11359,16155,15466,0,1
11360,16156,15467,0,3
11361,16158,15456,0,2
11362,16159,15469,0,4
11363,16160,15470,0,5
11364,16162,15472,0,4
11365,16163,15473,0,1
11366,16164,15474,0,4
11367,16165,15475,1,5
11368,16166,15476,0,1
11369,16167,15477,0,5
11370,16168,15478,0,4
11371,16169,15479,0,4
11372,16170,15480,0,4
11373,16171,15481,0,2
11374,16172,15482,0,1
11375,16173,15483,0,5
11376,16174,15484,0,4
11377,16177,15487,0,5
11378,16179,15489,0,2
11379,16180,15490,0,4
11380,16181,15489,0,2
11381,16182,15491,0,5
11382,16184,15493,0,4
11383,16185,15493,0,4
11384,16188,15496,0,3
11385,16189,15497,0,1
11386,16192,15500,0,2
11387,16193,15501,0,2
11388,16194,13884,0,1
11389,16198,15505,1,4
11390,16199,15506,0,1
11391,16200,15507,0,4
11392,16203,15510,0,2
11393,16204,15511,0,5
11394,16205,15512,0,2
11395,16206,15513,0,3
11396,16208,15515,0,5
11397,16210,15517,0,2
11398,16211,15518,0,5
11399,16212,15519,0,4
11400,16213,15520,0,2
11401,16214,15521,0,4
11402,16216,15523,0,4
11403,16217,15524,0,3
11404,16218,15525,0,2
11405,16219,15526,0,4
11406,16221,15528,0,4
11407,16222,15528,0,4
11408,16223,15528,0,4
11409,16224,15528,0,4
11410,16226,15528,0,4
11411,16228,15530,0,5
11412,16230,15507,0,4
11413,16231,15532,0,2
11414,16232,15533,0,4
11415,16234,15535,0,3
11416,16236,15537,0,3
11417,16237,15538,0,4
11418,16238,15447,0,3
11419,16239,15539,0,2
11420,16240,15540,0,5
11421,16241,15541,0,2
11422,16242,15542,0,2
11423,16243,15543,0,3
11424,16244,15544,0,3
11425,16245,15545,0,3
11426,16246,15546,0,3
11427,16247,15546,0,3
11428,16249,15548,0,3
11429,16250,15549,0,2
11430,16252,15376,0,5
11431,16254,15384,0,5
11432,16255,15552,0,5
11433,16257,15553,0,2
11434,16258,15554,0,4
11435,16259,15555,0,3
11436,16260,15556,0,2
11437,16261,15557,0,1
11438,16262,15558,0,2
11439,16264,15560,0,5
11440,16265,15561,0,3
11441,16267,15563,0,4
11442,16268,15564,0,1
11443,16269,15565,0,4
11444,16273,15569,1,2
11445,16274,15570,0,2
11446,16276,15572,0,3
11447,16277,15573,0,2
11448,16278,15574,1,4
11449,16279,15575,0,2
11450,16280,15576,0,2
11451,16281,15577,0,4
11452,16282,15578,0,3
11453,16283,15579,0,4
11454,16284,15580,0,5
11455,16285,15581,0,4
11456,16286,15479,0,4
11457,16287,15582,0,2
11458,16288,15583,0,1
11459,16289,15584,0,5
11460,16290,15585,0,2
11461,16291,15586,0,5
11462,16292,15587,0,3
11463,16293,15588,0,2
11464,16295,15590,0,3
11465,16297,15592,0,3
11466,16299,15569,0,2
11467,16301,15595,0,2
11468,16302,15596,0,4
11469,16303,15597,0,2
11470,16304,15598,0,3
11471,16307,15601,0,1
11472,16308,15602,0,4
11473,16309,15603,0,5
11474,16310,15604,0,4
11475,16312,15606,0,1
11476,16313,15607,0,3
11477,16315,13884,0,1
11478,16316,15609,0,3
11479,16318,15610,0,2
11480,16319,15611,0,3
11481,16321,15613,0,2
11482,16322,15614,1,1
11483,16323,15615,0,2
11484,16326,15618,1,1
11485,16327,15619,0,2
11486,16329,15621,0,5
11487,16330,15622,0,3
11488,16331,15623,0,5
11489,16333,15625,0,5
11490,16335,15627,0,5
11491,16338,15630,0,2
11492,16339,15631,0,5
11493,16340,15631,0,5
11494,16341,15632,0,4
11495,16342,15633,0,4
11496,16343,15631,0,5
11497,16344,15634,0,1
11498,16345,15635,0,5
11499,16346,15636,0,2
11500,16347,15637,0,2
11501,16348,15638,0,1
11502,16349,15639,1,1
11503,16350,15640,0,4
11504,16352,15642,0,3
11505,16353,15643,0,1
11506,16354,15644,0,1
11507,16355,15645,0,1
11508,16356,15646,0,5
11509,16357,15647,0,4
11510,16359,15649,0,3
11511,16360,15650,0,3
11512,16361,15651,0,1
11513,16362,15652,0,3
11514,16363,15653,0,4
11515,16364,15654,0,3
11516,16366,15656,0,5
11517,16367,15657,0,5
11518,16368,15658,0,3
11519,16369,15659,0,3
11520,16370,15660,0,5
11521,16372,15662,0,2
11522,16373,15663,0,1
11523,16375,15665,0,2
11524,16376,15666,0,1
11525,16377,15667,0,5
11526,16380,15670,0,1
11527,16382,15672,0,4
11528,16383,15673,0,1
11529,16384,15674,0,1
11530,16385,15675,0,2
11531,16386,15676,0,5
11532,16387,15677,0,3
11533,16388,15676,0,5
11534,16389,15678,0,2
11535,16391,15680,1,3
11536,16394,15683,0,1
11537,16396,15685,0,1
11538,16397,15685,0,1
11539,16398,15686,0,2
11540,16399,15687,0,5
11541,16400,15686,0,2
11542,16401,15685,0,1
11543,16402,15688,0,3
11544,16403,15686,0,2
11545,16404,15689,0,4
11546,16405,15690,0,3
11547,16406,15691,0,5
11548,16407,15692,0,4
11549,16409,15694,0,2
11550,16410,15695,0,4
11551,16411,15696,0,5
11552,16413,15698,0,3
11553,16414,15699,0,1
11554,16415,15699,0,1
11555,16416,15700,0,1
11556,16417,15701,0,3
11557,16418,15702,0,2
11558,16419,15703,0,1
11559,16420,15704,0,2
11560,16421,15705,0,4
11561,16423,15707,0,3
11562,16425,15708,0,1
11563,16429,15670,0,1
11564,16430,15711,1,3
11565,16431,15712,0,5
11566,16432,15713,0,5
11567,16434,15715,0,1
11568,16435,15716,0,3
11569,16436,15717,0,3
11570,16437,15718,1,1
11571,16439,15720,0,2
11572,16440,15721,0,2
11573,16441,15722,0,3
11574,16443,15724,0,5
11575,16445,15726,0,4
11576,16447,15728,0,2
11577,16449,15730,0,5
11578,16450,15731,0,3
11579,16451,15732,1,2
11580,16452,15733,0,3
11581,16453,15734,0,5
11582,16455,15736,0,5
11583,16459,15740,0,4
11584,16460,15741,0,2
11585,16462,15743,0,4
11586,16467,15746,0,4
11587,16469,15748,0,1
11588,16470,15749,0,3
11589,16471,15750,0,1
11590,16472,15751,0,3
11591,16476,15755,0,5
11592,16477,15756,0,1
11593,16479,15758,0,1
11594,16481,15760,0,4
11595,16483,15699,0,1
11596,16485,15763,0,5
11597,16486,15764,0,3
11598,16490,15768,0,3
11599,16492,15770,0,1
11600,16493,15771,0,1
11601,16494,15772,0,3
11602,16495,15773,0,2
11603,16497,15775,0,3
11604,16498,15776,0,4
11605,16499,15777,0,3
11606,16500,15778,0,1
11607,16501,15779,0,4
11608,16502,15780,0,4
11609,16503,15781,0,4
11610,16504,15782,0,4
11611,16505,15783,0,4
11612,16506,15784,0,1
11613,16507,15785,0,5
11614,16509,15787,0,4
11615,16510,15788,0,4
11616,16514,15792,0,3
11617,16515,15777,0,3
11618,16517,15794,0,2
11619,16518,15795,0,5
11620,16520,15797,0,2
11621,16521,15647,0,4
11622,16522,15798,1,1
11623,16524,15800,0,3
11624,16527,15803,0,3
11625,16528,15804,0,3
11626,16529,15805,0,2
11627,16531,15807,0,5
11628,16535,15811,0,3
11629,16536,15812,0,4
11630,16537,15813,1,1
11631,16538,15814,0,5
11632,16539,15815,0,3
11633,16541,15817,0,2
11634,16542,15818,0,2
11635,16543,15819,0,2
11636,16544,15820,0,4
11637,16547,15823,0,3
11638,16548,15824,0,1
11639,16551,15827,0,1
11640,16552,15746,0,4
11641,16553,15828,0,5
11642,16554,15829,0,2
11643,16555,15830,0,4
11644,16557,15832,0,3
11645,16558,15833,0,3
11646,16559,15834,0,3
11647,16560,15835,1,4
11648,16562,15836,0,5
11649,16564,15838,0,3
11650,16565,15839,0,5
11651,16566,15840,0,4
11652,16567,15841,0,3
11653,16570,15844,0,1
11654,16573,15847,0,5
11655,16574,15848,0,1
11656,16575,15849,0,4
11657,16577,15850,0,2
11658,16578,15851,0,2
11659,16579,15852,0,2
11660,16582,15855,0,1
11661,16583,15856,0,1
11662,16584,15857,0,4
11663,16586,15859,0,1
11664,16587,15860,0,4
11665,16588,15861,1,4
11666,16589,15862,0,3
11667,16590,15863,0,4
11668,16591,15864,0,1
11669,16593,15866,0,4
11670,16594,15867,0,3
11671,16596,15869,0,4
11672,16597,15870,0,4
11673,16598,15871,0,4
11674,16599,15872,0,1
11675,16600,15873,0,5
11676,16601,15874,0,1
11677,16602,15875,0,1
11678,16603,15876,1,5
11679,16604,15877,0,5
11680,16605,15878,0,3
11681,16606,15879,0,1
11682,16607,15880,0,5
11683,16609,15882,0,3
11684,16611,15884,0,2
11685,16613,15886,0,4
11686,16614,15887,0,4
11687,16615,15888,0,5
11688,16616,15889,0,4
11689,16618,15891,0,1
11690,16619,15892,0,2
11691,16620,15893,0,4
11692,16622,15894,0,4
11693,16623,15895,0,5
11694,16624,15896,0,1
11695,16625,15891,0,1
11696,16626,15897,0,1
11697,16627,15898,1,5
11698,16628,15899,0,4
11699,16629,15900,0,3
11700,16631,15902,0,5
11701,16632,15903,0,4
11702,16633,15904,0,2
11703,16634,15905,0,4
11704,16635,15906,1,3
11705,16636,15907,0,3
11706,16637,15908,0,3
11707,16638,15909,0,4
11708,16640,15911,0,2
11709,16641,15912,0,1
11710,16645,15916,0,4
11711,16647,15918,0,1
11712,16648,15919,0,3
11713,16652,15923,0,1
11714,16655,15926,1,2
11715,16656,15927,1,2
11716,16657,15928,0,2
11717,16659,15930,0,5
11718,16660,15931,0,4
11719,16661,15932,0,2
11720,16662,15933,0,1
11721,16663,15934,0,2
11722,16664,15935,0,4
11723,16665,15936,0,1
11724,16666,15937,0,4
11725,16667,15938,1,2
11726,16668,15939,0,2
11727,16669,15940,0,3
11728,16670,15941,0,1
11729,16671,15942,0,1
11730,16672,15943,0,5
11731,16673,15944,0,3
11732,16674,15945,0,3
11733,16676,15947,0,4
11734,16677,15948,0,5
11735,16678,15949,0,4
11736,16679,15950,0,4
11737,16680,15951,0,3
11738,16682,15953,0,5
11739,16683,15954,1,2
11740,16684,15955,0,3
11741,16685,15956,1,3
11742,16687,15958,0,1
11743,16688,15959,0,5
11744,16689,15960,0,2
11745,16690,15961,0,2
11746,16693,15964,0,5
11747,16694,15965,0,3
11748,16695,15966,0,3
11749,16696,15967,0,5
11750,16697,15968,0,4
11751,16700,15971,0,4
11752,16701,15972,0,3
11753,16702,15973,0,5
11754,16703,15974,0,1
11755,16704,15975,1,5
11756,16706,15977,1,4
11757,16707,15978,0,2
11758,16708,15979,0,5
11759,16709,15980,0,4
11760,16710,15981,0,4
11761,16711,15982,1,2
11762,16712,15983,0,1
11763,16714,15984,0,2
11764,16715,15985,0,3
11765,16718,15988,0,2
11766,16720,15990,0,1
11767,16721,15991,0,2
11768,16723,15993,0,2
11769,16725,15995,0,1
11770,16727,15997,0,4
11771,16729,15999,0,2
11772,16730,16000,0,5
11773,16731,16001,0,4
11774,16734,16004,0,1
11775,16735,16005,0,5
11776,16736,16006,0,3
11777,16737,16007,1,4
11778,16738,16008,0,2
11779,16739,16009,0,3
11780,16740,16010,0,5
11781,16742,16012,0,2
11782,16744,16014,0,2
11783,16745,16015,0,3
11784,16746,16016,0,1
11785,16747,16017,0,1
11786,16750,16020,0,1
11787,16751,16020,0,1
11788,16752,16021,0,4
11789,16755,16024,0,4
11790,16757,16026,0,1
11791,16758,16027,0,4
11792,16759,16027,0,4
11793,16760,16028,0,2
11794,16761,16029,0,1
11795,16762,16030,0,1
11796,16763,16031,0,2
11797,16764,16027,0,4
11798,16765,16032,0,1
11799,16766,16033,0,2
11800,16767,16034,0,5
11801,16769,16009,0,3
11802,16770,16036,0,5
11803,16771,16037,0,2
11804,16772,16038,0,1
11805,16773,16039,0,5
11806,16774,16040,0,3
11807,16775,16041,0,4
11808,16776,16042,0,4
11809,16777,16043,0,1
11810,16778,16043,0,1
11811,16779,16044,0,2
11812,16780,16045,0,4
11813,16782,16047,0,4
11814,16783,16048,0,2
11815,16785,16050,0,3
11816,16786,16051,0,2
11817,16787,16052,0,3
11818,16788,16053,0,3
11819,16790,16055,0,3
11820,16794,16059,0,1
11821,16796,16061,1,1
11822,16797,16062,0,1
11823,16799,16064,0,4
11824,16801,16066,0,5
11825,16802,16067,0,2
11826,16806,16071,0,4
11827,16807,16072,0,3
11828,16808,16073,0,4
11829,16809,16074,0,3
11830,16810,16075,0,3
11831,16811,16076,0,2
11832,16812,16077,0,2
11833,16813,16077,0,2
11834,16814,16078,0,3
11835,16815,16079,0,5
11836,16817,16081,0,3
11837,16818,16082,0,2
11838,16820,16084,0,1
11839,16821,16085,0,5
11840,16823,16087,0,5
11841,16825,16089,0,3
11842,16826,16090,0,1
11843,16827,16091,0,2
11844,16828,16092,0,5
11845,16829,16093,0,3
11846,16830,16073,0,4
11847,16832,16095,0,4
11848,16833,16096,0,5
11849,16835,16098,1,1
11850,16836,16099,0,5
11851,16837,16100,0,1
11852,16838,16099,0,5
11853,16840,16073,0,4
11854,16841,16102,0,4
11855,16843,16104,0,1
11856,16844,16105,0,1
11857,16845,16106,0,5
11858,16846,16107,0,2
11859,16847,16108,0,1
11860,16848,16109,0,3
11861,16849,16110,0,4
11862,16850,16111,0,4
11863,16852,16113,0,3
11864,16853,16114,0,1
11865,16854,16115,0,5
11866,16855,16116,0,5
11867,16858,16119,0,5
11868,16859,16120,0,3
11869,16860,16121,0,5
11870,16861,16122,0,2
11871,16863,16124,0,3
11872,16865,16126,0,1
11873,16866,16127,0,4
11874,16867,16124,1,3
11875,16870,16130,0,2
11876,16871,16131,0,3
11877,16872,16132,0,3
11878,16873,16133,0,2
11879,16874,16134,0,4
11880,16875,16135,0,1
11881,16876,16136,0,2
11882,16877,16137,0,4
11883,16878,16138,0,2
11884,16879,16139,0,2
11885,16880,16140,0,5
11886,16881,16141,0,4
11887,16883,16143,0,1
11888,16885,16145,0,2
11889,16886,16146,0,2
11890,16887,16147,0,4
11891,16889,16149,0,4
11892,16894,16154,0,5
11893,16898,16157,0,3
11894,16899,16158,0,4
11895,16900,16159,0,4
11896,16902,16161,0,4
11897,16903,16162,0,4
11898,16904,16163,0,4
11899,16905,16130,0,2
11900,16906,16164,0,2
11901,16907,16165,0,4
11902,16910,16168,0,5
11903,16911,16169,0,1
11904,16914,16172,0,2
11905,16915,16173,0,1
11906,16916,16174,0,2
11907,16917,16175,1,1
11908,16920,16178,1,1
11909,16921,16179,0,3
11910,16922,16180,1,2
11911,16923,16181,0,3
11912,16924,16182,0,3
11913,16925,16183,0,2
11914,16926,16184,0,5
11915,16928,16186,0,4
11916,16929,16187,0,5
11917,16930,16188,0,1
11918,16931,16189,0,3
11919,16933,16191,0,4
11920,16934,16192,0,3
11921,16935,16193,0,4
11922,16936,16194,0,2
11923,16937,16195,0,2
11924,16938,16196,0,1
11925,16939,16197,0,2
11926,16944,16201,0,1
11927,16945,16202,0,1
11928,16947,16204,0,5
11929,16948,16205,0,2
11930,16950,16207,0,2
11931,16951,16158,0,4
11932,16953,16209,0,5
11933,16954,16210,0,4
11934,16957,16212,0,4
11935,16958,16213,0,4
11936,16959,16214,0,4
11937,16961,16216,0,5
11938,16962,16217,0,4
11939,16964,16219,0,1
11940,16965,16220,0,4
11941,16966,16221,1,4
11942,16967,16222,0,5
11943,16968,16223,0,5
11944,16969,16224,0,1
11945,16970,16225,0,1
11946,16971,16226,0,3
11947,16976,16231,0,1
11948,16977,16232,0,3
11949,16978,16233,0,1
11950,16980,16234,0,5
11951,16982,16236,0,3
11952,16983,16059,0,1
11953,16984,16237,0,2
11954,16985,16238,0,4
11955,16987,16240,0,1
11956,16988,16241,0,1
11957,16989,16234,0,5
11958,16990,16242,0,3
11959,16991,16243,0,3
11960,16992,16244,0,3
11961,16993,16245,0,2
11962,16994,16246,0,4
11963,16995,16247,0,3
11964,16996,16248,0,4
11965,16997,16249,0,2
11966,16998,16250,0,1
11967,16999,16251,0,1
11968,17000,16252,0,4
11969,17002,16253,0,5
11970,17003,16254,0,3
11971,17005,16256,0,2
11972,17006,16073,0,4
11973,17007,16257,0,1
11974,17008,16258,0,2
11975,17011,16261,0,2
11976,17012,16262,0,1
11977,17014,16264,0,1
11978,17015,16265,0,4
11979,17017,16267,0,5
11980,17021,16271,0,5
11981,17022,16272,0,1
11982,17023,16273,0,2
11983,17024,16274,0,3
11984,17025,16275,0,2
11985,17026,16276,0,3
11986,17027,16277,0,1
11987,17028,16278,0,4
11988,17029,16279,0,5
11989,17031,16281,0,2
11990,17033,16283,0,2
11991,17034,16284,1,4
11992,17035,16285,1,2
11993,17036,16286,0,1
11994,17037,16287,0,5
11995,17038,16288,0,1
11996,17041,16291,0,2
11997,17045,16295,0,1
11998,17046,16296,0,5
11999,17047,16297,0,4
12000,17048,16298,0,5
12001,17050,16300,0,5
12002,17051,16301,0,1
12003,17052,16302,0,2
12004,17053,16303,0,1
12005,17054,16304,0,1
12006,17055,16305,1,5
12007,17056,16306,0,3
12008,17057,16307,0,5
12009,17058,16308,0,2
12010,17060,16310,0,5
12011,17061,16311,0,1
12012,17063,16313,0,4
12013,17065,16315,0,1
12014,17068,16318,0,5
12015,17069,16319,0,5
12016,17070,16320,1,3
12017,17071,16321,0,5
12018,17072,16322,0,3
12019,17073,16323,0,1
12020,17074,16324,1,2
12021,17075,16325,0,2
12022,17076,16326,0,4
12023,17078,16328,0,1
12024,17079,16329,0,1
12025,17080,16330,0,4
12026,17082,16332,0,1
12027,17083,16333,1,1
12028,17085,16335,0,2
12029,17086,16336,0,1
12030,17088,16338,1,5
12031,17089,16339,0,2
12032,17090,16340,1,1
12033,17091,16341,0,1
12034,17094,16343,0,5
12035,17095,16344,0,5
12036,17096,16343,0,5
12037,17097,16339,0,2
12038,17098,16345,0,2
12039,17099,16346,0,5
12040,17100,16343,0,5
12041,17101,16347,0,5
12042,17102,16348,0,3
12043,17105,16351,0,1
12044,17106,16352,0,4
12045,17107,16353,0,3
12046,17108,16354,0,5
12047,17110,16356,0,5
12048,17111,16357,0,3
12049,17116,16361,0,1
12050,17117,16362,0,1
12051,17118,16363,0,3
12052,17123,16368,0,2
12053,17124,16369,0,5
12054,17126,16371,0,3
12055,17127,16371,0,3
12056,17128,16372,0,2
12057,17129,16373,0,2
12058,17130,16374,0,3
12059,17134,16378,0,1
12060,17136,16380,0,4
12061,17137,16381,0,2
12062,17139,16383,0,2
12063,17140,16384,0,4
12064,17141,16385,0,3
12065,17142,16386,0,2
12066,17143,16387,0,4
12067,17144,16388,0,4
12068,17146,16357,0,3
12069,17147,16390,1,3
12070,17148,16391,0,2
12071,17151,16394,0,3
12072,17152,16395,0,1
12073,17153,16396,0,4
12074,17157,16399,0,5
12075,17158,16400,0,3
12076,17159,16401,0,2
12077,17160,16387,0,4
12078,17162,16403,0,3
12079,17164,16405,0,5
12080,17166,16407,0,4
12081,17168,16409,0,1
12082,17169,16410,0,1
12083,17170,16411,0,3
12084,17171,16412,0,4
12085,17172,16413,0,5
12086,17173,16414,0,5
12087,17177,16418,0,2
12088,17182,16422,0,2
12089,17183,16423,0,2
12090,17185,16425,0,5
12091,17186,16426,0,3
12092,17187,16427,0,3
12093,17188,16428,0,1
12094,17189,16429,0,2
12095,17190,16430,0,5
12096,17191,16431,0,5
12097,17192,16432,0,2
12098,17193,16433,0,3
12099,17194,16434,0,2
12100,17195,16435,0,5
12101,17196,16436,0,1
12102,17197,16437,0,4
12103,17198,16438,0,5
12104,17199,16439,0,1
12105,17200,16440,0,4
12106,17201,16441,0,1
12107,17202,16442,0,5
12108,17203,16443,0,2
12109,17204,16444,0,3
12110,17205,16445,0,5
12111,17206,16446,0,5
12112,17207,16447,0,5
12113,17208,16448,0,5
12114,17210,16450,0,3
12115,17211,16451,0,1
12116,17212,16452,0,4
12117,17214,16454,0,1
12118,17215,16455,0,3
12119,17216,16456,1,4
12120,17217,16457,0,2
12121,17224,16464,0,4
12122,17225,16465,0,2
12123,17226,16466,0,3
12124,17228,16467,0,3
12125,17231,16469,0,4
12126,17232,16409,0,1
12127,17233,16470,0,4
12128,17234,16471,0,4
12129,17236,16473,0,2
12130,17237,16474,0,4
12131,17240,16477,0,3
12132,17241,16478,0,2
12133,17242,16479,0,2
12134,17244,16481,1,3
12135,17245,16482,0,1
12136,17246,16483,0,2
12137,17247,16484,0,2
12138,17248,16485,0,5
12139,17249,16486,0,2
12140,17250,16487,0,1
12141,17252,16489,0,5
12142,17253,16490,0,3
12143,17254,16491,0,3
12144,17258,16495,0,3
12145,17260,16497,0,4
12146,17262,16499,0,4
12147,17263,16500,0,4
12148,17264,16501,1,4
12149,17265,16502,0,2
12150,17267,16504,1,4
12151,17268,16505,0,1
12152,17270,16507,0,1
12153,17271,16508,0,4
12154,17272,16509,0,5
12155,17273,16510,0,5
12156,17274,16511,1,2
12157,17275,16512,0,4
12158,17276,16513,0,3
12159,17278,16515,0,3
12160,17279,16516,0,1
12161,17280,16517,0,5
12162,17281,16518,0,5
12163,17283,16520,0,1
12164,17285,16522,0,2
12165,17286,16523,0,5
12166,17287,16524,0,5
12167,17288,16525,0,2
12168,17289,16526,0,5
12169,17290,16527,0,2
12170,17291,16528,1,1
12171,17293,16530,0,5
12172,17295,16532,0,3
12173,17297,16534,0,5
12174,17298,16535,0,2
12175,17301,16538,0,1
12176,17302,16539,0,4
12177,17303,16540,0,4
12178,17304,16505,0,1
12179,17306,16542,0,5
12180,17307,16543,0,2
12181,17308,16544,0,4
12182,17309,16545,0,3
12183,17311,16547,0,3
12184,17312,16548,1,4
12185,17314,16550,0,4
12186,17315,16551,0,3
12187,17316,16552,0,3
12188,17317,16553,0,2
12189,17318,16554,0,4
12190,17319,16555,0,4
12191,17321,16557,0,2
12192,17326,16562,0,4
12193,17327,16563,0,3
12194,17328,16564,0,5
12195,17329,13768,0,2
12196,17330,16565,0,1
12197,17331,16566,0,1
12198,17332,16567,0,3
12199,17335,16570,0,3
12200,17337,16572,0,2
12201,17339,16574,0,5
12202,17340,16575,0,5
12203,17341,16576,0,2
12204,17342,16577,0,4
12205,17344,16579,0,4
12206,17346,16581,0,4
12207,17347,16582,0,5
12208,17348,16583,0,3
12209,17349,16584,0,1
12210,17350,16585,0,1
12211,17351,16586,0,3
12212,17352,16587,0,4
12213,17353,16588,0,2
12214,17354,16589,0,4
12215,17356,16591,0,1
12216,17357,16592,0,5
12217,17358,16593,0,3
12218,17359,16594,1,2
12219,17360,16595,0,5
12220,17362,16597,0,1
12221,17364,16599,1,3
12222,17365,16600,1,2
12223,17367,16602,0,4
12224,17368,16603,0,3
12225,17370,16605,0,4
12226,17371,16606,0,2
12227,17372,16607,1,5
12228,17373,16608,0,4
12229,17376,16611,0,2
12230,17377,16612,1,3
12231,17378,16613,0,4
12232,17383,16618,0,4
12233,17384,16619,0,1
12234,17386,16621,0,2
12235,17387,16622,0,3
12236,17388,16623,0,4
12237,17389,16624,0,5
12238,17390,16625,0,4
12239,17392,16627,0,5
12240,17393,16628,0,5
12241,17395,16630,0,5
12242,17397,16632,0,3
12243,17398,16624,0,5
12244,17400,16634,0,3
12245,17401,16635,0,1
12246,17403,16637,0,5
12247,17405,16639,0,5
12248,17406,16640,0,4
12249,17407,16641,0,1
12250,17408,16642,0,2
12251,17409,16643,0,4
12252,17410,16644,0,5
12253,17411,16645,0,3
12254,17412,16646,0,3
12255,17415,16649,0,2
12256,17416,16650,0,1
12257,17417,16651,0,2
12258,17418,16611,1,2
12259,17419,16652,0,3
12260,17420,16653,0,2
12261,17423,16656,0,2
12262,17424,16657,0,4
12263,17425,16658,0,5
12264,17426,16659,0,3
12265,17427,16660,0,2
12266,17428,16656,0,2
12267,17430,16662,0,1
12268,17432,16664,0,2
12269,17433,16665,0,4
12270,17434,16666,0,1
12271,17435,16667,0,3
12272,17437,16669,0,5
12273,17438,16664,0,2
12274,17439,16670,0,5
12275,17440,16671,0,1
12276,17441,16672,0,5
12277,17442,16673,0,1
12278,17443,16666,0,1
12279,17447,16677,0,1
12280,17448,16678,0,2
12281,17450,16680,0,3
12282,17451,16681,1,4
12283,17452,16682,0,1
12284,17453,16683,0,3
12285,17454,16684,0,3
12286,17455,16685,0,4
12287,17457,16687,0,2
12288,17458,16688,0,2
12289,17460,16690,1,1
12290,17461,16691,0,3
12291,17462,16692,0,1
12292,17464,16694,0,5
12293,17465,16695,0,5
12294,17466,16696,0,2
12295,17467,16697,0,3
12296,17468,16698,0,1
12297,17470,16700,0,3
12298,17471,16701,0,5
12299,17473,16703,0,4
12300,17474,16704,0,2
12301,17475,16705,0,5
12302,17477,16707,0,3
12303,17479,16709,0,2
12304,17481,16711,0,4
12305,17482,16712,0,4
12306,17483,16713,0,5
12307,17485,16714,0,2
12308,17486,16715,0,5
12309,17487,16716,0,1
12310,17488,16717,0,5
12311,17489,16718,0,2
12312,17490,16719,0,4
12313,17491,16720,0,3
12314,17492,16622,0,3
12315,17493,16721,0,4
12316,17494,16722,0,3
12317,17495,16608,0,4
12318,17497,16724,0,5
12319,17498,16725,0,5
12320,17499,16726,1,2
12321,17500,16727,0,1
12322,17502,16729,0,3
12323,17505,16732,0,3
12324,17506,16733,0,5
12325,17507,16734,0,1
12326,17509,16736,1,1
12327,17511,16738,0,2
12328,17513,16602,0,4
12329,17514,16740,0,5
12330,17518,16744,0,1
12331,17519,16745,0,2
12332,17520,16746,0,3
12333,17521,16747,0,2
12334,17522,16748,0,3
12335,17524,16622,0,3
12336,17525,16750,0,4
12337,17526,16740,0,5
12338,17529,16753,0,4
12339,17532,16755,1,3
12340,17533,16756,0,2
12341,17534,16757,0,3
12342,17536,16759,0,3
12343,17537,16760,0,2
12344,17538,16761,1,1
12345,17539,16762,0,4
12346,17541,16764,0,4
12347,17543,16766,0,2
12348,17544,16767,0,5
12349,17549,16772,0,2
12350,17554,16777,0,2
12351,17556,16779,0,1
12352,17558,16781,0,2
12353,17559,16782,0,2
12354,17560,16783,0,2
12355,17562,16785,0,5
12356,17563,16786,0,1
12357,17564,16787,0,1
12358,17567,16790,0,2
12359,17569,16792,0,2
12360,17570,16793,0,2
12361,17572,16795,0,3
12362,17576,16799,0,5
12363,17577,16800,0,2
12364,17578,16801,0,5
12365,17579,16802,0,1
12366,17580,16803,0,4
12367,17582,16805,0,5
12368,17583,16806,0,5
12369,17584,16807,0,3
12370,17585,16808,0,4
12371,17586,16809,0,2
12372,17587,16810,0,3
12373,17588,16811,0,3
12374,17589,16812,0,1
12375,17590,16813,0,4
12376,17591,16814,0,2
12377,17593,16816,0,1
12378,17596,16819,0,4
12379,17598,16821,0,2
12380,17599,16822,0,4
12381,17600,16823,0,1
12382,17602,16825,0,5
12383,17604,16827,0,2
12384,17605,16828,0,5
12385,17606,16829,0,3
12386,17607,16830,1,1
12387,17611,16833,0,5
12388,17613,16835,0,5
12389,17615,16837,0,3
12390,17616,16838,0,1
12391,17617,16839,0,3
12392,17618,16840,0,4
12393,17620,16842,0,5
12394,17621,16843,0,5
12395,17622,16844,0,1
12396,17623,16845,0,4
12397,17625,16847,0,1
12398,17626,16848,0,4
12399,17628,16850,0,3
12400,17629,16851,0,4
12401,17631,16853,0,2
12402,17632,16854,0,1
12403,17634,16825,0,5
12404,17635,16856,0,5
12405,17636,16857,0,5
12406,17637,16858,0,3
12407,17638,16859,0,5
12408,17639,16860,1,2
12409,17643,16864,0,5
12410,17644,16865,0,3
12411,17645,16866,0,5
12412,17646,16867,0,3
12413,17647,16868,0,4
12414,17648,16869,0,2
12415,17649,16870,0,5
12416,17650,16871,0,5
12417,17651,16872,0,5
12418,17652,16873,0,5
12419,17653,16874,0,3
12420,17655,16876,1,5
12421,17657,16878,0,5
12422,17658,16879,0,4
12423,17660,16881,0,4
12424,17661,16882,0,3
12425,17662,16883,0,4
12426,17663,16884,0,3
12427,17666,16887,0,3
12428,17667,16888,0,5
12429,17668,16889,0,5
12430,17669,16890,0,1
12431,17671,16892,0,5
12432,17673,16894,0,3
12433,17674,16895,0,5
12434,17675,16896,0,2
12435,17676,16897,0,4
12436,17679,16900,0,1
12437,17680,16901,0,2
12438,17681,16902,0,3
12439,17682,16903,0,3
12440,17683,16904,0,4
12441,17684,16905,0,2
12442,17685,16906,0,5
12443,17686,16907,0,3
12444,17687,16908,0,3
12445,17688,16909,0,1
12446,17689,16910,0,5
12447,17690,16911,0,3
12448,17691,16912,0,1
12449,17692,16913,0,2
12450,17693,16914,0,2
12451,17694,16915,0,1
12452,17696,16917,0,3
12453,17697,16918,0,4
12454,17698,16919,0,3
12455,17699,16920,0,4
12456,17701,16922,0,5
12457,17702,16923,0,4
12458,17703,16924,0,3
12459,17704,16925,0,1
12460,17706,16927,0,3
12461,17707,16928,0,3
12462,17709,16930,0,1
12463,17710,16931,0,3
12464,17711,16932,0,1
12465,17715,16936,0,1
12466,17716,16937,0,1
12467,17717,16938,0,1
12468,17719,16940,0,4
12469,17720,16941,1,4
12470,17722,16943,0,4
12471,17724,16945,0,4
12472,17725,16946,0,2
12473,17727,16948,0,5
12474,17728,16949,0,2
12475,17729,16950,0,1
12476,17730,16951,0,4
12477,17733,16954,0,5
12478,17736,16957,0,1
12479,17738,16959,0,5
12480,17739,16960,0,2
12481,17740,16961,0,1
12482,17741,16962,0,3
12483,17742,16961,0,1
12484,17743,16963,0,2
12485,17744,16964,0,2
12486,17745,16965,0,1
12487,17746,16966,0,2
12488,17747,16967,0,5
12489,17749,16969,1,5
12490,17750,16970,0,1
12491,17751,16971,0,3
12492,17752,16972,0,4
12493,17753,16973,0,5
12494,17754,16974,0,1
12495,17757,16977,1,5
12496,17758,16978,0,2
12497,17759,16979,0,1
12498,17761,16981,0,5
12499,17762,16982,1,3
12500,17763,16983,0,2
12501,17765,16985,0,1
12502,17766,16986,0,2
12503,17767,16967,0,5
12504,17768,16987,0,3
12505,17769,16988,0,5
12506,17771,16990,0,2
12507,17772,16991,0,4
12508,17775,16994,0,2
12509,17776,16995,0,3
12510,17777,16996,0,5
12511,17778,16997,0,1
12512,17779,16998,0,3
12513,17780,16999,0,5
12514,17781,17000,0,2
12515,17782,17001,0,5
12516,17783,17002,0,3
12517,17784,17003,0,4
12518,17785,17004,0,2
12519,17786,17005,0,1
12520,17787,17006,0,2
12521,17788,17007,0,3
12522,17791,17006,0,2
12523,17795,17013,0,5
12524,17796,15518,0,5
12525,17797,17014,0,5
12526,17798,17015,0,4
12527,17799,17015,0,4
12528,17800,17016,0,4
12529,17801,17017,0,4
12530,17802,17018,0,1
12531,17803,17019,0,2
12532,17806,17022,0,4
12533,17809,17025,0,3
12534,17810,17026,0,5
12535,17812,17028,0,5
12536,17814,17030,0,1
12537,17815,17031,0,5
12538,17816,17032,0,3
12539,17817,17033,0,5
12540,17819,17035,0,1
12541,17821,17037,0,5
12542,17823,17039,0,3
12543,17824,17040,0,4
12544,17825,17041,0,5
12545,17826,17042,0,3
12546,17827,17043,0,4
12547,17829,17045,0,5
12548,17830,17046,0,1
12549,17831,17047,0,4
12550,17832,17048,0,2
12551,17833,17049,0,5
12552,17834,17050,0,4
12553,17835,17051,0,5
12554,17836,17052,0,4
12555,17837,17053,0,2
12556,17839,17055,0,1
12557,17840,17056,0,3
12558,17841,17057,0,2
12559,17842,17058,0,2
12560,17843,17059,0,4
12561,17844,17060,0,1
12562,17845,17061,0,2
12563,17846,17062,0,2
12564,17848,17064,0,1
12565,17850,17066,0,5
12566,17851,17067,0,5
12567,17852,17068,0,5
12568,17856,17072,0,4
12569,17857,17073,0,3
12570,17858,17074,0,4
12571,17859,17075,0,4
12572,17860,17076,0,2
12573,17861,17077,1,4
12574,17862,17078,0,4
12575,17863,17079,0,3
12576,17864,17080,0,5
12577,17865,17081,0,4
12578,17868,17084,0,3
12579,17869,17085,0,3
12580,17871,17080,1,5
12581,17873,17088,0,1
12582,17875,17090,0,2
12583,17876,17091,0,1
12584,17877,17092,0,3
12585,17879,17094,0,4
12586,17881,17096,0,1
12587,17882,17097,0,4
12588,17883,17098,0,2
12589,17885,17100,0,1
12590,17889,17104,0,5
12591,17890,17105,0,2
12592,17891,17106,0,2
12593,17892,17107,0,4
12594,17893,17108,0,3
12595,17894,17109,0,2
12596,17895,17110,0,1
12597,17896,17111,0,2
12598,17897,17112,0,2
12599,17898,17113,0,2
12600,17899,17114,0,3
12601,17900,17115,0,5
12602,17901,17116,0,4
12603,17902,17117,0,2
12604,17903,17118,0,1
12605,17905,17120,0,1
12606,17906,17121,0,4
12607,17908,17123,0,3
12608,17909,17124,0,5
12609,17910,17125,0,4
12610,17913,17128,0,3
12611,17916,17131,0,3
12612,17918,17133,1,1
12613,17919,17134,0,1
12614,17920,17135,1,5
12615,17924,17139,0,4
12616,17925,17140,0,5
12617,17928,17142,0,5
12618,17929,17143,0,1
12619,17930,17144,0,4
12620,17931,17145,0,4
12621,17932,17146,0,3
12622,17933,17147,0,2
12623,17934,17148,1,3
12624,17935,17149,0,3
12625,17937,17151,0,2
12626,17938,17152,0,3
12627,17940,17154,0,3
12628,17944,17157,1,1
12629,17945,17158,0,5
12630,17946,17159,0,1
12631,17949,17162,0,2
12632,17950,17163,0,5
12633,17951,17164,0,5
12634,17954,17167,0,5
12635,17956,17169,0,4
12636,17957,17170,0,5
12637,17960,17173,0,4
12638,17961,17174,0,3
12639,17963,17176,0,3
12640,17964,17177,0,2
12641,17965,17178,0,4
12642,17966,17179,0,4
12643,17968,17181,0,2
12644,17969,17182,0,4
12645,17970,17183,0,2
12646,17971,17184,0,4
12647,17972,17185,0,4
12648,17973,17186,0,4
12649,17975,17188,0,3
12650,17977,17190,0,3
12651,17978,17191,0,2
12652,17979,17192,0,1
12653,17981,17194,0,5
12654,17982,17195,0,2
12655,17985,17198,0,5
12656,17987,17200,0,1
12657,17988,17201,0,1
12658,17989,17202,0,5
12659,17990,17203,0,4
12660,17991,17204,0,4
12661,17992,17205,0,4
12662,17993,17206,0,1
12663,17997,17210,0,1
12664,17999,17212,0,4
12665,18000,17213,0,3
12666,18002,17215,0,3
12667,18003,17216,0,5
12668,18005,17218,0,1
12669,18006,17219,0,4
12670,18007,17220,0,5
12671,18008,17221,0,1
12672,18009,17222,0,5
12673,18010,17223,0,2
12674,18011,17224,0,1
12675,18012,17225,0,2
12676,18013,17226,0,3
12677,18014,17227,0,2
12678,18015,17226,0,3
12679,18016,17228,0,4
12680,18019,17231,0,5
12681,18020,17232,0,1
12682,18023,17235,0,4
12683,18024,17236,0,2
12684,18025,17237,0,1
12685,18026,17238,0,2
12686,18027,17239,1,4
12687,18028,17240,0,2
12688,18029,17241,0,2
12689,18031,17243,1,4
12690,18032,17244,0,3
12691,18035,17247,0,2
12692,18036,17248,0,5
12693,18038,17250,0,3
12694,18039,17251,0,4
12695,18041,17253,1,1
12696,18042,17254,0,3
12697,18043,17255,0,4
12698,18044,17256,0,5
12699,18046,17258,0,2
12700,18047,17259,0,1
12701,18048,17260,0,5
12702,18049,17261,0,5
12703,18050,17262,0,4
12704,18051,17263,0,5
12705,18052,17264,1,2
12706,18053,17265,0,5
12707,18055,17267,0,3
12708,18056,17268,0,4
12709,18059,17271,0,3
12710,18060,17272,0,4
12711,18062,17274,0,3
12712,18063,17275,0,5
12713,18064,17276,0,5
12714,18065,17271,0,3
12715,18067,17278,0,1
12716,18069,17280,0,4
12717,18070,15704,0,2
12718,18071,17281,0,4
12719,18073,17283,0,4
12720,18074,17284,0,1
12721,18075,17285,0,1
12722,18076,17286,0,3
12723,18077,17287,0,1
12724,18078,17288,0,2
12725,18079,17289,0,4
12726,18081,17290,0,4
12727,18082,17291,0,1
12728,18083,17292,0,3
12729,18084,17293,0,5
12730,18085,17294,0,1
12731,18087,17296,0,4
12732,18088,17297,0,2
12733,18089,17298,0,4
12734,18090,17297,0,2
12735,18091,17299,0,1
12736,18092,17300,0,2
12737,18093,17301,0,3
12738,18094,17302,0,2
12739,18095,17303,0,1
12740,18096,17304,0,4
12741,18097,17305,0,1
12742,18098,17304,0,4
12743,18099,17300,0,2
12744,18104,17310,0,5
12745,18105,17311,0,1
12746,18106,17312,0,5
12747,18108,17314,0,1
12748,18109,17315,0,3
12749,18111,17317,0,5
12750,18113,17319,0,3
12751,18114,15705,1,4
12752,18115,17320,0,5
12753,18116,17321,1,4
12754,18118,17323,0,5
12755,18119,17324,0,1
12756,18120,17325,0,1
12757,18121,17326,0,2
12758,18123,17328,0,4
12759,18124,17329,0,4
12760,18125,17330,0,4
12761,18127,17332,0,1
12762,18131,17336,0,5
12763,18132,17337,0,5
12764,18133,17338,0,4
12765,18134,17339,0,4
12766,18135,17340,0,1
12767,18136,17341,0,2
12768,18137,17342,0,5
12769,18138,17343,0,4
12770,18140,17345,0,4
12771,18141,17346,0,1
12772,18142,17347,0,4
12773,18144,17348,0,1
12774,18145,17349,0,3
12775,18149,17353,0,5
12776,18151,17355,0,1
12777,18153,17357,0,2
12778,18155,17358,0,1
12779,18157,17360,0,5
12780,18158,17361,0,1
12781,18160,17362,0,4
12782,18161,17363,0,1
12783,18163,17361,0,1
12784,18166,17367,0,5
12785,18168,17368,0,1
12786,18169,17369,0,4
12787,18170,17370,0,3
12788,18171,17371,1,3
12789,18172,17372,0,2
12790,18173,17373,0,2
12791,18175,17374,0,2
12792,18177,17376,0,1
12793,18180,17379,0,4
12794,18181,17380,0,2
12795,18182,17381,0,2
12796,18183,17382,0,2
12797,18184,17383,1,1
12798,18185,17384,0,1
12799,18186,17385,0,3
12800,18187,17386,0,3
12801,18191,17390,0,2
12802,18192,17391,0,3
12803,18193,17392,0,4
12804,18195,17394,0,1
12805,18198,17397,0,5
12806,18199,17398,0,2
12807,18204,17402,0,1
12808,18205,17403,0,5
12809,18206,17404,0,4
12810,18207,17405,0,3
12811,18208,17406,0,4
12812,18209,17407,0,1
12813,18210,17408,0,5
12814,18211,17409,0,2
12815,18213,17411,0,1
12816,18214,17412,0,4
12817,18216,17414,0,1
12818,18217,17415,0,4
12819,18218,17416,0,1
12820,18220,17418,0,1
12821,18222,17420,0,5
12822,18223,17421,0,1
12823,18224,17422,1,3
12824,18226,17424,0,2
12825,18227,17425,0,2
12826,18229,17427,0,2
12827,18230,17428,0,3
12828,18231,17429,0,5
12829,18232,17430,0,2
12830,18234,17432,0,5
12831,18235,17433,0,2
12832,18237,17435,0,2
12833,18238,17433,0,2
12834,18239,17436,0,3
12835,18241,17438,0,1
12836,18243,17440,0,5
12837,18244,17441,0,2
12838,18246,17443,0,1
12839,18247,17444,0,3
12840,18248,17445,0,3
12841,18251,17448,0,2
12842,18252,17449,0,2
12843,18254,17451,0,4
12844,18255,17452,1,3
12845,18262,17459,0,4
12846,18263,17460,1,5
12847,18265,17462,0,3
12848,18267,17464,0,2
12849,18268,17465,0,5
12850,18269,17466,0,3
12851,18270,17467,0,2
12852,18272,17469,0,4
12853,18273,17470,0,1
12854,18274,17471,0,5
12855,18279,17475,0,4
12856,18280,17476,1,4
12857,18281,17477,0,4
12858,18282,17478,0,3
12859,18284,17480,1,2
12860,18286,17482,0,5
12861,18287,17483,0,3
12862,18289,17485,0,3
12863,18290,17486,0,5
12864,18291,17487,0,3
12865,18293,17489,0,4
12866,18294,17490,0,2
12867,18296,17492,0,5
12868,18297,17493,0,3
12869,18298,17494,0,5
12870,18299,17495,0,5
12871,18300,17496,0,3
12872,18302,17498,0,5
12873,18303,17499,0,3
12874,18304,17500,0,5
12875,18305,17501,1,2
12876,18307,17503,0,5
12877,18308,17504,0,1
12878,18310,17506,0,5
12879,18312,17508,0,3
12880,18313,17509,0,2
12881,18314,17510,0,3
12882,18315,17511,0,1
12883,18316,17512,0,2
12884,18317,17513,1,3
12885,18318,17514,0,4
12886,18319,17515,0,5
12887,18320,17516,0,2
12888,18321,17517,0,2
12889,18322,17494,0,5
12890,18323,17518,0,2
12891,18324,17519,0,4
12892,18327,17522,0,5
12893,18328,17523,0,5
12894,18330,17525,0,1
12895,18331,17490,1,2
12896,18332,17526,0,1
12897,18333,17527,0,4
12898,18335,17529,0,3
12899,18336,17530,0,1
12900,18337,17531,0,2
12901,18338,17532,0,1
12902,18339,17533,0,2
12903,18340,17534,0,1
12904,18341,17535,0,5
12905,18342,17536,0,1
12906,18343,17537,0,2
12907,18344,17538,0,1
12908,18345,17539,0,3
12909,18346,17540,0,5
12910,18348,17542,0,5
12911,18350,17544,0,3
12912,18351,17545,0,5
12913,18353,17547,0,5
12914,18354,17548,0,5
12915,18356,17550,0,3
12916,18358,17552,0,3
12917,18359,17553,0,5
12918,18360,17554,0,4
12919,18362,17556,0,2
12920,18364,17558,0,4
12921,18365,17559,0,4
12922,18368,17562,0,3
12923,18369,17563,0,5
12924,18370,17564,0,3
12925,18372,17566,0,4
12926,18375,17569,0,3
12927,18377,17571,0,2
12928,18378,17572,0,1
12929,18379,17573,0,5
12930,18381,17575,0,3
12931,18382,17576,0,1
12932,18383,17577,0,5
12933,18384,17578,0,3
12934,18385,17579,0,2
12935,18386,17580,1,1
12936,18387,17581,0,1
12937,18388,17582,0,2
12938,18390,17584,0,4
12939,18392,17586,0,4
12940,18393,17587,0,1
12941,18394,17588,1,2
12942,18395,17589,1,2
12943,18396,17590,0,2
12944,18397,17591,0,1
12945,18400,17593,0,2
12946,18401,17594,0,4
12947,18402,17595,0,4
12948,18404,17597,0,3
12949,18405,17598,0,3
12950,18406,17599,0,4
12951,18407,17600,0,1
12952,18408,17601,0,1
12953,18409,17600,0,1
12954,18411,17603,0,4
12955,18413,17605,0,5
12956,18415,17603,0,4
12957,18416,17607,0,3
12958,18417,17608,0,4
12959,18420,17611,0,1
12960,18421,17612,0,5
12961,18422,17613,0,5
12962,18423,17614,0,2
12963,18425,17616,0,3
12964,18426,17617,0,1
12965,18427,17618,0,1
12966,18428,17619,0,2
12967,18429,17620,0,4
12968,18430,17621,0,2
12969,18432,17623,0,5
12970,18433,17624,0,2
12971,18434,17625,0,4
12972,18435,17626,0,2
12973,18436,17627,0,5
12974,18437,17628,0,3
12975,18438,17629,0,2
12976,18439,17630,0,5
12977,18440,17631,0,5
12978,18441,17632,0,3
12979,18443,17634,0,3
12980,18446,17637,0,4
12981,18447,17638,0,5
12982,18449,17640,0,1
12983,18450,17641,0,4
12984,18451,17642,0,2
12985,18453,17644,0,5
12986,18458,17648,0,2
12987,18459,17649,0,5
12988,18460,17650,0,4
12989,18461,17650,0,4
12990,18462,17651,0,2
12991,18463,17652,0,5
12992,18464,17653,0,4
12993,18466,17650,0,4
12994,18467,17654,0,5
12995,18468,17655,0,4
12996,18469,17656,0,1
12997,18473,17660,0,4
12998,18474,17661,0,2
12999,18475,17662,0,4
13000,18476,17663,0,4
13001,18477,17664,0,5
13002,18479,17666,0,3
13003,18480,17667,0,5
13004,18481,17668,0,5
13005,18482,17640,0,1
13006,18484,17670,0,3
13007,18485,17671,1,3
13008,18486,17672,0,1
13009,18487,17673,0,5
13010,18488,17674,0,5
13011,18490,17676,0,4
13012,18491,17677,0,5
13013,18492,17678,0,4
13014,18493,17679,0,4
13015,18494,17680,0,3
13016,18495,17681,0,4
13017,18496,17682,0,5
13018,18498,17684,0,1
13019,18499,17685,0,1
13020,18500,17686,0,2
13021,18501,17687,0,2
13022,18503,17689,0,1
13023,18504,17690,0,3
13024,18505,17691,0,1
13025,18506,17678,0,4
13026,18507,17692,0,2
13027,18508,17693,0,3
13028,18510,17678,0,4
13029,18511,17695,0,3
13030,18512,17696,0,5
13031,18515,17623,1,5
13032,18516,17699,0,2
13033,18517,17700,0,4
13034,18518,17701,0,2
13035,18520,17702,0,5
13036,18521,17703,0,2
13037,18522,17704,0,5
13038,18523,17705,0,5
13039,18524,17706,0,3
13040,18526,17708,0,5
13041,18527,17709,0,2
13042,18528,17710,0,1
13043,18530,17712,0,5
13044,18531,17713,0,5
13045,18532,17714,0,1
13046,18533,17572,0,1
13047,18534,17715,0,3
13048,18535,17716,0,4
13049,18537,17718,0,4
13050,18538,17719,0,2
13051,18539,17720,0,5
13052,18540,17721,0,5
13053,18542,17723,0,4
13054,18543,17724,0,4
13055,18544,17725,0,5
13056,18545,17726,0,4
13057,18546,17727,0,2
13058,18548,17729,0,4
13059,18549,17730,0,4
13060,18551,17732,0,5
13061,18552,17733,0,1
13062,18554,17734,0,1
13063,18555,17735,0,2
13064,18557,17737,0,5
13065,18558,17738,0,1
13066,18559,17739,0,1
13067,18560,17740,0,5
13068,18561,17741,0,3
13069,18562,17742,0,2
13070,18563,17743,0,4
13071,18564,17744,0,1
13072,18565,17745,0,5
13073,18567,17747,0,5
13074,18568,17623,1,5
13075,18569,17723,0,4
13076,18570,17748,1,2
13077,18572,17732,0,5
13078,18574,17751,0,4
13079,18576,17753,0,5
13080,18577,17754,0,3
13081,18578,17755,0,3
13082,18579,17756,0,5
13083,18581,17758,0,1
13084,18582,17759,0,3
13085,18586,17763,0,2
13086,18587,17764,1,5
13087,18590,17767,0,3
13088,18592,17769,0,1
13089,18595,17772,0,4
13090,18597,17774,0,3
13091,18599,17776,0,2
13092,18600,17777,0,4
13093,18601,17778,0,5
13094,18602,17779,1,2
13095,18604,17781,0,2
13096,18605,17782,0,2
13097,18606,17783,0,3
13098,18607,17784,0,5
13099,18608,17785,0,5
13100,18609,17785,0,5
13101,18610,17786,0,2
13102,18613,17789,0,3
13103,18614,17790,0,1
13104,18615,17791,0,2
13105,18617,17793,0,4
13106,18618,17794,0,1
13107,18620,17796,0,1
13108,18623,17798,0,2
13109,18624,17799,0,4
13110,18625,17800,0,5
13111,18627,17802,0,2
13112,18628,17803,0,5
13113,18630,17805,0,3
13114,18631,17806,0,3
13115,18632,17807,0,1
13116,18633,17808,0,5
13117,18636,17811,0,1
13118,18637,17812,0,1
13119,18638,17813,0,1
13120,18640,17815,0,2
13121,18642,17817,0,1
13122,18643,17818,0,5
13123,18644,17819,0,1
13124,18645,17820,0,5
13125,18646,17821,0,5
13126,18647,17822,0,3
13127,18649,17824,0,4
13128,18650,17825,0,4
13129,18651,17826,0,5
13130,18653,17828,0,2
13131,18654,17829,0,3
13132,18655,17830,0,2
13133,18656,17831,0,4
13134,18657,17832,0,4
13135,18658,17833,0,4
13136,18659,17834,0,4
13137,18661,17836,0,5
13138,18662,17837,0,2
13139,18664,17839,0,5
13140,18665,17840,0,4
13141,18666,17841,0,4
13142,18667,17842,0,3
13143,18668,17843,0,4
13144,18669,17844,0,3
13145,18670,17845,0,4
13146,18672,17847,0,3
13147,18674,17849,0,2
13148,18676,17851,0,4
13149,18677,17852,0,2
13150,18678,17853,0,5
13151,18679,17854,0,2
13152,18681,17856,0,2
13153,18682,17857,0,3
13154,18683,17858,0,4
13155,18684,17859,0,4
13156,18686,17861,0,4
13157,18687,17862,0,4
13158,18688,17836,0,5
13159,18691,17865,0,1
13160,18692,17866,0,1
13161,18693,17867,0,2
13162,18695,17869,0,2
13163,18696,17870,0,5
13164,18697,17871,0,3
13165,18698,17872,0,5
13166,18700,17874,0,3
13167,18701,17875,0,4
13168,18704,17878,0,3
13169,18705,17879,0,4
13170,18706,17880,0,3
13171,18707,17881,0,5
13172,18708,17882,0,5
13173,18709,17836,0,5
13174,18710,17883,0,3
13175,18711,17884,0,3
13176,18713,17886,0,1
13177,18714,17887,0,3
13178,18715,17888,0,2
13179,18716,17889,0,5
13180,18717,17890,0,2
13181,18719,17892,0,3
13182,18720,17893,0,5
13183,18721,17894,0,2
13184,18725,17898,0,4
13185,18726,17832,0,4
13186,18727,17899,0,4
13187,18728,17900,0,4
13188,18729,17901,0,5
13189,18730,17902,0,5
13190,18731,17903,0,1
13191,18732,17879,0,4
13192,18733,17904,0,4
13193,18734,17905,0,1
13194,18735,17906,0,5
13195,18736,17907,0,2
13196,18740,17911,0,4
13197,18742,17913,0,4
13198,18743,17914,0,2
13199,18745,17916,0,5
13200,18748,17919,0,3
13201,18749,17920,0,1
13202,18750,17921,0,5
13203,18753,17924,0,4
13204,18755,17875,0,4
13205,18759,17929,0,4
13206,18760,17930,0,4
13207,18762,17932,0,4
13208,18765,17782,0,2
13209,18767,17936,0,1
13210,18768,17937,0,2
13211,18769,17938,0,3
13212,18771,17940,0,4
13213,18772,17941,0,5
13214,18773,17942,0,1
13215,18774,17943,0,2
13216,18776,17945,0,3
13217,18778,17947,0,5
13218,18779,17948,0,3
13219,18780,17949,0,4
13220,18781,17950,0,4
13221,18782,17951,0,2
13222,18783,17952,0,5
13223,18785,17954,0,3
13224,18787,17956,1,1
13225,18789,17957,0,4
13226,18790,17958,0,2
13227,18792,17960,0,4
13228,18793,17932,0,4
13229,18794,17961,0,2
13230,18796,17963,0,1
13231,18798,17836,0,5
13232,18799,17965,0,1
13233,18800,17966,0,1
13234,18802,17967,0,5
13235,18803,17968,0,1
13236,18804,17969,0,1
13237,18805,17970,0,5
13238,18806,17971,0,3
13239,18807,17972,0,5
13240,18811,17976,0,1
13241,18812,17977,0,2
13242,18813,17978,0,2
13243,18814,17979,0,3
13244,18816,17981,0,4
13245,18817,17982,0,3
13246,18818,17983,0,3
13247,18819,17984,0,2
13248,18820,17985,0,5
13249,18821,17986,0,2
13250,18822,17987,0,3
13251,18825,17990,0,5
13252,18827,17992,0,3
13253,18828,17993,0,3
13254,18829,17994,0,1
13255,18830,17995,0,3
13256,18831,17996,0,1
13257,18832,17997,0,2
13258,18834,17999,0,1
13259,18835,18000,0,5
13260,18836,18000,0,5
13261,18837,18000,0,5
13262,18838,18000,0,5
13263,18840,18002,0,5
13264,18841,18003,0,3
13265,18843,18005,0,5
13266,18844,18006,0,5
13267,18845,18003,1,3
13268,18846,18007,0,4
13269,18848,18009,0,4
13270,18849,18009,0,4
13271,18851,18011,0,1
13272,18852,18012,0,5
13273,18854,18014,0,4
13274,18856,18016,0,2
13275,18858,18018,0,5
13276,18859,18019,0,2
13277,18860,18020,0,3
13278,18862,18022,0,5
13279,18863,18023,0,4
13280,18864,18022,0,5
13281,18865,18024,0,3
13282,18866,18025,0,5
13283,18867,18026,0,1
13284,18869,18028,0,4
13285,18870,18029,0,2
13286,18871,18030,0,1
13287,18873,18032,0,5
13288,18874,18033,0,2
13289,18877,18036,0,5
13290,18878,18037,0,4
13291,18880,18039,0,3
13292,18881,18040,0,3
13293,18883,18042,0,3
13294,18885,18044,0,4
13295,18886,18045,0,1
13296,18887,18046,0,3
13297,18892,18051,0,3
13298,18896,18055,0,5
13299,18897,18056,0,2
13300,18898,18057,0,5
13301,18901,18060,0,3
13302,18902,18061,0,1
13303,18904,18063,0,4
13304,18905,18064,0,1
13305,18906,18065,0,4
13306,18907,18066,0,5
13307,18910,18069,0,5
13308,18911,18070,0,1
13309,18913,18072,0,1
13310,18914,18073,0,2
13311,18915,18074,0,1
13312,18916,18075,0,1
13313,18917,18076,0,2
13314,18918,18077,0,4
13315,18919,18078,0,1
13316,18920,18079,0,2
13317,18921,18079,0,2
13318,18922,18080,0,5
13319,18924,18082,0,1
13320,18925,18083,0,3
13321,18926,18083,0,3
13322,18927,18084,0,2
13323,18929,18086,0,2
13324,18930,18086,0,2
13325,18931,18087,0,4
13326,18932,18088,0,3
13327,18933,18089,0,3
13328,18934,18090,0,2
13329,18935,18091,0,4
13330,18936,18092,0,5
13331,18938,18094,0,2
13332,18939,18095,0,5
13333,18940,18069,0,5
13334,18941,18096,0,2
13335,18945,18100,0,3
13336,18946,18101,0,1
13337,18947,18102,0,5
13338,18949,18104,0,1
13339,18950,18105,0,2
13340,18951,18106,0,4
13341,18952,18107,0,2
13342,18953,18108,0,1
13343,18955,18108,0,1
13344,18956,18110,0,1
13345,18958,18112,0,2
13346,18959,18112,0,2
13347,18960,18113,0,3
13348,18961,18114,0,3
13349,18962,18115,0,1
13350,18964,18117,0,3
13351,18965,18118,0,5
13352,18966,18119,0,1
13353,18967,18120,0,5
13354,18968,18121,0,2
13355,18969,18122,0,2
13356,18970,18123,0,2
13357,18971,18124,0,1
13358,18972,18125,0,3
13359,18973,18126,0,1
13360,18975,18128,0,4
13361,18976,18129,0,4
13362,18977,18130,0,3
13363,18981,18133,0,2
13364,18982,18134,0,3
13365,18983,18135,0,1
13366,18986,18138,1,5
13367,18987,18139,0,1
13368,18989,18141,1,4
13369,18990,18142,0,4
13370,18992,18144,0,4
13371,18994,18146,0,1
13372,18995,18147,0,1
13373,18996,18148,0,4
13374,18997,18149,0,4
13375,18999,18151,0,2
13376,19000,18152,1,5
13377,19001,18153,1,5
13378,19003,18155,0,3
13379,19004,18156,0,5
13380,19006,18158,0,2
13381,19008,18160,0,5
13382,19009,18161,0,4
13383,19010,18162,1,2
13384,19011,18163,1,2
13385,19012,18164,0,3
13386,19013,18165,0,3
13387,19015,18167,0,1
13388,19016,18168,0,3
13389,19017,18167,0,1
13390,19020,18170,0,1
13391,19021,18171,0,5
13392,19022,18170,0,1
13393,19023,18172,0,4
13394,19024,18173,1,3
13395,19025,18174,0,2
13396,19026,18175,0,5
13397,19027,18176,0,4
13398,19028,18177,0,3
13399,19029,18177,0,3
13400,19030,18178,0,2
13401,19032,18180,0,4
13402,19033,18181,0,5
13403,19035,18183,0,1
13404,19036,18184,0,1
13405,19037,18185,0,2
13406,19038,18186,0,4
13407,19040,18188,0,4
13408,19041,18189,0,2
13409,19042,18190,0,1
13410,19043,18189,0,2
13411,19044,18191,1,4
13412,19046,18183,0,1
13413,19047,18193,0,3
13414,19048,18193,0,3
13415,19049,18194,0,2
13416,19051,18196,0,1
13417,19053,18197,0,4
13418,19054,18198,0,2
13419,19057,18201,0,1
13420,19059,18202,0,4
13421,19061,18204,0,4
13422,19062,18205,0,3
13423,19063,18205,0,3
13424,19064,18206,0,3
13425,19065,18207,0,3
13426,19066,18208,0,4
13427,19067,18209,0,1
13428,19068,18210,0,5
13429,19069,18211,0,1
13430,19070,18212,0,2
13431,19072,18214,0,4
13432,19073,18215,0,4
13433,19077,18219,0,4
13434,19078,18220,0,4
13435,19079,18221,0,1
13436,19080,18221,0,1
13437,19081,18222,0,1
13438,19082,18223,0,5
13439,19083,18224,0,2
13440,19084,18202,0,4
13441,19085,18225,0,4
13442,19088,18228,0,5
13443,19089,18229,0,3
13444,19090,18230,0,5
13445,19094,18234,0,4
13446,19095,18235,0,2
13447,19096,18236,0,5
13448,19097,18237,1,1
13449,19098,18238,0,2
13450,19099,18239,0,2
13451,19100,18240,0,4
13452,19101,18241,0,5
13453,19104,18244,0,3
13454,19105,18245,0,3
13455,19106,18246,0,4
13456,19107,18247,0,4
13457,19108,18246,1,4
13458,19109,18248,0,4
13459,19111,18250,0,3
13460,19112,18251,0,5
13461,19113,18252,0,2
13462,19115,18254,1,2
13463,19116,18255,0,3
13464,19117,18256,0,4
13465,19118,18257,0,3
13466,19119,18258,0,5
13467,19120,18259,0,2
13468,19121,18260,1,3
13469,19122,18261,0,5
13470,19123,18262,0,5
13471,19125,18264,0,5
13472,19126,18265,0,2
13473,19130,18184,1,1
13474,19131,18269,0,5
13475,19132,18270,0,2
13476,19134,18272,0,1
13477,19135,18273,0,2
13478,19136,18274,0,2
13479,19137,18202,0,4
13480,19138,18275,0,3
13481,19140,18277,0,3
13482,19141,18258,0,5
13483,19142,18278,0,1
13484,19143,18279,0,1
13485,19144,18280,0,2
13486,19145,18281,0,2
13487,19146,18282,0,5
13488,19147,18160,0,5
13489,19148,18160,0,5
13490,19150,18284,0,1
13491,19151,18285,0,4
13492,19152,18286,1,2
13493,19153,18287,0,3
13494,19154,18288,1,4
13495,19155,18289,0,1
13496,19158,18292,0,4
13497,19159,18293,0,4
13498,19161,18295,0,5
13499,19162,18296,0,1
13500,19163,18297,0,4
13501,19165,18292,0,4
13502,19166,18299,0,3
13503,19167,18300,0,2
13504,19168,18301,0,4
13505,19170,18303,0,4
13506,19172,18305,0,2
13507,19173,18251,0,5
13508,19174,18306,0,2
13509,19175,18307,0,4
13510,19176,18308,1,1
13511,19178,18310,0,2
13512,19179,18311,0,1
13513,19180,18312,0,1
13514,19182,18313,0,5
13515,19185,18316,1,1
13516,19188,18319,0,2
13517,19190,18321,0,3
13518,19191,18322,0,5
13519,19192,18323,0,4
13520,19194,18325,0,1
13521,19195,18326,0,1
13522,19196,18327,1,2
13523,19198,18329,0,1
13524,19199,18330,1,4
13525,19203,18334,0,5
13526,19204,18335,0,1
13527,19205,18336,1,3
13528,19206,18337,0,5
13529,19207,18338,0,1
13530,19208,18339,0,4
13531,19209,18340,1,3
13532,19210,18341,0,1
13533,19211,18342,0,2
13534,19212,18343,0,2
13535,19217,18348,0,3
13536,19218,18349,0,1
13537,19219,18350,0,4
13538,19220,18351,0,1
13539,19222,18353,1,5
13540,19223,18354,0,5
13541,19225,18356,0,5
13542,19227,18358,0,1
13543,19228,18359,0,1
13544,19230,18361,0,2
13545,19231,18362,0,2
13546,19232,18363,0,3
13547,19234,18365,0,2
13548,19239,18368,0,2
13549,19241,18359,0,1
13550,19242,18370,0,4
13551,19244,18371,0,5
13552,19245,18337,1,5
13553,19246,18372,0,3
13554,19252,18378,0,1
13555,19254,18380,0,3
13556,19256,18371,0,5
13557,19257,18382,0,2
13558,19258,18383,0,4
13559,19259,18384,0,5
13560,19265,18388,0,4
13561,19266,18389,0,5
13562,19267,18390,0,2
13563,19268,18391,0,5
13564,19269,18392,0,2
13565,19270,18393,0,3
13566,19275,18398,0,5
13567,19276,18399,1,3
13568,19277,18400,0,3
13569,19278,18401,0,4
13570,19280,18403,0,1
13571,19281,18404,1,4
13572,19282,18405,0,1
13573,19284,18407,0,5
13574,19285,18408,0,4
13575,19287,18410,0,2
13576,19288,18411,0,2
13577,19289,18412,0,2
13578,19290,18413,0,3
13579,19291,18413,0,3
13580,19292,18414,0,3
13581,19293,18415,0,4
13582,19295,18413,0,3
13583,19297,18417,0,1
13584,19299,18419,0,2
13585,19300,18420,0,3
13586,19301,18421,0,4
13587,19303,18339,0,4
13588,19305,18424,0,1
13589,19306,18425,0,1
13590,19307,18426,0,5
13591,19308,18427,0,3
13592,19309,18428,0,5
13593,19310,18429,0,2
13594,19311,18430,0,2
13595,19312,18426,0,5
13596,19313,18431,0,2
13597,19316,18434,0,3
13598,19317,18435,0,1
13599,19318,18436,0,4
13600,19322,18440,0,4
13601,19323,18441,1,1
13602,19324,18442,0,1
13603,19325,18442,0,1
13604,19326,18442,0,1
13605,19327,18442,0,1
13606,19328,18442,0,1
13607,19329,18443,0,3
13608,19330,18444,0,5
13609,19331,18445,0,1
13610,19332,18446,0,3
13611,19333,18447,0,3
13612,19336,18450,0,5
13613,19339,18452,0,4
13614,19341,18454,0,3
13615,19343,18456,0,5
13616,19344,18457,0,5
13617,19345,18458,0,3
13618,19346,18458,0,3
13619,19347,18459,0,3
13620,19348,18460,0,3
13621,19349,18459,0,3
13622,19350,18461,0,5
13623,19352,18463,0,3
13624,19353,18464,0,5
13625,19354,18465,0,1
13626,19355,18466,0,1
13627,19356,18465,0,1
13628,19357,18465,0,1
13629,19359,18468,0,2
13630,19360,18469,0,3
13631,19361,18470,0,1
13632,19363,18472,0,5
13633,19364,18382,0,2
13634,19365,18473,0,1
13635,19367,18475,0,3
13636,19369,18477,0,2
13637,19372,18480,1,2
13638,19373,18481,0,5
13639,19375,18483,0,5
13640,19376,18484,0,4
13641,19380,18488,0,3
13642,19381,18489,0,2
13643,19382,18490,0,5
13644,19383,18491,0,4
13645,19387,18494,0,5
13646,19388,18495,0,5
13647,19389,18496,0,4
13648,19391,18498,0,5
13649,19392,18499,0,1
13650,19393,18500,0,3
13651,19394,18501,0,1
13652,19395,18502,0,1
13653,19396,18503,0,5
13654,19398,18503,0,5
13655,19399,18505,0,5
13656,19400,18506,1,1
13657,19401,18507,0,1
13658,19402,18508,0,3
13659,19403,18509,0,2
13660,19405,18511,0,2
13661,19406,18512,0,5
13662,19407,18513,0,3
13663,19409,18515,0,2
13664,19410,18516,0,5
13665,19412,18518,0,1
13666,19414,18520,0,1
13667,19416,18522,0,2
13668,19417,18523,0,2
13669,19418,18524,0,2
13670,19422,18528,0,1
13671,19423,18529,0,2
13672,19424,18530,0,5
13673,19426,18532,0,5
13674,19428,18534,0,1
13675,19429,18535,0,3
13676,19430,18536,0,3
13677,19431,18537,0,1
13678,19432,18538,0,1
13679,19433,18539,0,1
13680,19435,18541,0,4
13681,19436,18542,0,2
13682,19438,18544,0,5
13683,19440,18546,1,2
13684,19442,18548,0,5
13685,19444,18550,0,4
13686,19445,18551,0,1
13687,19446,18552,0,5
13688,19449,18555,1,1
13689,19450,18556,0,2
13690,19451,18557,0,4
13691,19453,18559,0,1
13692,19454,18560,0,5
13693,19455,18561,0,2
13694,19456,18562,0,4
13695,19457,18563,0,4
13696,19459,18565,0,5
13697,19461,18566,0,2
13698,19463,18567,0,3
13699,19465,18567,0,3
13700,19466,18567,0,3
13701,19467,18568,0,2
13702,19468,18569,0,5
13703,19469,18570,0,1
13704,19471,18568,0,2
13705,19472,18572,1,4
13706,19473,18572,0,4
13707,19474,18573,0,4
13708,19475,18574,1,3
13709,19479,18578,0,2
13710,19480,18562,0,4
13711,19481,18579,0,1
13712,19482,18580,0,5
13713,19486,18584,0,4
13714,19487,18585,0,1
13715,19489,18587,0,4
13716,19490,18579,0,1
13717,19491,18588,0,4
13718,19492,18589,0,3
13719,19493,18589,0,3
13720,19495,18591,0,5
13721,19497,18593,0,2
13722,19498,18594,0,2
13723,19499,18594,0,2
13724,19501,18596,0,1
13725,19502,18597,0,5
13726,19503,18596,0,1
13727,19504,18598,0,5
13728,19505,18599,0,5
13729,19506,18600,0,5
13730,19507,18601,0,4
13731,19508,18602,0,2
13732,19509,18603,0,3
13733,19510,18604,0,2
13734,19511,18605,0,5
13735,19512,18606,1,1
13736,19513,18607,0,2
13737,19515,18609,0,3
13738,19516,18610,0,4
13739,19517,18611,0,1
13740,19519,18613,0,1
13741,19520,18614,0,2
13742,19521,18615,1,4
13743,19522,18616,0,4
13744,19523,18584,0,4
13745,19524,18616,0,4
13746,19525,18617,0,1
13747,19527,18619,0,1
13748,19528,18620,1,5
13749,19529,18621,1,4
13750,19530,18622,0,1
13751,19531,18623,0,2
13752,19532,18624,0,3
13753,19533,18623,0,2
13754,19534,18625,0,5
13755,19535,18626,0,2
13756,19537,18628,0,3
13757,19538,18629,0,1
13758,19541,18631,0,3
13759,19544,18633,0,4
13760,19545,18634,0,1
13761,19549,18638,0,5
13762,19550,18639,0,1
13763,19551,18640,0,1
13764,19552,18641,0,1
13765,19553,18642,0,2
13766,19554,18643,0,2
13767,19555,18644,0,4
13768,19556,18645,0,5
13769,19557,18646,0,1
13770,19559,18648,0,3
13771,19560,18649,0,4
13772,19562,18651,0,4
13773,19563,18652,0,1
13774,19564,18653,0,4
13775,19566,18655,0,1
13776,19568,18656,0,1
13777,19570,18658,0,1
13778,19573,18660,0,4
13779,19575,18662,0,1
13780,19576,18663,0,5
13781,19577,18664,0,4
13782,19578,18665,0,3
13783,19580,18667,0,4
13784,19582,18669,0,2
13785,19584,18671,0,5
13786,19585,18672,0,3
13787,19587,18674,0,1
13788,19588,18675,0,5
13789,19589,18676,0,5
13790,19593,18680,0,3
13791,19594,18681,0,2
13792,19595,18682,0,3
13793,19596,18683,0,4
13794,19597,18684,0,1
13795,19599,18686,0,4
13796,19600,18687,0,1
13797,19601,18688,0,2
13798,19602,18686,0,4
13799,19603,18689,0,2
13800,19606,18667,0,4
13801,19608,18693,0,3
13802,19609,18611,0,1
13803,19610,18694,0,3
13804,19611,18695,0,2
13805,19612,18696,0,1
13806,19615,18699,0,5
13807,19616,18700,0,1
13808,19617,18701,0,1
13809,19619,18703,0,3
13810,19620,18704,0,5
13811,19621,18705,0,4
13812,19622,18706,0,3
13813,19623,18707,0,3
13814,19626,18710,0,3
13815,19627,18711,0,4
13816,19629,18713,0,5
13817,19631,18569,0,5
13818,19633,18715,0,5
13819,19634,18716,0,1
13820,19635,18717,0,3
13821,19636,18718,0,2
13822,19639,18721,0,5
13823,19640,18722,0,2
13824,19641,18723,0,1
13825,19642,18724,0,2
13826,19643,18693,0,3
13827,19644,18656,0,1
13828,19645,18725,0,1
13829,19646,18693,0,3
13830,19647,18726,0,1
13831,19648,18727,0,5
13832,19650,18729,0,3
13833,19651,18730,0,1
13834,19652,18731,0,3
13835,19653,18732,0,4
13836,19654,18733,0,4
13837,19655,18734,0,5
13838,19656,18735,0,4
13839,19660,18739,0,2
13840,19661,18740,0,1
13841,19662,18741,0,4
13842,19667,18746,0,1
13843,19668,18747,0,5
13844,19671,18750,0,2
13845,19673,18752,0,4
13846,19674,18753,0,4
13847,19676,18755,0,3
13848,19677,18756,0,5
13849,19678,18757,0,5
13850,19679,18758,0,5
13851,19680,18759,0,3
13852,19681,18760,0,5
13853,19683,18762,0,5
13854,19684,18763,0,1
13855,19685,18764,0,4
13856,19686,18765,0,3
13857,19688,18767,0,3
13858,19689,18768,0,2
13859,19690,18769,0,3
13860,19691,18770,0,3
13861,19693,18740,0,1
13862,19696,18774,0,4
13863,19698,18776,0,5
13864,19699,18676,1,5
13865,19700,18777,0,4
13866,19701,18778,0,4
13867,19702,18779,0,1
13868,19703,18780,1,5
13869,19704,18781,0,4
13870,19705,18782,0,3
13871,19706,18783,0,5
13872,19707,18740,0,1
13873,19708,18784,0,3
13874,19709,18785,0,5
13875,19710,18786,0,5
13876,19711,18787,0,2
13877,19712,18788,0,4
13878,19713,18789,0,5
13879,19715,18791,0,2
13880,19717,18793,1,3
13881,19719,18795,0,5
13882,19720,18796,0,5
13883,19721,18797,0,3
13884,19722,18798,0,3
13885,19725,18780,0,5
13886,19726,18801,0,4
13887,19727,18802,0,5
13888,19730,18791,0,2
13889,19732,18806,0,3
13890,19733,18807,0,4
13891,19734,18808,0,2
13892,19735,18809,0,5
13893,19736,18810,0,4
13894,19738,18812,0,2
13895,19739,18813,0,4
13896,19740,18814,0,1
13897,19741,18815,0,2
13898,19742,18816,0,1
13899,19743,18817,0,2
13900,19744,18818,0,3
13901,19745,18818,0,3
13902,19747,18820,0,4
13903,19749,18822,0,5
13904,19751,18824,0,1
13905,19754,18827,0,1
13906,19755,18828,0,4
13907,19757,18830,0,5
13908,19759,18830,0,5
13909,19760,18832,0,3
13910,19761,18830,0,5
13911,19762,18833,0,2
13912,19763,18834,0,2
13913,19764,18835,0,2
13914,19765,18836,0,2
13915,19767,18838,0,5
13916,19768,18839,0,5
13917,19769,18840,0,3
13918,19771,18842,0,5
13919,19772,18843,0,5
13920,19773,18844,0,5
13921,19774,18845,0,5
13922,19775,18846,0,3
13923,19776,18847,0,2
13924,19779,18817,0,2
13925,19780,18817,0,2
13926,19781,18850,0,5
13927,19783,18852,0,5
13928,19784,18853,0,3
13929,19785,18854,0,1
13930,19786,18855,0,2
13931,19787,18856,0,5
13932,19789,18858,0,2
13933,19791,18860,0,1
13934,19795,18863,0,3
13935,19796,18864,0,1
13936,19798,18866,0,5
13937,19799,18867,0,2
13938,19800,18868,0,5
13939,19801,18869,0,4
13940,19802,18870,0,2
13941,19805,18873,0,4
13942,19806,18874,0,4
13943,19807,18875,0,1
13944,19808,18876,0,3
13945,19810,18878,1,2
13946,19811,18879,0,2
13947,19813,18881,0,2
13948,19814,18882,0,3
13949,19815,18882,0,3
13950,19816,18883,0,1
13951,19817,18884,0,3
13952,19819,18886,0,2
13953,19820,18887,1,1
13954,19822,18889,0,3
13955,19823,18890,0,3
13956,19826,18893,1,3
13957,19827,18894,0,2
13958,19828,18895,0,3
13959,19830,18897,0,2
13960,19832,18856,0,5
13961,19833,18899,0,2
13962,19836,18901,0,3
13963,19837,18902,0,4
13964,19839,18904,0,5
13965,19841,18906,0,2
13966,19842,18904,0,5
13967,19843,18907,0,5
13968,19844,18908,0,2
13969,19846,18910,0,4
13970,19847,18911,0,5
13971,19848,18912,0,4
13972,19849,18913,0,1
13973,19853,18916,0,2
13974,19854,18917,0,4
13975,19855,18917,0,4
13976,19856,18917,0,4
13977,19857,18918,0,5
13978,19858,18919,0,1
13979,19859,18920,0,1
13980,19860,18921,0,5
13981,19861,18921,0,5
13982,19862,18922,1,2
13983,19863,18923,0,2
13984,19866,18925,0,5
13985,19867,18926,0,3
13986,19868,18927,1,4
13987,19872,18929,0,2
13988,19874,18931,0,5
13989,19875,18932,0,3
13990,19879,18935,0,4
13991,19880,18936,0,4
13992,19882,18938,0,3
13993,19884,18845,0,5
13994,19885,18845,0,5
13995,19886,18845,0,5
13996,19887,18940,0,2
13997,19888,18847,0,2
13998,19889,18941,0,2
13999,19890,18942,0,3
14000,19891,18943,0,1
14001,19892,18944,0,3
14002,19894,18946,1,1
14003,19896,18948,0,1
14004,19898,18950,0,3
14005,19899,18951,0,4
14006,19900,18952,0,3
14007,19901,18953,0,2
14008,19902,18954,0,4
14009,19904,18956,0,4
14010,19905,18957,0,5
14011,19906,18958,0,5
14012,19909,18961,0,2
14013,19910,18962,0,2
14014,19911,18963,0,5
14015,19912,18860,0,1
14016,19913,18964,0,3
14017,19914,18941,0,2
14018,19917,18967,0,3
14019,19919,18969,0,5
14020,19920,18970,0,4
14021,19921,18971,0,1
14022,19922,18972,0,5
14023,19923,18973,0,3
14024,19924,18974,0,5
14025,19925,18975,0,1
14026,19926,18976,1,1
14027,19927,18977,0,2
14028,19929,18979,0,3
14029,19930,18979,0,3
14030,19931,18918,0,5
14031,19932,18918,1,5
14032,19933,18980,0,2
14033,19935,18982,0,1
14034,19936,18856,0,5
14035,19937,18983,0,1
14036,19938,18941,0,2
14037,19939,18984,0,1
14038,19940,18985,0,5
14039,19941,18986,0,5
14040,19943,18988,0,2
14041,19944,18989,0,1
14042,19946,18991,0,1
14043,19947,18992,0,5
14044,19949,18993,0,4
14045,19954,18995,1,5
14046,19955,18993,0,4
14047,19956,18996,0,5
14048,19957,18993,0,4
14049,19959,18998,0,2
14050,19960,18999,0,5
14051,19961,19000,0,3
14052,19962,18846,0,3
14053,19963,19001,0,1
14054,19964,19002,0,2
14055,19965,19003,0,5
14056,19966,19004,0,1
14057,19967,19005,1,2
14058,19969,19007,1,5
14059,19971,18845,0,5
14060,19972,19009,0,2
14061,19973,19010,0,4
14062,19974,19011,1,4
14063,19977,19014,0,5
14064,19978,19015,0,2
14065,19979,19016,1,3
14066,19980,19017,0,5
14067,19982,19019,0,3
14068,19983,19020,0,3
14069,19984,19021,0,1
14070,19985,19022,0,2
14071,19986,19023,0,1
14072,19987,19024,0,3
14073,19989,19026,0,4
14074,19991,19028,0,2
14075,19992,19029,0,3
14076,19993,19030,0,5
14077,19994,19031,0,1
14078,19996,19033,0,3
14079,19997,19034,0,1
14080,19998,19035,1,3
14081,19999,19036,1,4
14082,20000,19037,0,3
14083,20001,19038,0,3
14084,20004,19041,0,3
14085,20005,19042,0,2
14086,20008,19045,0,5
14087,20009,19046,0,3
14088,20010,19047,0,5
14089,20012,18989,0,1
14090,20013,19048,0,4
14091,20014,19049,0,5
14092,20015,19050,0,5
14093,20017,19052,0,3
14094,20018,19053,0,2
14095,20019,19054,0,5
14096,20020,19055,0,1
14097,20022,19056,0,2
14098,20023,19057,0,5
14099,20024,19058,0,2
14100,20026,18984,0,1
14101,20030,19063,0,1
14102,20032,19065,0,5
14103,20033,19066,0,3
14104,20035,19068,0,2
14105,20036,19069,1,4
14106,20037,19070,0,4
14107,20038,19071,0,1
14108,20040,19073,0,1
14109,20041,19074,0,2
14110,20043,19076,0,5
14111,20045,19078,0,2
14112,20046,19079,0,1
14113,20047,19080,0,3
14114,20048,19081,0,3
14115,20049,19082,0,5
14116,20050,19073,0,1
14117,20051,19083,0,3
14118,20053,19085,0,2
14119,20055,19087,0,4
14120,20056,19088,0,3
14121,20059,19091,0,3
14122,20060,19092,0,2
14123,20061,19093,0,4
14124,20062,19094,0,1
14125,20063,19095,0,3
14126,20064,19096,0,2
14127,20065,19097,0,5
14128,20066,19083,0,3
14129,20067,19083,0,3
14130,20068,19098,0,5
14131,20069,19099,0,3
14132,20070,19083,0,3
14133,20071,19100,0,3
14134,20072,19101,0,3
14135,20074,19103,0,5
14136,20076,19105,0,3
14137,20079,19108,0,4
14138,20080,19109,1,4
14139,20081,19110,0,1
14140,20082,19111,0,3
14141,20083,19112,0,4
14142,20084,19112,0,4
14143,20086,19114,0,3
14144,20088,19116,0,4
14145,20089,19117,0,1
14146,20090,19118,0,3
14147,20092,19118,0,3
14148,20093,19120,0,3
14149,20095,19121,0,3
14150,20096,19122,0,4
14151,20097,19123,0,5
14152,20098,19124,0,2
14153,20099,19125,0,2
14154,20101,19127,0,3
14155,20102,19128,0,3
14156,20106,19132,0,3
14157,20108,19134,0,4
14158,20109,19135,1,2
14159,20110,19136,0,2
14160,20111,19137,0,1
14161,20112,19101,0,3
14162,20113,19138,0,4
14163,20114,19139,0,3
14164,20115,19140,0,1
14165,20116,19141,0,3
14166,20122,19147,0,4
14167,20125,19150,0,3
14168,20126,19141,0,3
14169,20128,19152,0,3
14170,20129,19153,0,2
14171,20130,19154,0,2
14172,20131,19155,0,1
14173,20133,19117,0,1
14174,20134,19157,0,5
14175,20135,19158,0,5
14176,20137,19160,0,2
14177,20138,19161,0,4
14178,20139,19162,0,1
14179,20140,19162,0,1
14180,20141,19161,0,4
14181,20143,19164,0,4
14182,20144,19165,0,2
14183,20145,19166,0,2
14184,20147,19168,0,4
14185,20148,19166,0,2
14186,20149,19169,0,2
14187,20150,19170,0,4
14188,20151,19169,1,2
14189,20153,19172,0,2
14190,20154,19173,0,5
14191,20155,19174,0,3
14192,20156,19175,0,1
14193,20158,19177,0,5
14194,20159,19178,0,4
14195,20160,19179,0,3
14196,20161,19093,0,4
14197,20162,19180,0,1
14198,20163,19181,0,3
14199,20164,19121,0,3
14200,20165,19182,0,2
14201,20166,19183,0,5
14202,20168,19185,0,4
14203,20169,19185,0,4
14204,20170,19186,0,2
14205,20171,19121,1,3
14206,20172,19187,0,4
14207,20173,19128,1,3
14208,20174,19188,0,4
14209,20175,19189,0,5
14210,20176,19190,0,1
14211,20177,19191,0,5
14212,20179,19193,0,3
14213,20182,19196,0,5
14214,20183,19197,0,1
14215,20185,19170,0,4
14216,20186,19199,0,2
14217,20188,19201,0,5
14218,20189,19202,0,5
14219,20190,19203,0,2
14220,20193,19197,0,1
14221,20195,19207,0,5
14222,20196,19208,0,3
14223,20197,19209,0,4
14224,20198,19210,0,5
14225,20201,19105,0,3
14226,20204,19074,0,2
14227,20205,19215,0,1
14228,20206,19216,0,5
14229,20207,19217,0,1
14230,20208,19153,0,2
14231,20209,19218,0,3
14232,20211,19220,1,2
14233,20212,19182,0,2
14234,20213,19153,1,2
14235,20214,19182,0,2
14236,20215,19221,0,2
14237,20219,19224,0,4
14238,20220,19093,0,4
14239,20221,19225,0,4
14240,20223,19227,0,4
14241,20224,19228,0,4
14242,20225,19229,0,4
14243,20226,19230,0,1
14244,20228,19232,0,4
14245,20229,19207,0,5
14246,20233,19236,0,3
14247,20234,19237,1,1
14248,20235,19238,0,4
14249,20236,19239,0,2
14250,20239,19242,0,1
14251,20240,19243,0,5
14252,20241,19244,0,2
14253,20243,19246,0,5
14254,20244,19247,0,3
14255,20246,19249,0,1
14256,20247,19250,0,5
14257,20248,19251,0,4
14258,20250,19252,0,5
14259,20251,19253,0,2
14260,20252,19254,0,1
14261,20253,19255,0,2
14262,20254,19256,0,5
14263,20256,19258,0,2
14264,20257,19259,0,4
14265,20258,19260,1,4
14266,20260,19262,0,4
14267,20262,19264,0,1
14268,20264,19266,0,4
14269,20265,19267,0,3
14270,20266,19268,0,3
14271,20267,19268,0,3
14272,20268,19269,0,4
14273,20269,19270,0,5
14274,20271,19272,0,5
14275,20272,19273,0,5
14276,20273,19274,0,1
14277,20275,19243,0,5
14278,20277,19277,0,5
14279,20278,19278,0,1
14280,20279,19279,0,4
14281,20280,19280,0,3
14282,20282,19282,0,1
14283,20283,19283,0,4
14284,20284,19284,0,5
14285,20285,19285,0,5
14286,20287,19287,0,3
14287,20289,19289,0,4
14288,20290,19290,0,5
14289,20292,19292,0,3
14290,20293,19293,0,4
14291,20294,19294,0,2
14292,20295,19295,0,2
14293,20296,19296,1,5
14294,20297,19297,0,4
14295,20300,19300,0,2
14296,20301,19301,0,4
14297,20303,19303,0,1
14298,20304,19304,0,5
14299,20306,19292,1,3
14300,20307,19306,0,3
14301,20310,19309,0,4
14302,20312,19311,0,4
14303,20313,19312,0,2
14304,20314,19313,0,1
14305,20317,19118,0,3
14306,20318,19316,0,3
14307,20319,19317,0,4
14308,20320,19318,1,5
14309,20321,19319,0,2
14310,20324,19322,0,5
14311,20325,19323,0,4
14312,20326,19324,0,2
14313,20328,19326,0,3
14314,20329,19327,0,1
14315,20330,19328,0,1
14316,20331,19329,0,4
14317,20333,19331,1,3
14318,20334,19332,0,3
14319,20336,19334,0,5
14320,20338,19336,0,2
14321,20339,19337,0,3
14322,20341,19339,0,3
14323,20343,19341,1,2
14324,20344,19342,0,2
14325,20345,19343,0,1
14326,20346,19344,0,2
14327,20347,19345,0,5
14328,20349,19347,0,4
14329,20350,19348,0,1
14330,20352,19350,0,2
14331,20353,19351,0,4
14332,20354,19352,0,2
14333,20356,19353,0,4
14334,20357,19354,0,1
14335,20358,19354,0,1
14336,20359,19354,0,1
14337,20360,19355,0,4
14338,20361,19356,0,3
14339,20362,19357,0,5
14340,20363,19358,0,4
14341,20364,19359,0,5
14342,20365,19360,0,1
14343,20366,19361,0,2
14344,20368,19359,1,5
14345,20370,19364,0,2
14346,20371,19354,1,1
14347,20372,19365,0,1
14348,20373,19366,0,1
14349,20374,19367,0,5
14350,20375,19368,0,4
14351,20376,19369,0,5
14352,20380,19373,0,4
14353,20381,19374,1,2
14354,20382,19375,0,2
14355,20383,19376,0,4
14356,20384,19377,0,3
14357,20388,19381,0,4
14358,20389,19382,0,3
14359,20390,19383,0,5
14360,20391,19384,0,1
14361,20392,19383,0,5
14362,20393,19385,0,5
14363,20394,19385,0,5
14364,20395,19386,1,5
14365,20396,19387,0,5
14366,20398,19389,0,1
14367,20399,19385,0,5
14368,20400,19390,0,2
14369,20402,19392,0,2
14370,20403,19393,0,2
14371,20405,19393,0,2
14372,20409,19368,0,4
14373,20411,19397,0,1
14374,20412,19398,0,2
14375,20413,19399,1,5
14376,20414,19400,0,4
14377,20416,19402,0,3
14378,20417,19403,0,5
14379,20418,19404,0,3
14380,20419,19405,0,3
14381,20420,19406,0,4
14382,20421,19407,0,5
14383,20425,19411,0,1
14384,20426,19412,1,5
14385,20427,19413,0,1
14386,20429,19376,0,4
14387,20432,19416,0,2
14388,20433,19417,0,5
14389,20435,19419,0,3
14390,20436,19419,0,3
14391,20439,19421,0,3
14392,20440,19422,0,3
14393,20441,19423,0,1
14394,20444,19426,0,3
14395,20445,19427,0,1
14396,20446,19416,0,2
14397,20447,19428,0,3
14398,20448,19426,0,3
14399,20449,19429,0,2
14400,20450,19430,0,4
14401,20451,19431,1,1
14402,20453,19433,0,4
14403,20454,19434,0,4
14404,20455,19435,0,2
14405,20456,19436,0,3
14406,20457,19437,0,5
14407,20458,19438,0,4
14408,20461,19441,0,3
14409,20462,19442,0,5
14410,20463,19443,0,5
14411,20470,19449,0,5
14412,20471,19449,0,5
14413,20472,19450,0,4
14414,20474,19452,0,4
14415,20475,19453,0,1
14416,20477,19455,0,1
14417,20479,19457,0,1
14418,20480,19458,0,2
14419,20481,19459,1,5
14420,20482,19459,0,5
14421,20485,19461,0,2
14422,20489,19465,0,2
14423,20490,19466,0,3
14424,20491,19467,0,1
14425,20494,19470,0,5
14426,20495,19471,1,3
14427,20496,19472,0,2
14428,20497,19473,0,4
14429,20498,19474,0,3
14430,20499,19475,0,2
14431,20500,19476,1,1
14432,20502,19478,0,2
14433,20503,19386,0,5
14434,20504,19479,0,2
14435,20505,19480,0,2
14436,20506,19481,0,5
14437,20507,19482,0,3
14438,20508,19483,0,3
14439,20509,19481,0,5
14440,20510,19484,0,4
14441,20514,19488,0,3
14442,20515,19489,0,5
14443,20517,19491,0,4
14444,20518,19492,0,4
14445,20519,19493,0,4
14446,20520,19494,0,2
14447,20522,19496,1,2
14448,20523,19497,0,2
14449,20524,19498,1,1
14450,20525,19499,0,3
14451,20526,19500,1,4
14452,20527,19501,0,4
14453,20528,19502,0,5
14454,20529,19503,1,3
14455,20531,19504,0,2
14456,20532,19505,0,2
14457,20533,19506,1,4
14458,20535,19507,0,3
14459,20536,19508,0,1
14460,20537,19509,1,4
14461,20538,19510,0,2
14462,20539,19504,1,2
14463,20540,19511,0,2
14464,20542,19513,1,1
14465,20543,19514,0,5
14466,20544,19515,0,2
14467,20545,19516,0,5
14468,20547,19518,0,2
14469,20548,19519,0,3
14470,20549,19520,1,5
14471,20550,19521,0,1
14472,20551,19522,1,3
14473,20554,19525,0,1
14474,20557,19528,0,5
14475,20558,19529,0,4
14476,20559,19530,0,3
14477,20560,19531,0,3
14478,20561,19532,0,5
14479,20563,19534,0,1
14480,20564,19535,0,3
14481,20567,19538,0,2
14482,20569,19540,1,3
14483,20570,19541,0,2
14484,20572,19543,1,5
14485,20573,19544,0,1
14486,20574,19545,0,1
14487,20575,19546,0,3
14488,20576,19547,0,3
14489,20577,19548,0,5
14490,20578,19549,0,4
14491,20579,19550,1,2
14492,20580,19551,0,5
14493,20584,19555,0,2
14494,20587,19558,0,1
14495,20590,19561,0,1
14496,20592,19563,0,3
14497,20593,19564,0,5
14498,20595,19566,0,3
14499,20596,19567,0,3
14500,20597,19568,0,3
14501,20598,19569,0,2
14502,20599,19570,0,5
14503,20601,19572,0,2
14504,20602,19573,0,2
14505,20605,19575,0,1
14506,20606,19576,0,3
14507,20607,19577,0,5
14508,20608,19578,0,1
14509,20610,19580,0,3
14510,20611,19581,0,4
14511,20612,19582,0,5
14512,20616,19586,0,2
14513,20617,19587,0,3
14514,20618,19588,0,4
14515,20619,19586,0,2
14516,20620,19589,0,4
14517,20624,19593,0,5
14518,20625,19594,0,1
14519,20627,19596,0,4
14520,20632,19600,1,1
14521,20633,19601,0,2
14522,20635,19603,0,4
14523,20636,19604,0,5
14524,20638,19606,1,2
14525,20639,19607,0,4
14526,20642,19610,0,2
14527,20643,19611,0,5
14528,20646,19614,0,3
14529,20647,19615,0,2
14530,20648,19616,0,2
14531,20649,19617,0,1
14532,20651,19619,0,1
14533,20652,19620,0,4
14534,20653,19621,0,3
14535,20654,19619,0,1
14536,20655,19622,0,5
14537,20656,19623,0,1
14538,20658,19625,0,1
14539,20660,19627,0,3
14540,20661,19628,0,3
14541,20662,19629,0,2
14542,20665,19629,0,2
14543,20666,19616,0,2
14544,20667,19632,0,1
14545,20668,19633,0,2
14546,20669,19634,0,3
14547,20674,19639,0,3
14548,20675,19640,0,3
14549,20676,19641,0,5
14550,20678,19643,0,2
14551,20679,19643,0,2
14552,20681,19644,0,3
14553,20683,19646,0,5
14554,20685,19648,0,2
14555,20686,19649,0,4
14556,20687,19650,0,1
14557,20688,19651,0,5
14558,20689,19652,0,3
14559,20690,19653,0,1
14560,20691,19654,0,2
14561,20692,19655,0,2
14562,20693,19656,0,1
14563,20694,19656,0,1
14564,20695,19657,0,1
14565,20697,19656,0,1
14566,20699,19646,0,5
14567,20700,19659,0,2
14568,20701,19660,0,2
14569,20702,19650,0,1
14570,20703,19661,0,1
14571,20704,19656,0,1
14572,20705,19662,1,4
14573,20706,19663,0,3
14574,20707,19664,1,1
14575,20708,19665,0,2
14576,20710,19667,0,4
14577,20712,19669,0,1
14578,20713,19670,0,4
14579,20714,19671,0,4
14580,20715,19672,1,3
14581,20717,19674,0,5
14582,20720,19677,0,2
14583,20724,19681,0,2
14584,20725,19682,0,5
14585,20726,19683,0,5
14586,20728,19685,0,4
14587,20731,19688,1,3
14588,20732,19689,0,2
14589,20733,19690,1,1
14590,20734,19691,0,3
14591,20736,19693,0,4
14592,20737,19694,0,1
14593,20740,19697,0,2
14594,20741,19698,0,2
14595,20742,19699,1,2
14596,20743,19700,0,1
14597,20745,19702,0,4
14598,20746,19703,0,1
14599,20747,19703,0,1
14600,20748,19704,0,1
14601,20750,19706,1,4
14602,20751,19707,0,5
14603,20752,19708,0,1
14604,20753,19709,0,5
14605,20755,19711,0,1
14606,20757,19712,0,2
14607,20758,19713,0,2
14608,20759,19714,0,4
14609,20760,19715,0,5
14610,20761,19716,0,4
14611,20762,19717,0,5
14612,20764,19719,0,4
14613,20765,19720,0,4
14614,20766,19721,0,2
14615,20767,19722,0,3
14616,20769,19724,0,3
14617,20770,19725,0,5
14618,20771,19726,0,2
14619,20772,19727,0,1
14620,20774,19729,0,5
14621,20775,19730,0,4
14622,20777,19732,0,4
14623,20778,19733,0,2
14624,20779,19734,1,5
14625,20780,19735,0,5
14626,20781,19736,0,5
14627,20782,19737,0,3
14628,20783,19738,1,4
14629,20785,19740,0,4
14630,20787,19742,0,1
14631,20788,19743,1,4
14632,20789,19744,0,5
14633,20791,19746,0,2
14634,20793,19748,0,2
14635,20794,19749,0,3
14636,20796,19751,0,4
14637,20798,19753,0,5
14638,20805,19759,0,5
14639,20806,19760,0,5
14640,20807,19761,0,2
14641,20808,19762,0,5
14642,20809,19763,0,3
14643,20810,19764,0,1
14644,20811,19765,0,3
14645,20812,19766,0,2
14646,20813,19748,0,2
14647,20815,19768,0,2
14648,20816,19769,0,4
14649,20818,19771,0,5
14650,20819,19772,0,2
14651,20820,19772,0,2
14652,20823,19775,0,4
14653,20824,19776,0,4
14654,20825,19777,0,5
14655,20827,19779,0,3
14656,20828,19780,0,2
14657,20830,19782,0,1
14658,20831,19783,0,1
14659,20833,19785,0,4
14660,20834,19786,0,3
14661,20835,19787,0,5
14662,20837,19789,0,3
14663,20838,19790,0,3
14664,20839,19791,0,4
14665,20842,19794,0,3
14666,20847,19798,0,1
14667,20848,19799,0,4
14668,20849,19799,0,4
14669,20850,19800,0,3
14670,20851,19801,0,2
14671,20852,19802,0,5
14672,20853,19803,0,4
14673,20855,19805,0,4
14674,20856,19806,0,3
14675,20858,19805,0,4
14676,20859,19808,0,5
14677,20862,19810,0,1
14678,20863,19805,1,4
14679,20864,19811,0,1
14680,20865,19812,0,4
14681,20866,19813,0,4
14682,20867,19814,0,1
14683,20869,19816,0,5
14684,20871,19818,0,2
14685,20873,19820,0,5
14686,20874,19821,0,2
14687,20875,19822,0,1
14688,20877,19820,0,5
14689,20878,19818,0,2
14690,20879,19824,0,3
14691,20881,19826,0,1
14692,20882,19827,0,4
14693,20884,19829,0,5
14694,20885,19830,0,2
14695,20886,19831,0,3
14696,20887,19832,0,3
14697,20888,19833,0,5
14698,20889,19834,0,1
14699,20890,19835,0,2
14700,20891,19836,0,5
14701,20892,19837,0,5
14702,20894,19839,0,2
14703,20896,19841,0,5
14704,20897,19841,0,5
14705,20899,19843,0,3
14706,20900,19844,0,3
14707,20902,19846,0,4
14708,20904,19848,0,4
14709,20905,19849,0,1
14710,20906,19850,0,4
14711,20907,19851,0,3
14712,20908,19852,0,1
14713,20913,19857,0,2
14714,20914,19857,0,2
14715,20915,19858,0,3
14716,20916,19859,0,4
14717,20917,19820,0,5
14718,20918,19860,0,4
14719,20920,19862,0,5
14720,20921,19863,0,5
14721,20922,19864,0,2
14722,20923,19865,0,2
14723,20924,19799,1,4
14724,20926,19820,0,5
14725,20928,19863,0,5
14726,20929,19867,0,3
14727,20930,19868,0,4
14728,20931,19869,0,2
14729,20932,19870,0,5
14730,20934,19872,0,2
14731,20936,19874,0,3
14732,20937,19875,0,3
14733,20938,19876,0,4
14734,20939,19870,0,5
14735,20940,19870,0,5
14736,20941,19820,0,5
14737,20942,19877,0,1
14738,20944,19879,0,5
14739,20945,19880,0,2
14740,20946,19881,0,1
14741,20947,19882,0,1
14742,20948,19883,0,2
14743,20949,19884,0,3
14744,20950,19884,0,3
14745,20953,19884,0,3
14746,20954,19886,0,4
14747,20955,19887,0,5
14748,20956,19888,0,1
14749,20958,19890,0,5
14750,20959,19891,0,3
14751,20960,19892,0,1
14752,20961,19893,0,2
14753,20962,19894,0,2
14754,20963,19894,0,2
14755,20964,19895,0,3
14756,20966,19897,0,5
14757,20967,19832,1,3
14758,20968,19898,0,3
14759,20969,19899,0,3
14760,20971,19901,0,1
14761,20972,19902,0,1
14762,20973,19903,0,4
14763,20975,19905,1,5
14764,20976,19906,0,2
14765,20977,19907,0,4
14766,20978,19908,0,2
14767,20979,19909,0,1
14768,20980,19910,0,2
14769,20981,19911,0,4
14770,20982,19912,0,4
14771,20983,19913,0,2
14772,20986,19916,0,3
14773,20987,19917,0,4
14774,20988,19911,0,4
14775,20989,19918,0,1
14776,20990,19919,0,1
14777,20992,19913,0,2
14778,20993,19920,0,3
14779,20994,19921,0,4
14780,20995,19922,1,5
14781,20996,19923,0,1
14782,20997,19924,0,5
14783,20998,19925,0,2
14784,20999,19926,0,1
14785,21000,19927,0,5
14786,21001,19928,0,5
14787,21003,19930,0,4
14788,21006,19933,0,1
14789,21007,19934,0,2
14790,21010,19937,0,1
14791,21012,19919,0,1
14792,21015,19941,0,3
14793,21016,19942,0,4
14794,21017,19943,0,5
14795,21019,19945,0,2
14796,21020,19946,0,4
14797,21022,19948,0,5
14798,21023,19946,0,4
14799,21024,19949,0,1
14800,21025,19950,0,2
14801,21027,19952,0,3
14802,21028,19953,0,3
14803,21029,19954,0,4
14804,21030,19955,0,1
14805,21033,19958,0,5
14806,21034,19959,0,1
14807,21036,19813,0,4
14808,21037,19813,0,4
14809,21038,19961,0,4
14810,21039,19962,0,2
14811,21040,19963,0,3
14812,21042,19965,0,3
14813,21043,19966,1,3
14814,21045,19968,0,1
14815,21046,19969,0,2
14816,21047,19970,0,3
14817,21049,19972,0,1
14818,21050,19973,0,3
14819,21051,19974,0,1
14820,21052,19799,0,4
14821,21053,19975,0,3
14822,21055,19977,0,4
14823,21057,19979,0,4
14824,21058,19980,0,2
14825,21061,19982,0,4
14826,21062,19983,0,1
14827,21063,19984,0,1
14828,21064,19985,0,3
14829,21066,19987,1,5
14830,21067,19988,1,1
14831,21068,19989,0,1
14832,21069,19990,0,2
14833,21070,19991,0,3
14834,21072,19992,0,3
14835,21073,19993,0,4
14836,21074,19994,0,1
14837,21075,19995,0,5
14838,21076,19996,0,1
14839,21077,19997,0,3
14840,21078,19996,0,1
14841,21079,19998,0,4
14842,21080,19999,0,1
14843,21081,20000,0,5
14844,21084,20002,0,3
14845,21085,20003,0,3
14846,21086,20004,0,4
14847,21087,20005,0,4
14848,21088,20006,0,5
14849,21090,20008,0,2
14850,21091,20004,0,4
14851,21092,20009,0,5
14852,21093,20010,0,4
14853,21094,19911,0,4
14854,21095,20011,1,3
14855,21096,20012,0,5
14856,21097,19952,0,3
14857,21098,20013,0,1
14858,21100,20015,1,3
14859,21101,20016,0,2
14860,21102,20017,1,2
14861,21103,20018,1,1
14862,21104,20019,0,1
14863,21105,20020,1,5
14864,21106,20021,0,5
14865,21107,20022,0,3
14866,21108,20023,0,1
14867,21109,20024,0,3
14868,21111,20026,0,4
14869,21112,20027,1,4
14870,21113,20028,1,1
14871,21114,20029,0,5
14872,21115,20030,0,4
14873,21119,20034,0,2
14874,21120,20035,0,3
14875,21121,20036,0,3
14876,21122,20037,0,5
14877,21123,20038,0,4
14878,21124,20039,0,1
14879,21125,20040,0,2
14880,21126,20041,0,4
14881,21128,20043,0,5
14882,21129,20044,0,5
14883,21130,20045,0,4
14884,21131,20046,0,2
14885,21132,20047,0,4
14886,21133,20048,1,3
14887,21134,20049,0,1
14888,21135,20036,0,3
14889,21136,20050,0,5
14890,21137,20051,0,3
14891,21139,20053,0,1
14892,21141,20055,0,5
14893,21142,20056,0,2
14894,21143,20057,0,4
14895,21145,20059,0,1
14896,21146,20060,0,4
14897,21147,20061,1,3
14898,21148,20062,0,4
14899,21150,20063,0,1
14900,21152,20065,0,2
14901,21154,20067,0,3
14902,21155,20068,0,5
14903,21156,20069,0,1
14904,21157,20040,0,2
14905,21158,20070,0,5
14906,21160,20072,0,3
14907,21162,20074,0,2
14908,21163,20075,0,5
14909,21165,20077,0,2
14910,21166,20078,0,1
14911,21167,20079,0,5
14912,21168,20080,0,3
14913,21171,20082,0,3
14914,21172,20083,0,1
14915,21174,20085,0,5
14916,21175,20086,0,3
14917,21176,20087,0,3
14918,21178,20089,0,1
14919,21179,20090,0,2
14920,21180,20091,0,5
14921,21181,20067,0,3
14922,21182,20092,0,3
14923,21183,20093,0,2
14924,21185,20095,0,3
14925,21188,20098,0,1
14926,21189,20099,0,1
14927,21190,20100,0,2
14928,21191,20101,0,2
14929,21192,20079,0,5
14930,21193,20102,0,2
14931,21194,20103,1,3
14932,21195,20104,0,1
14933,21196,20105,0,1
14934,21197,20106,0,1
14935,21198,20106,0,1
14936,21200,20108,0,2
14937,21201,20109,0,2
14938,21202,20110,0,3
14939,21204,20112,0,5
14940,21205,20113,0,3
14941,21206,20114,0,3
14942,21207,20115,0,2
14943,21209,20117,0,1
14944,21210,20118,0,5
14945,21211,20114,0,3
14946,21214,20121,0,1
14947,21215,20122,0,5
14948,21216,20123,0,3
14949,21217,20124,0,2
14950,21218,20125,0,4
14951,21219,20126,0,5
14952,21221,20128,0,2
14953,21222,20129,0,2
14954,21223,20130,0,3
14955,21224,20131,0,3
14956,21225,20132,0,4
14957,21227,20134,0,1
14958,21228,20135,0,2
14959,21229,20136,0,2
14960,21231,20138,0,4
14961,21232,20139,0,5
14962,21234,20141,0,4
14963,21235,20142,0,1
14964,21237,20144,0,5
14965,21238,20136,0,2
14966,21239,20145,0,1
14967,21242,20148,0,4
14968,21244,20150,0,4
14969,21245,20040,0,2
14970,21246,20151,0,2
14971,21249,20154,0,4
14972,21251,20156,0,3
14973,21252,20157,0,1
14974,21253,20044,0,5
14975,21254,20157,0,1
14976,21256,20159,0,1
14977,21257,20160,0,1
14978,21259,20162,0,5
14979,21260,20163,0,3
14980,21261,20164,0,5
14981,21263,20166,0,2
14982,21264,20164,0,5
14983,21265,20167,0,2
14984,21266,20168,0,4
14985,21267,20129,0,2
14986,21270,20170,0,2
14987,21271,20171,0,5
14988,21272,20172,0,1
14989,21273,20173,0,3
14990,21274,20174,1,5
14991,21275,20175,0,1
14992,21277,20177,0,3
14993,21278,20160,0,1
14994,21279,20178,0,4
14995,21280,20179,0,3
14996,21284,20183,0,5
14997,21286,20185,0,4
14998,21287,20186,0,4
14999,21289,20188,0,3
15000,21290,20188,0,3
15001,21291,20189,0,3
15002,21292,20190,0,4
15003,21295,20193,0,1
15004,21296,20194,0,2
15005,21298,20196,0,1
15006,21300,20198,0,3
15007,21301,20196,0,1
15008,21302,20199,0,2
15009,21303,20200,0,4
15010,21304,20201,0,1
15011,21306,20203,0,5
15012,21307,20204,1,5
15013,21308,20205,0,5
15014,21310,20130,0,3
15015,21311,20207,0,4
15016,21312,20208,0,3
15017,21315,20211,0,1
15018,21317,20213,0,5
15019,21318,20214,0,4
15020,21319,20215,0,2
15021,21320,20216,0,1
15022,21321,20217,0,1
15023,21323,20219,0,5
15024,21324,20015,0,3
15025,21325,20220,0,3
15026,21326,20221,0,4
15027,21328,20223,0,4
15028,21329,20224,0,5
15029,21334,20229,0,4
15030,21335,20230,0,3
15031,21336,20231,0,1
15032,21338,20233,0,1
15033,21339,20234,0,5
15034,21340,20235,0,1
15035,21341,20236,0,1
15036,21342,20237,0,5
15037,21343,20238,0,2
15038,21345,20240,0,3
15039,21346,20241,0,5
15040,21347,20242,0,4
15041,21348,20243,0,4
15042,21349,20244,0,3
15043,21351,20246,0,3
15044,21352,20247,0,2
15045,21353,20248,1,3
15046,21354,20249,0,2
15047,21356,20251,0,4
15048,21357,20252,0,5
15049,21358,20253,0,3
15050,21359,20254,0,2
15051,21360,20255,0,5
15052,21363,20258,0,2
15053,21366,20261,0,5
15054,21367,20262,0,5
15055,21368,20263,0,5
15056,21369,20264,0,1
15057,21370,20265,0,2
15058,21371,20266,0,2
15059,21374,20269,0,4
15060,21375,20270,0,2
15061,21377,20272,0,4
15062,21378,20273,0,5
15063,21379,20274,0,5
15064,21382,20277,0,3
15065,21383,20278,0,1
15066,21384,20279,0,2
15067,21387,20282,0,1
15068,21388,20283,0,2
15069,21391,20285,0,2
15070,21392,20286,0,3
15071,21393,20287,0,2
15072,21395,20287,0,2
15073,21396,20288,1,2
15074,21397,20289,0,2
15075,21398,20290,0,5
15076,21400,20292,0,2
15077,21401,20293,0,5
15078,21402,20293,0,5
15079,21403,20294,0,4
15080,21404,20295,0,2
15081,21405,20296,0,1
15082,21406,20297,0,3
15083,21407,20298,0,4
15084,21408,20299,0,4
15085,21409,20300,0,2
15086,21410,20301,0,3
15087,21411,20302,0,4
15088,21414,20305,0,2
15089,21415,20294,0,4
15090,21416,20306,0,3
15091,21417,20307,0,4
15092,21419,20309,0,2
15093,21421,20309,0,2
15094,21422,20309,0,2
15095,21423,20309,0,2
15096,21424,20311,0,5
15097,21425,20312,0,4
15098,21426,20313,0,2
15099,21428,20315,0,1
15100,21430,20317,0,3
15101,21432,20319,0,3
15102,21433,20320,0,2
15103,21434,20321,0,1
15104,21435,20313,0,2
15105,21441,20326,0,5
15106,21443,20326,0,5
15107,21444,20328,0,4
15108,21445,20329,0,5
15109,21446,20330,0,1
15110,21447,20326,0,5
15111,21448,20331,0,2
15112,21449,20332,0,5
15113,21450,20333,0,3
15114,21452,20335,0,5
15115,21453,20336,0,2
15116,21454,20337,0,5
15117,21458,20341,0,4
15118,21459,20342,1,3
15119,21460,20343,0,4
15120,21461,20294,0,4
15121,21462,20344,0,4
15122,21464,20346,0,1
15123,21465,20347,0,3
15124,21467,20349,0,3
15125,21468,20350,0,5
15126,21469,20351,0,2
15127,21470,20352,0,3
15128,21471,20353,0,2
15129,21472,20354,0,1
15130,21473,20294,0,4
15131,21474,20355,0,5
15132,21475,20356,0,1
15133,21476,20357,0,3
15134,21478,20359,0,1
15135,21481,20361,0,5
15136,21482,20362,0,5
15137,21484,20364,0,2
15138,21485,20365,0,4
15139,21487,20367,0,1
15140,21490,20370,0,4
15141,21492,20372,0,5
15142,21494,20374,0,4
15143,21495,20375,0,5
15144,21496,20376,0,4
15145,21497,20377,0,1
15146,21498,20378,0,5
15147,21499,20379,0,5
15148,21500,20380,0,1
15149,21501,20381,0,1
15150,21502,20382,0,1
15151,21503,20383,0,3
15152,21505,20385,0,1
15153,21508,20388,0,3
15154,21509,20389,0,2
15155,21510,20390,0,3
15156,21511,20389,0,2
15157,21512,20391,0,4
15158,21513,20392,0,1
15159,21517,20395,0,1
15160,21519,20397,0,3
15161,21520,20398,0,3
15162,21521,20399,0,3
15163,21524,20402,0,3
15164,21525,20389,0,2
15165,21528,20405,0,5
15166,21530,20407,0,1
15167,21531,20408,0,5
15168,21532,20409,0,5
15169,21533,20410,0,1
15170,21534,20411,0,1
15171,21535,20412,0,2
15172,21537,20414,0,1
15173,21539,20416,0,5
15174,21541,20418,1,5
15175,21543,20420,0,5
15176,21546,20423,0,4
15177,21547,20424,0,2
15178,21557,20434,0,2
15179,21560,20436,0,4
15180,21561,20437,0,1
15181,21562,20438,0,1
15182,21564,20440,0,1
15183,21566,20442,0,3
15184,21568,20444,0,4
15185,21569,20445,0,3
15186,21570,20446,0,1
15187,21572,20447,0,5
15188,21573,20448,0,1
15189,21574,20449,0,2
15190,21575,20450,0,4
15191,21576,20451,0,5
15192,21577,20452,0,5
15193,21578,20453,0,2
15194,21579,20454,0,1
15195,21580,20455,0,5
15196,21581,20456,0,4
15197,21582,20457,0,5
15198,21583,20458,0,4
15199,21584,20459,0,2
15200,21586,20436,0,4
15201,21587,20461,0,3
15202,21589,20463,0,1
15203,21590,20461,0,3
15204,21592,20465,0,1
15205,21593,20466,0,2
15206,21594,20467,0,2
15207,21595,20468,0,2
15208,21596,20469,0,1
15209,21597,20470,0,2
15210,21598,20471,0,4
15211,21604,20475,0,5
15212,21609,20479,0,3
15213,21610,20480,0,5
15214,21611,20480,0,5
15215,21612,20481,0,3
15216,21613,20481,0,3
15217,21614,20481,0,3
15218,21615,20482,0,2
15219,21616,20397,0,3
15220,21617,20483,0,1
15221,21618,20484,0,1
15222,21619,20423,0,4
15223,21620,20485,0,1
15224,21622,20487,0,5
15225,21623,20488,0,3
15226,21626,20491,0,2
15227,21630,20353,0,2
15228,21632,20494,0,4
15229,21634,20496,0,1
15230,21635,20497,0,5
15231,21636,20494,0,4
15232,21637,20498,0,1
15233,21638,20499,0,3
15234,21640,20501,0,1
15235,21641,20502,0,5
15236,21642,20503,0,4
15237,21643,20504,0,3
15238,21645,20506,1,1
15239,21646,20507,0,1
15240,21647,20508,0,2
15241,21648,20509,0,4
15242,21649,20510,0,1
15243,21652,20513,0,5
15244,21653,20514,0,1
15245,21654,20515,0,2
15246,21655,20446,1,1
15247,21657,20517,0,3
15248,21658,20518,0,4
15249,21659,20519,0,2
15250,21660,20520,0,1
15251,21661,20521,0,1
15252,21662,20522,0,4
15253,21663,20523,0,5
15254,21664,20524,0,3
15255,21665,20525,0,3
15256,21666,20526,0,5
15257,21667,20527,0,4
15258,21674,20534,0,1
15259,21675,20535,0,5
15260,21676,20534,0,1
15261,21677,20536,0,2
15262,21678,20537,0,3
15263,21679,20538,0,3
15264,21681,20540,0,5
15265,21682,20541,0,1
15266,21683,20542,0,2
15267,21684,20543,0,4
15268,21687,20546,0,5
15269,21689,20548,0,1
15270,21690,20549,0,1
15271,21691,20550,0,4
15272,21692,20551,0,3
15273,21695,20554,0,5
15274,21696,20555,0,2
15275,21698,20557,0,5
15276,21700,20559,0,1
15277,21701,20560,0,2
15278,21703,20562,0,5
15279,21704,20563,0,3
15280,21705,20564,0,4
15281,21709,20568,0,2
15282,21713,20571,0,2
15283,21715,20573,1,2
15284,21716,20574,0,2
15285,21719,20577,0,1
15286,21720,20578,0,5
15287,21721,20579,0,2
15288,21723,20581,0,3
15289,21724,20582,0,1
15290,21725,20583,0,5
15291,21726,20584,0,4
15292,21727,20585,0,1
15293,21728,20586,0,5
15294,21729,20541,0,1
15295,21730,20587,0,5
15296,21733,20590,0,3
15297,21734,20591,0,1
15298,21735,20592,0,2
15299,21736,20593,0,5
15300,21738,20595,0,3
15301,21740,20597,0,1
15302,21741,20598,0,5
15303,21742,20599,0,1
15304,21743,20600,0,3
15305,21744,20601,0,2
15306,21746,20603,0,3
15307,21749,20606,0,5
15308,21750,20607,0,5
15309,21751,20608,0,2
15310,21756,20613,0,2
15311,21758,20615,0,1
15312,21759,20616,0,4
15313,21760,20617,0,5
15314,21764,20621,0,2
15315,21765,20622,0,5
15316,21766,20623,0,1
15317,21768,20625,0,3
15318,21769,20626,0,4
15319,21770,20627,0,1
15320,21772,20629,0,5
15321,21773,20629,0,5
15322,21776,20632,0,1
15323,21778,20634,0,3
15324,21781,20637,0,1
15325,21782,20637,0,1
15326,21783,20638,1,3
15327,21784,20639,0,3
15328,21786,20637,0,1
15329,21788,20642,0,4
15330,21789,20643,0,4
15331,21791,20645,0,1
15332,21792,20646,0,5
15333,21797,20651,0,1
15334,21798,20652,0,2
15335,21800,20654,0,2
15336,21802,20656,0,4
15337,21805,20659,0,4
15338,21806,20660,0,5
15339,21807,20661,0,5
15340,21810,20664,0,5
15341,21811,20665,0,5
15342,21814,20667,0,3
15343,21816,20669,0,3
15344,21818,20671,0,5
15345,21820,20673,0,3
15346,21822,20675,0,5
15347,21823,20645,0,1
15348,21826,20678,0,2
15349,21827,20660,0,5
15350,21828,20679,0,5
15351,21829,20680,0,3
15352,21830,20681,0,5
15353,21831,20681,0,5
15354,21833,20637,0,1
15355,21834,20682,0,5
15356,21837,20685,0,1
15357,21838,20686,0,4
15358,21839,20686,0,4
15359,21840,20687,0,2
15360,21841,20688,0,3
15361,21842,20686,0,4
15362,21843,20689,0,3
15363,21845,20690,0,4
15364,21846,20691,0,3
15365,21847,20692,1,5
15366,21848,20693,0,2
15367,21849,20694,0,4
15368,21851,20696,0,5
15369,21852,20697,0,1
15370,21853,20682,1,5
15371,21854,20698,0,4
15372,21855,20699,0,2
15373,21856,20700,0,5
15374,21858,20702,0,2
15375,21859,20703,0,5
15376,21861,20705,0,2
15377,21863,20707,0,2
15378,21864,20708,0,3
15379,21865,20709,0,2
15380,21866,20710,0,5
15381,21867,20711,0,5
15382,21870,20714,0,2
15383,21871,20715,1,2
15384,21875,20719,0,4
15385,21876,20720,0,4
15386,21878,20722,0,1
15387,21879,20723,1,2
15388,21880,20724,0,1
15389,21882,20726,1,3
15390,21883,20727,0,3
15391,21884,20728,0,2
15392,21885,20729,0,1
15393,21886,20730,0,1
15394,21887,20709,0,2
15395,21888,20731,0,4
15396,21889,20732,0,1
15397,21892,20734,0,1
15398,21894,20736,0,5
15399,21895,20737,0,3
15400,21896,20738,0,5
15401,21897,20730,0,1
15402,21899,20740,0,4
15403,21900,20699,0,2
15404,21906,20744,0,5
15405,21908,20745,0,4
15406,21909,20746,0,4
15407,21910,20747,0,5
15408,21913,20750,0,3
15409,21915,20752,0,5
15410,21916,20753,0,4
15411,21917,20754,0,2
15412,21918,20755,0,2
15413,21919,20756,0,2
15414,21920,20757,0,5
15415,21921,20758,0,4
15416,21922,20759,0,1
15417,21925,20761,0,1
15418,21926,20762,0,3
15419,21927,20763,0,2
15420,21928,20764,0,5
15421,21930,20766,0,1
15422,21931,20767,1,4
15423,21932,20768,0,3
15424,21933,20769,0,5
15425,21935,20769,0,5
15426,21936,20770,0,3
15427,21937,20771,0,5
15428,21938,20772,0,2
15429,21940,20773,0,2
15430,21941,20774,0,5
15431,21942,20775,0,1
15432,21943,20776,0,2
15433,21944,20777,0,4
15434,21945,20778,0,1
15435,21946,20779,0,5
15436,21947,20780,0,2
15437,21948,20781,0,2
15438,21949,20782,0,1
15439,21950,20783,1,3
15440,21953,20786,0,1
15441,21954,20787,0,2
15442,21957,20789,0,3
15443,21959,20791,0,2
15444,21960,20792,0,2
15445,21961,20793,0,2
15446,21963,20794,0,4
15447,21964,20795,0,1
15448,21965,20796,0,3
15449,21966,20795,0,1
15450,21967,20797,0,3
15451,21969,20799,0,5
15452,21972,20801,0,2
15453,21974,20732,0,1
15454,21976,20804,0,5
15455,21977,20805,0,5
15456,21978,20806,0,4
15457,21979,20807,0,3
15458,21980,20808,0,1
15459,21981,20808,0,1
15460,21982,20808,0,1
15461,21984,20810,1,3
15462,21986,20812,0,5
15463,21987,20813,0,1
15464,21988,20814,0,2
15465,21990,20816,0,4
15466,21992,20817,0,5
15467,21993,20818,0,3
15468,21994,20819,0,3
15469,21996,20821,0,2
15470,21998,20822,1,4
15471,22000,20799,0,5
15472,22004,20827,0,4
15473,22005,20828,0,5
15474,22007,20829,0,4
15475,22008,20830,0,3
15476,22009,20831,0,3
15477,22010,20832,0,5
15478,22011,20833,0,5
15479,22012,20834,0,2
15480,22013,20835,0,1
15481,22014,20836,1,5
15482,22016,20838,0,1
15483,22017,20839,0,1
15484,22019,20841,0,1
15485,22021,20843,0,1
15486,22022,20844,0,1
15487,22023,20845,0,1
15488,22024,20846,0,3
15489,22026,20848,0,2
15490,22027,20849,0,3
15491,22028,20850,0,4
15492,22029,20851,0,1
15493,22030,20852,0,2
15494,22031,20853,0,2
15495,22032,20854,0,2
15496,22033,20855,0,4
15497,22034,20856,0,4
15498,22035,20857,0,2
15499,22036,20858,0,1
15500,22037,20859,0,2
15501,22038,20860,0,4
15502,22040,20862,0,1
15503,22041,20863,0,3
15504,22042,20839,0,1
15505,22043,20864,0,4
15506,22044,20865,0,5
15507,22045,20866,1,4
15508,22046,20867,0,5
15509,22047,20868,0,4
15510,22048,20869,0,5
15511,22050,20871,0,2
15512,22051,20872,0,2
15513,22052,20873,0,4
15514,22054,20875,0,5
15515,22055,20876,0,5
15516,22056,20877,0,4
15517,22057,20643,0,4
15518,22060,20880,1,3
15519,22061,20881,0,2
15520,22062,20882,0,4
15521,22065,20885,0,1
15522,22066,20886,0,5
15523,22068,20887,0,1
15524,22069,20888,0,2
15525,22073,20892,0,3
15526,22074,20893,0,2
15527,22075,20867,0,5
15528,22076,20853,0,2
15529,22078,20895,0,2
15530,22081,20898,0,4
15531,22082,20899,0,1
15532,22083,20900,0,3
15533,22084,20901,0,4
15534,22085,20902,0,4
15535,22086,20903,0,3
15536,22087,20904,0,5
15537,22088,20905,0,2
15538,22089,20906,0,2
15539,22090,20907,0,1
15540,22091,20908,0,2
15541,22093,20910,0,1
15542,22098,20915,0,4
15543,22100,20917,0,2
15544,22101,20918,0,5
15545,22103,20920,0,2
15546,22104,20921,0,4
15547,22105,20922,0,4
15548,22106,20923,0,4
15549,22109,20926,0,1
15550,22111,20926,0,1
15551,22112,20927,0,1
15552,22114,20929,0,2
15553,22115,20930,0,5
15554,22116,20931,0,1
15555,22117,20932,0,5
15556,22118,20933,0,4
15557,22119,20934,0,1
15558,22121,20936,0,3
15559,22126,20939,0,3
15560,22127,20940,0,5
15561,22128,20941,0,3
15562,22129,20942,0,2
15563,22130,20941,0,3
15564,22131,20943,0,3
15565,22133,20945,0,1
15566,22134,20946,0,5
15567,22136,20948,0,4
15568,22137,20949,0,3
15569,22138,20948,0,4
15570,22139,20950,0,1
15571,22141,20952,0,1
15572,22142,20953,0,1
15573,22144,20955,0,5
15574,22145,20956,0,5
15575,22146,20957,0,2
15576,22147,20958,0,5
15577,22148,20959,0,2
15578,22149,20960,0,1
15579,22150,20961,0,2
15580,22154,20964,0,1
15581,22155,20965,0,2
15582,22156,20966,0,2
15583,22157,20955,1,5
15584,22161,20959,0,2
15585,22162,20970,0,2
15586,22163,20971,0,1
15587,22164,20972,0,2
15588,22165,20973,0,2
15589,22166,20974,0,4
15590,22170,20978,1,4
15591,22172,20980,0,3
15592,22173,20981,0,4
15593,22174,20982,0,4
15594,22176,20983,0,1
15595,22177,20984,0,1
15596,22179,20986,0,2
15597,22180,20987,0,4
15598,22183,20990,0,3
15599,22186,20992,0,4
15600,22189,20995,0,5
15601,22190,20996,0,5
15602,22192,20998,1,1
15603,22193,20999,0,2
15604,22194,21000,0,5
15605,22196,21000,0,5
15606,22197,21000,0,5
15607,22199,21003,0,2
15608,22200,21004,0,5
15609,22201,20999,0,2
15610,22202,21005,0,4
15611,22203,21006,0,2
15612,22204,21007,0,4
15613,22205,21006,0,2
15614,22206,21008,0,3
15615,22210,21011,0,3
15616,22212,21012,0,1
15617,22213,21013,0,1
15618,22214,21014,0,5
15619,22215,21013,0,1
15620,22216,21015,0,5
15621,22218,21017,0,3
15622,22219,21018,0,1
15623,22221,21020,0,2
15624,22222,21021,0,3
15625,22223,21022,0,4
15626,22224,20983,0,1
15627,22227,21025,0,4
15628,22228,21026,0,5
15629,22229,21027,0,5
15630,22231,21029,0,2
15631,22232,21030,0,4
15632,22233,21031,0,4
15633,22234,21032,1,4
15634,22237,21035,0,5
15635,22238,21036,0,5
15636,22239,21037,0,5
15637,22243,21041,0,2
15638,22244,21042,0,5
15639,22245,21043,0,5
15640,22247,21045,0,2
15641,22248,21046,0,3
15642,22249,21047,0,2
15643,22250,21048,0,5
15644,22251,21049,0,1
15645,22252,21050,0,2
15646,22255,21053,0,3
15647,22258,21056,0,2
15648,22260,21058,0,4
15649,22263,21061,0,3
15650,22264,21062,0,4
15651,22266,21064,0,3
15652,22267,21065,1,4
15653,22268,21066,0,5
15654,22269,21067,1,1
15655,22270,20983,0,1
15656,22275,21072,0,3
15657,22276,21073,0,5
15658,22277,21074,0,5
15659,22278,20942,0,2
15660,22279,21075,0,3
15661,22280,21076,0,4
15662,22281,21077,0,2
15663,22282,21078,0,1
15664,22284,21080,0,4
15665,22286,21082,0,4
15666,22287,21083,0,3
15667,22289,21085,0,5
15668,22290,21086,1,1
15669,22292,21088,0,4
15670,22293,21089,0,4
15671,22294,21090,0,1
15672,22297,21092,0,1
15673,22298,21093,0,1
15674,22299,21094,0,1
15675,22302,21096,0,4
15676,22303,21097,0,1
15677,22304,21098,0,2
15678,22305,21099,0,5
15679,22307,21101,0,1
15680,22308,21102,0,2
15681,22310,21104,0,4
15682,22311,21105,0,5
15683,22312,21106,0,5
15684,22315,21109,0,1
15685,22316,21110,0,4
15686,22317,21111,0,4
15687,22319,21113,0,3
15688,22320,21114,0,5
15689,22321,21115,0,4
15690,22322,21116,0,2
15691,22326,21120,0,5
15692,22327,21121,0,2
15693,22329,21122,0,3
15694,22330,21123,0,5
15695,22331,21124,0,4
15696,22332,21125,0,3
15697,22333,21126,0,4
15698,22334,21127,0,5
15699,22335,21128,0,2
15700,22339,21132,0,3
15701,22341,21134,0,1
15702,22342,21135,0,4
15703,22343,21136,0,4
15704,22344,21137,0,5
15705,22345,21138,0,4
15706,22346,21139,0,4
15707,22347,21140,0,3
15708,22348,21141,0,5
15709,22353,20983,0,1
15710,22354,21145,0,5
15711,22355,21098,1,2
15712,22356,21146,0,2
15713,22357,21147,0,4
15714,22359,21149,0,5
15715,22361,21151,0,1
15716,22363,21152,0,1
15717,22365,21154,0,3
15718,22366,21155,0,2
15719,22367,21151,0,1
15720,22368,21155,0,2
15721,22369,21155,0,2
15722,22371,21157,0,3
15723,22372,21158,0,4
15724,22373,21159,0,1
15725,22375,21161,0,2
15726,22376,21162,0,5
15727,22377,21163,0,3
15728,22380,21166,0,3
15729,22382,21168,0,2
15730,22383,21169,0,1
15731,22384,21170,0,4
15732,22386,21172,0,3
15733,22389,21175,0,3
15734,22390,21176,1,3
15735,22391,21177,0,5
15736,22392,21178,0,3
15737,22393,21179,0,3
15738,22394,21180,0,4
15739,22396,21182,0,3
15740,22399,21185,0,4
15741,22400,21186,0,1
15742,22401,21187,1,1
15743,22402,21188,0,5
15744,22403,21189,0,5
15745,22405,21191,0,2
15746,22406,21192,0,1
15747,22407,21192,0,1
15748,22408,21193,0,3
15749,22409,21194,0,2
15750,22411,21196,0,1
15751,22412,21197,0,3
15752,22413,21198,0,3
15753,22414,21199,0,2
15754,22415,21200,0,1
15755,22416,21201,0,4
15756,22418,21203,0,3
15757,22419,21204,0,5
15758,22420,21205,1,4
15759,22421,21205,1,4
15760,22422,21206,0,1
15761,22423,21207,1,4
15762,22424,21208,0,4
15763,22426,21210,0,5
15764,22427,21211,0,1
15765,22428,21212,0,3
15766,22430,21214,0,4
15767,22431,21215,0,2
15768,22432,21215,1,2
15769,22433,21216,0,2
15770,22435,21218,0,5
15771,22436,21219,0,4
15772,22439,21221,0,3
15773,22440,21222,0,1
15774,22442,21224,0,3
15775,22443,21225,0,1
15776,22445,21216,0,2
15777,22446,21227,0,5
15778,22447,21228,0,2
15779,22449,21230,0,2
15780,22450,21230,0,2
15781,22451,21230,0,2
15782,22452,21216,1,2
15783,22453,21231,0,5
15784,22454,21232,0,5
15785,22455,21233,0,3
15786,22456,21215,0,2
15787,22458,21235,0,5
15788,22461,21238,0,3
15789,22462,21239,0,4
15790,22463,21240,0,2
15791,22465,21242,0,2
15792,22466,21243,0,5
15793,22467,21244,0,5
15794,22468,21245,0,1
15795,22469,21246,0,4
15796,22470,21247,0,2
15797,22471,21248,0,3
15798,22472,21249,0,2
15799,22474,21249,0,2
15800,22475,21251,0,3
15801,22476,21252,0,5
15802,22477,21253,0,3
15803,22481,21256,0,4
15804,22482,21257,0,3
15805,22484,21259,0,4
15806,22485,21260,0,1
15807,22487,21262,1,1
15808,22490,21265,0,4
15809,22491,21265,0,4
15810,22494,21268,0,2
15811,22495,21269,0,5
15812,22496,21270,0,5
15813,22497,21271,1,5
15814,22498,21272,0,4
15815,22500,21274,0,1
15816,22502,21216,0,2
15817,22504,21230,0,2
15818,22505,21230,0,2
15819,22506,21277,0,4
15820,22507,21278,0,4
15821,22508,21279,0,3
15822,22510,21281,0,5
15823,22511,21282,0,2
15824,22512,21281,0,5
15825,22514,21284,0,2
15826,22515,21285,0,1
15827,22516,21286,0,1
15828,22517,21287,0,1
15829,22519,21205,0,4
15830,22520,21289,0,2
15831,22521,21205,0,4
15832,22522,21290,0,3
15833,22523,21291,0,4
15834,22524,21292,0,5
15835,22525,21293,0,3
15836,22527,21295,0,3
15837,22528,21296,0,4
15838,22530,21298,0,2
15839,22531,21299,0,1
15840,22532,21299,0,1
15841,22533,21300,0,4
15842,22534,21301,0,1
15843,22536,21298,1,2
15844,22538,21304,0,3
15845,22539,21305,0,5
15846,22540,21305,0,5
15847,22541,21306,0,2
15848,22543,21308,0,2
15849,22546,21311,0,2
15850,22548,21313,0,1
15851,22550,21315,0,4
15852,22552,21317,1,5
15853,22553,21318,0,3
15854,22554,21319,0,5
15855,22555,21320,0,5
15856,22556,21321,0,4
15857,22557,21322,0,2
15858,22559,21324,0,2
15859,22562,21327,0,1
15860,22563,21328,0,4
15861,22564,21329,0,2
15862,22565,21330,0,2
15863,22566,21331,0,3
15864,22567,21332,0,4
15865,22568,21333,0,4
15866,22570,21335,0,4
15867,22571,21336,0,2
15868,22572,21337,0,1
15869,22573,21338,0,1
15870,22574,21339,0,3
15871,22575,21340,0,1
15872,22576,21341,0,2
15873,22581,21345,0,1
15874,22582,21346,0,2
15875,22583,21347,0,1
15876,22584,21348,0,5
15877,22585,21349,0,3
15878,22586,21350,0,4
15879,22587,21351,0,4
15880,22589,21353,0,5
15881,22590,21322,0,2
15882,22591,21354,0,5
15883,22592,21355,0,4
15884,22593,21356,0,4
15885,22595,21305,0,5
15886,22596,21305,0,5
15887,22600,21360,0,2
15888,22601,21361,0,3
15889,22602,21362,0,3
15890,22603,21363,0,2
15891,22604,21364,0,1
15892,22605,21365,0,1
15893,22606,21366,0,5
15894,22607,21367,0,4
15895,22608,21368,0,1
15896,22609,21369,0,1
15897,22610,21370,0,5
15898,22611,21371,1,5
15899,22613,21373,0,3
15900,22614,21374,0,4
15901,22616,21376,0,2
15902,22617,21377,0,4
15903,22618,21378,0,4
15904,22619,21379,0,3
15905,22620,21380,0,2
15906,22621,21381,0,2
15907,22623,21383,0,3
15908,22625,21385,0,2
15909,22627,21387,0,5
15910,22628,21388,0,3
15911,22629,21389,0,5
15912,22630,21390,0,3
15913,22633,21393,0,4
15914,22634,21394,0,5
15915,22635,21395,0,5
15916,22636,21396,0,4
15917,22639,21398,0,4
15918,22640,21399,0,3
15919,22641,21400,0,3
15920,22642,21401,0,4
15921,22643,21402,0,2
15922,22644,21200,0,1
15923,22646,21404,0,5
15924,22647,21405,0,5
15925,22649,21407,0,5
15926,22650,21408,0,3
15927,22651,21409,0,4
15928,22654,21412,0,5
15929,22655,21413,0,3
15930,22656,21414,0,1
15931,22657,21415,0,5
15932,22658,21416,0,5
15933,22659,21417,0,5
15934,22660,21418,0,3
15935,22661,21419,0,5
15936,22662,21420,0,3
15937,22663,21421,0,5
15938,22664,21422,0,2
15939,22665,21423,0,2
15940,22666,21424,0,4
15941,22669,21427,0,2
15942,22670,21428,0,2
15943,22673,21431,0,2
15944,22674,21432,0,4
15945,22676,21434,0,5
15946,22680,21438,0,5
15947,22682,21440,0,3
15948,22684,21442,0,1
15949,22686,21444,0,2
15950,22687,21445,0,3
15951,22689,21447,0,4
15952,22690,21448,0,4
15953,22691,21449,0,3
15954,22692,21450,0,5
15955,22695,21453,0,1
15956,22696,21454,0,2
15957,22697,21298,0,2
15958,22698,21455,0,4
15959,22699,21456,0,1
15960,22700,21457,0,4
15961,22701,21458,0,5
15962,22702,21459,0,5
15963,22705,21461,0,3
15964,22706,21462,0,3
15965,22707,21463,0,1
15966,22708,21464,0,5
15967,22710,21466,0,4
15968,22711,21467,0,2
15969,22712,21468,0,4
15970,22714,21470,1,4
15971,22715,21471,0,1
15972,22716,21466,0,4
15973,22717,21472,0,2
15974,22719,21474,0,4
15975,22720,21474,0,4
15976,22722,21476,0,5
15977,22723,21477,0,2
15978,22724,21478,0,3
15979,22725,21479,0,3
15980,22726,21480,1,5
15981,22727,21481,0,2
15982,22728,21482,0,3
15983,22729,19069,0,4
15984,22730,21483,0,1
15985,22731,21484,0,3
15986,22732,21485,0,2
15987,22733,19228,0,4
15988,22734,21486,0,1
15989,22736,21488,0,1
15990,22737,21489,0,3
15991,22740,21492,0,5
15992,22743,21495,0,3
15993,22744,21496,0,2
15994,22747,21499,0,2
15995,22749,21501,0,2
15996,22750,21502,0,1
15997,22751,21503,0,1
15998,22755,21507,1,1
15999,22756,21508,0,4
16000,22757,21509,0,3
16001,22758,21510,0,4
16002,22760,21511,0,4
16003,22761,21512,0,4
16004,22762,21513,0,3
16005,22763,21514,0,2
16006,22764,21515,1,3
16007,22767,21518,0,1
16008,22768,21519,0,3
16009,22769,21520,0,5
16010,22772,21523,0,4
16011,22773,21524,0,4
16012,22774,21525,0,1
16013,22776,21527,0,1
16014,22777,21488,0,1
16015,22778,21528,0,2
16016,22779,21529,0,2
16017,22781,21530,0,3
16018,22782,21530,0,3
16019,22783,21531,1,2
16020,22784,21532,0,1
16021,22785,21533,0,3
16022,22786,21534,1,3
16023,22787,21535,0,3
16024,22788,21536,0,1
16025,22789,19282,0,1
16026,22791,21538,0,5
16027,22792,21539,0,5
16028,22793,21540,0,2
16029,22794,19202,0,5
16030,22795,21541,0,1
16031,22800,21541,0,1
16032,22801,21544,0,4
16033,22802,21496,0,2
16034,22803,21545,0,2
16035,22804,21546,1,2
16036,22806,21548,0,5
16037,22807,21549,0,3
16038,22808,21550,0,2
16039,22810,21552,0,1
16040,22811,21553,0,2
16041,22814,21556,0,5
16042,22815,19069,0,4
16043,22816,21557,0,1
16044,22817,21544,0,4
16045,22818,21558,0,5
16046,22820,21560,0,2
16047,22822,21562,0,3
16048,22823,21563,0,1
16049,22827,21567,0,4
16050,22829,21569,0,2
16051,22830,21570,0,2
16052,22831,21571,0,2
16053,22833,21573,0,1
16054,22835,21575,0,5
16055,22836,21576,0,3
16056,22838,21578,0,2
16057,22839,21579,0,3
16058,22840,21580,1,1
16059,22841,21581,0,1
16060,22842,21582,0,5
16061,22843,21583,0,5
16062,22844,21584,0,1
16063,22845,21585,0,4
16064,22847,21587,0,2
16065,22848,21588,0,5
16066,22849,21589,0,2
16067,22851,21496,0,2
16068,22852,21591,0,5
16069,22854,21592,0,1
16070,22855,21593,0,2
16071,22856,21594,0,5
16072,22857,21595,0,1
16073,22858,21596,0,2
16074,22859,21597,1,5
16075,22860,21598,0,5
16076,22861,21599,0,2
16077,22862,21600,0,5
16078,22863,21601,0,4
16079,22864,21602,0,5
16080,22865,21603,0,4
16081,22866,21604,0,2
16082,22867,21605,0,5
16083,22868,21606,0,1
16084,22870,21608,0,5
16085,22872,21610,0,1
16086,22873,21611,0,5
16087,22875,21613,0,1
16088,22877,21615,0,3
16089,22878,21616,0,3
16090,22879,21617,0,1
16091,22881,21619,0,3
16092,22884,21622,0,3
16093,22885,21623,0,3
16094,22892,21629,0,3
16095,22893,21630,0,4
16096,22894,21631,0,5
16097,22895,21632,0,3
16098,22896,21633,0,2
16099,22899,21636,0,1
16100,22901,21638,0,1
16101,22902,21639,0,4
16102,22903,21640,0,2
16103,22904,21641,1,4
16104,22906,21580,0,1
16105,22909,21645,0,2
16106,22911,21647,0,1
16107,22912,21648,0,1
16108,22913,21649,0,5
16109,22914,21632,0,3
16110,22915,21650,0,3
16111,22916,21651,0,2
16112,22919,21654,0,3
16113,22920,21655,0,5
16114,22921,21656,0,2
16115,22922,21657,0,3
16116,22923,21658,0,3
16117,22924,21659,0,1
16118,22925,21660,0,4
16119,22926,21661,0,5
16120,22927,21662,0,2
16121,22928,21663,0,2
16122,22930,21665,0,4
16123,22932,21667,0,3
16124,22933,21668,0,3
16125,22934,21669,0,2
16126,22935,21670,0,2
16127,22937,21672,0,4
16128,22939,21674,0,3
16129,22941,21676,0,3
16130,22944,21679,0,3
16131,22945,21680,0,5
16132,22947,21682,0,2
16133,22948,21683,0,5
16134,22949,21684,0,2
16135,22950,21685,0,2
16136,22951,21686,0,3
16137,22953,21688,0,1
16138,22954,21689,0,4
16139,22955,21690,0,3
16140,22956,21691,0,3
16141,22957,21692,0,3
16142,22958,21693,0,4
16143,22961,21696,0,2
16144,22962,21697,0,5
16145,22963,21698,0,3
16146,22964,21699,1,5
16147,22966,21701,0,5
16148,22969,21704,0,3
16149,22972,21707,0,2
16150,22973,21708,0,5
16151,22974,21709,0,5
16152,22977,21712,0,1
16153,22980,21715,0,4
16154,22981,21716,0,4
16155,22984,21719,0,1
16156,22985,21720,0,1
16157,22986,21721,0,3
16158,22988,21723,0,1
16159,22989,21724,0,3
16160,22991,21726,0,4
16161,22992,21727,0,5
16162,22993,21728,0,2
16163,22994,21729,0,5
16164,22995,21730,0,4
16165,22996,21731,0,1
16166,22998,21733,1,2
16167,22999,21734,0,1
16168,23002,21737,0,2
16169,23006,21741,0,5
16170,23007,21742,0,3
16171,23009,21744,0,2
16172,23010,21745,0,1
16173,23011,21746,0,5
16174,23013,21748,0,2
16175,23014,21749,0,3
16176,23015,21750,1,1
16177,23018,21753,0,3
16178,23019,21754,1,1
16179,23020,21755,1,1
16180,23022,21757,0,3
16181,23023,21758,0,5
16182,23025,21760,0,2
16183,23026,21761,0,4
16184,23028,21763,0,5
16185,23029,21764,0,5
16186,23030,21765,0,4
16187,23032,21767,1,3
16188,23034,21769,0,3
16189,23035,21770,0,1
16190,23036,21771,0,3
16191,23037,21772,0,4
16192,23038,21773,0,5
16193,23039,21774,0,5
16194,23040,21775,0,4
16195,23041,21776,0,4
16196,23043,21778,0,4
16197,23045,21780,0,3
16198,23046,21781,0,5
16199,23047,21781,0,5
16200,23049,21783,0,4
16201,23053,21786,0,3
16202,23054,21787,0,4
16203,23055,21788,0,4
16204,23056,21789,0,4
16205,23058,21791,0,5
16206,23059,21792,0,2
16207,23060,21793,0,5
16208,23061,21794,0,4
16209,23062,21795,0,1
16210,23063,21796,0,5
16211,23064,21789,0,4
16212,23066,21798,0,3
16213,23067,21799,0,5
16214,23068,21800,0,5
16215,23069,21801,0,5
16216,23070,21802,0,4
16217,23072,21804,0,5
16218,23074,21806,0,1
16219,23078,21810,0,5
16220,23079,21811,0,1
16221,23081,21811,0,1
16222,23083,21814,0,5
16223,23084,21815,0,3
16224,23086,21817,0,3
16225,23088,21819,0,3
16226,23089,21820,0,1
16227,23090,21821,0,1
16228,23095,21825,0,5
16229,23096,21826,0,1
16230,23098,21827,0,1
16231,23102,21830,0,1
16232,23103,21831,0,4
16233,23104,21832,0,5
16234,23105,21832,0,5
16235,23106,21833,0,4
16236,23108,21835,0,4
16237,23110,21837,0,3
16238,23111,21838,0,5
16239,23113,21840,0,2
16240,23114,21841,0,1
16241,23115,21842,0,4
16242,23116,21843,0,4
16243,23117,21844,0,4
16244,23118,21845,0,3
16245,23120,21847,0,5
16246,23121,21848,0,4
16247,23122,21849,0,3
16248,23123,21850,0,1
16249,23124,21851,0,3
16250,23126,21853,0,3
16251,23127,21854,0,1
16252,23128,21855,0,3
16253,23129,21856,0,2
16254,23130,21857,0,5
16255,23135,21861,0,5
16256,23136,21862,0,4
16257,23137,21863,0,5
16258,23140,21787,0,4
16259,23141,21781,0,5
16260,23143,21867,0,3
16261,23144,21868,0,5
16262,23145,21869,0,4
16263,23146,21870,0,5
16264,23147,21871,0,2
16265,23149,21867,0,3
16266,23150,21873,0,1
16267,23152,21875,0,2
16268,23153,21876,0,4
16269,23154,21877,0,1
16270,23155,21878,0,2
16271,23156,21879,0,3
16272,23158,21881,1,3
16273,23159,21882,0,1
16274,23160,21883,1,3
16275,23161,21884,0,1
16276,23162,21840,0,2
16277,23163,21885,0,4
16278,23164,21886,0,3
16279,23165,21887,0,2
16280,23166,21888,0,5
16281,23167,21889,0,1
16282,23168,21890,0,1
16283,23169,21891,0,4
16284,23170,21892,0,5
16285,23171,21801,0,5
16286,23172,21893,0,4
16287,23174,21895,0,5
16288,23175,21896,0,5
16289,23176,21897,0,1
16290,23177,21898,0,1
16291,23178,21899,0,1
16292,23181,21902,0,1
16293,23182,21903,0,1
16294,23183,21904,0,2
16295,23184,21905,0,2
16296,23185,21906,0,5
16297,23190,21911,0,2
16298,23192,21913,0,1
16299,23196,21917,0,3
16300,23197,21918,0,3
16301,23198,21919,0,3
16302,23200,21921,0,1
16303,23201,21922,0,1
16304,23203,21851,0,3
16305,23204,21924,0,4
16306,23205,21925,0,1
16307,23206,21926,0,1
16308,23207,21927,0,3
16309,23208,21928,0,1
16310,23209,21929,0,1
16311,23211,21931,0,4
16312,23212,21932,0,3
16313,23214,21934,0,4
16314,23217,21937,0,3
16315,23221,21941,0,1
16316,23222,21942,0,2
16317,23223,21943,0,5
16318,23224,21944,0,3
16319,23227,21946,0,2
16320,23229,21948,0,5
16321,23230,21949,0,3
16322,23233,21952,0,1
16323,23234,21953,0,5
16324,23235,21954,1,2
16325,23236,21955,0,4
16326,23237,21956,0,1
16327,23238,21957,0,1
16328,23239,21958,0,4
16329,23242,21961,0,1
16330,23243,21962,0,4
16331,23245,21964,0,2
16332,23247,21966,0,3
16333,23249,21967,0,5
16334,23252,21970,0,5
16335,23253,21971,0,3
16336,23254,21972,0,2
16337,23256,21974,0,5
16338,23257,21975,1,3
16339,23258,21976,0,2
16340,23260,21978,0,5
16341,23261,21979,0,5
16342,23263,21981,0,1
16343,23267,21985,1,4
16344,23268,21986,0,3
16345,23269,21987,0,4
16346,23271,20626,0,4
16347,23272,21989,0,3
16348,23276,21993,0,1
16349,23277,21994,0,2
16350,23278,21995,0,2
16351,23279,21996,0,3
16352,23281,21998,0,1
16353,23282,21999,0,1
16354,23285,22002,0,1
16355,23288,22005,0,4
16356,23289,22006,0,3
16357,23290,22007,0,5
16358,23291,22008,0,3
16359,23292,22009,0,1
16360,23293,22010,0,5
16361,23294,22011,0,1
16362,23298,22014,0,2
16363,23299,22015,0,4
16364,23301,22017,0,4
16365,23302,22018,0,2
16366,23304,22020,0,4
16367,23306,22022,0,2
16368,23307,22023,0,4
16369,23308,22024,0,3
16370,23309,22025,0,2
16371,23311,22027,0,4
16372,23313,20709,0,2
16373,23315,22030,0,2
16374,23317,22032,0,2
16375,23320,22034,0,3
16376,23321,22035,0,1
16377,23322,22036,0,1
16378,23323,22037,0,5
16379,23324,22038,0,1
16380,23326,20719,0,4
16381,23329,22041,0,4
16382,23331,22043,0,1
16383,23332,22044,1,1
16384,23333,22045,0,3
16385,23334,22046,0,2
16386,23335,22047,0,4
16387,23337,22049,0,4
16388,23339,22051,0,4
16389,23340,22052,0,2
16390,23341,22053,0,2
16391,23342,22054,0,4
16392,23343,22055,0,4
16393,23344,22056,0,1
16394,23345,22057,0,2
16395,23346,22058,0,3
16396,23348,22060,0,1
16397,23349,22061,0,1
16398,23351,22063,0,3
16399,23352,22064,0,4
16400,23353,22065,0,4
16401,23354,22066,0,3
16402,23356,22068,0,1
16403,23357,22069,1,4
16404,23359,22071,0,4
16405,23360,22072,1,3
16406,23361,22073,0,5
16407,23362,22074,0,3
16408,23363,22075,0,1
16409,23364,22076,0,2
16410,23365,22077,0,1
16411,23367,22079,0,3
16412,23368,22080,0,4
16413,23369,22051,0,4
16414,23370,22081,0,1
16415,23371,22082,0,1
16416,23372,22018,0,2
16417,23373,22083,0,4
16418,23374,22084,0,1
16419,23375,22085,0,5
16420,23376,22086,0,1
16421,23378,22088,0,4
16422,23379,22089,0,4
16423,23380,22090,0,1
16424,23382,20791,0,2
16425,23383,22091,0,3
16426,23384,22092,0,3
16427,23385,20893,0,2
16428,23386,22093,0,5
16429,23387,22094,0,4
16430,23388,22095,1,5
16431,23389,22096,0,1
16432,23390,22097,0,2
16433,23391,22098,0,5
16434,23392,22099,0,4
16435,23395,22102,0,5
16436,23396,22103,0,5
16437,23397,22104,0,4
16438,23399,22106,0,5
16439,23403,20726,0,3
16440,23404,22110,0,2
16441,23405,22111,0,5
16442,23406,22112,0,1
16443,23407,22113,0,4
16444,23408,22114,0,1
16445,23409,22115,0,1
16446,23411,22117,0,5
16447,23412,22118,0,2
16448,23413,22119,0,1
16449,23414,22120,1,2
16450,23416,22122,0,2
16451,23418,22123,0,2
16452,23421,22126,0,5
16453,23422,22127,0,1
16454,23423,22128,0,1
16455,23424,22128,0,1
16456,23425,22129,0,5
16457,23426,22130,0,1
16458,23427,22131,0,4
16459,23429,22133,0,2
16460,23430,22134,0,2
16461,23431,22135,0,4
16462,23432,22136,0,3
16463,23433,22051,0,4
16464,23434,22137,0,1
16465,23435,22138,0,5
16466,23437,22140,0,5
16467,23439,22142,0,3
16468,23440,22143,0,1
16469,23441,22144,0,1
16470,23442,22145,0,3
16471,23443,22146,0,1
16472,23444,22147,0,3
16473,23445,22148,0,1
16474,23446,22149,0,5
16475,23447,22150,0,5
16476,23448,22151,0,3
16477,23449,22152,0,3
16478,23451,22154,0,2
16479,23453,22156,0,1
16480,23454,22157,0,3
16481,23456,22159,0,5
16482,23457,22160,0,1
16483,23459,22162,0,4
16484,23460,22163,0,4
16485,23461,22164,0,3
16486,23462,22165,0,3
16487,23463,22166,0,5
16488,23464,22167,0,3
16489,23465,22168,0,4
16490,23467,22170,0,5
16491,23468,22171,0,4
16492,23469,22172,0,3
16493,23470,22173,0,3
16494,23471,22174,0,4
16495,23473,22081,0,1
16496,23474,22176,0,5
16497,23476,22178,0,1
16498,23478,22180,0,3
16499,23479,22181,0,2
16500,23481,22183,0,4
16501,23482,22184,0,1
16502,23483,22185,0,4
16503,23485,22187,0,2
16504,23486,22188,0,4
16505,23487,22189,0,3
16506,23488,22190,0,5
16507,23489,22191,0,5
16508,23491,22193,0,3
16509,23492,22194,0,2
16510,23495,22197,0,2
16511,23496,22198,0,2
16512,23497,22199,0,4
16513,23498,22200,0,4
16514,23499,22201,0,5
16515,23501,22203,0,3
16516,23502,22204,0,4
16517,23503,22205,0,4
16518,23504,22206,1,4
16519,23505,22207,0,5
16520,23506,22208,0,1
16521,23510,22212,1,4
16522,23511,22213,0,2
16523,23514,22216,0,3
16524,23516,22218,0,2
16525,23517,22219,0,5
16526,23519,22221,0,1
16527,23520,22222,0,5
16528,23521,22223,0,4
16529,23522,22224,0,2
16530,23523,22225,0,3
16531,23525,22227,0,2
16532,23527,22229,0,5
16533,23528,22230,0,5
16534,23529,22231,0,4
16535,23530,22232,0,5
16536,23531,22233,0,4
16537,23534,22236,0,5
16538,23535,22237,0,4
16539,23537,22239,0,2
16540,23538,22240,0,3
16541,23539,22241,0,3
16542,23540,22242,0,3
16543,23542,22244,0,3
16544,23543,22245,0,4
16545,23545,22247,0,5
16546,23547,22249,0,3
16547,23548,22250,0,4
16548,23549,22251,0,4
16549,23550,22252,0,1
16550,23555,22256,0,2
16551,23556,22257,0,1
16552,23557,22258,0,1
16553,23558,22259,0,3
16554,23560,22261,0,4
16555,23561,22262,0,2
16556,23563,22264,0,3
16557,23565,22266,0,4
16558,23566,22267,0,1
16559,23570,22271,0,4
16560,23571,22272,0,5
16561,23572,22273,0,3
16562,23573,22274,0,4
16563,23575,22276,0,3
16564,23576,22277,0,1
16565,23577,22278,1,3
16566,23579,22276,0,3
16567,23581,22281,0,5
16568,23582,22282,0,2
16569,23583,22283,0,1
16570,23584,22284,0,2
16571,23585,22285,0,4
16572,23586,22286,0,2
16573,23587,22287,0,3
16574,23588,22288,0,4
16575,23591,22291,0,1
16576,23592,22292,0,5
16577,23593,22293,0,3
16578,23595,22295,0,2
16579,23596,22296,0,2
16580,23597,22297,0,4
16581,23598,22298,0,5
16582,23599,22204,0,4
16583,23600,22299,0,3
16584,23601,22300,0,1
16585,23602,22301,0,5
16586,23603,22302,0,5
16587,23604,22303,0,5
16588,23608,22307,0,5
16589,23609,22308,0,1
16590,23610,22309,0,1
16591,23611,22310,0,4
16592,23612,22311,0,4
16593,23613,22312,0,4
16594,23614,22313,0,2
16595,23615,22314,0,3
16596,23619,22318,0,2
16597,23620,22319,0,2
16598,23622,22321,0,3
16599,23624,22323,0,4
16600,23625,22324,0,4
16601,23626,22325,0,1
16602,23627,22326,0,4
16603,23628,22327,0,1
16604,23629,22328,1,1
16605,23630,22329,0,2
16606,23632,22331,0,4
16607,23634,22333,0,3
16608,23635,22334,0,3
16609,23636,22335,0,2
16610,23637,22336,0,3
16611,23638,22337,0,4
16612,23639,22338,0,2
16613,23640,22339,0,1
16614,23643,22342,0,5
16615,23644,22343,0,4
16616,23648,22347,0,3
16617,23649,22348,0,4
16618,23650,22349,0,4
16619,23652,22351,0,1
16620,23653,22352,0,2
16621,23654,22353,0,4
16622,23656,22355,0,4
16623,23657,22356,0,1
16624,23658,22357,0,2
16625,23659,22358,0,1
16626,23662,22361,0,3
16627,23663,22362,0,3
16628,23664,22363,0,2
16629,23665,22364,0,4
16630,23666,22365,0,5
16631,23668,22367,0,4
16632,23669,22368,0,2
16633,23672,22371,0,4
16634,23673,22372,0,4
16635,23674,22373,0,5
16636,23675,22374,0,5
16637,23676,22375,0,2
16638,23677,22376,0,4
16639,23678,22377,0,5
16640,23679,22378,0,1
16641,23680,22379,0,2
16642,23681,22380,0,5
16643,23682,22381,0,3
16644,23684,22383,0,5
16645,23685,22384,0,2
16646,23686,22385,0,5
16647,23687,22386,0,4
16648,23688,22387,0,4
16649,23689,22388,0,5
16650,23690,22389,0,1
16651,23691,22390,0,2
16652,23693,22392,0,1
16653,23694,22393,0,1
16654,23696,22395,0,3
16655,23697,22396,0,5
16656,23698,22397,0,4
16657,23701,22400,0,4
16658,23703,22402,0,5
16659,23704,22403,0,4
16660,23705,22404,0,3
16661,23706,22402,0,5
16662,23707,22405,0,4
16663,23710,22408,0,3
16664,23712,22410,0,2
16665,23713,22411,0,5
16666,23714,22395,0,3
16667,23718,22415,0,1
16668,23720,22417,0,1
16669,23721,22418,0,5
16670,23724,22421,0,1
16671,23725,22422,0,4
16672,23726,22423,0,1
16673,23727,22424,0,1
16674,23729,22426,0,4
16675,23730,22427,0,4
16676,23731,22428,0,3
16677,23732,22429,0,5
16678,23733,22430,0,5
16679,23734,22431,0,3
16680,23735,22432,0,1
16681,23736,22433,0,3
16682,23738,22435,0,1
16683,23739,22436,0,3
16684,23740,22437,0,5
16685,23741,22438,0,1
16686,23742,22439,0,5
16687,23743,22440,0,1
16688,23744,22441,0,2
16689,23746,22443,0,3
16690,23748,22445,0,5
16691,23749,22446,0,2
16692,23750,22447,0,4
16693,23752,22449,0,1
16694,23753,22450,0,3
16695,23754,22451,0,5
16696,23755,22452,0,3
16697,23756,22453,0,2
16698,23757,22454,0,2
16699,23758,22455,0,3
16700,23759,22456,1,1
16701,23760,22457,0,2
16702,23761,22458,0,4
16703,23762,22459,0,1
16704,23764,22443,0,3
16705,23765,22461,0,5
16706,23766,22462,0,4
16707,23767,22463,0,2
16708,23769,22465,0,3
16709,23770,22466,0,2
16710,23771,22467,0,3
16711,23772,22468,0,4
16712,23773,22469,0,1
16713,23774,22470,0,5
16714,23775,22471,0,3
16715,23778,22474,0,2
16716,23779,22475,0,2
16717,23781,22477,0,4
16718,23782,22478,0,4
16719,23783,22479,0,2
16720,23784,22480,0,5
16721,23786,22482,0,1
16722,23788,22484,0,5
16723,23790,22486,0,2
16724,23791,22487,0,3
16725,23793,22489,0,1
16726,23794,22490,0,2
16727,23796,22492,0,3
16728,23797,22493,0,2
16729,23798,22494,0,4
16730,23799,22494,0,4
16731,23800,22495,0,1
16732,23801,22496,0,2
16733,23802,22497,0,1
16734,23805,22500,0,1
16735,23806,22501,0,4
16736,23807,22502,0,1
16737,23810,22505,0,2
16738,23811,22506,0,3
16739,23814,22509,0,3
16740,23815,22510,0,5
16741,23816,22511,0,5
16742,23817,22511,0,5
16743,23820,22514,0,3
16744,23823,22517,0,4
16745,23825,22519,0,1
16746,23826,22520,0,4
16747,23828,22521,0,1
16748,23829,22522,0,2
16749,23830,22523,0,5
16750,23831,22524,0,1
16751,23833,22526,0,5
16752,23834,22524,0,1
16753,23835,22527,0,3
16754,23837,22529,0,3
16755,23838,22530,0,3
16756,23839,22531,0,4
16757,23840,22532,0,2
16758,23841,22533,0,2
16759,23842,22534,0,5
16760,23844,22536,0,2
16761,23846,22538,0,4
16762,23848,22540,0,5
16763,23849,22541,0,3
16764,23850,22542,0,4
16765,23852,22544,0,2
16766,23853,22545,0,3
16767,23854,22546,0,5
16768,23855,22547,0,4
16769,23856,22548,0,5
16770,23859,22546,0,5
16771,23862,22547,0,4
16772,23865,22554,0,4
16773,23867,22556,0,4
16774,23868,22557,0,5
16775,23870,22559,0,1
16776,23871,22560,0,1
16777,23872,22561,0,4
16778,23873,22562,0,4
16779,23875,22564,0,5
16780,23878,22567,0,2
16781,23880,22569,0,5
16782,23881,22570,0,1
16783,23884,22572,0,2
16784,23886,22574,0,5
16785,23887,22575,0,5
16786,23888,22576,0,5
16787,23889,22577,0,4
16788,23892,22579,0,4
16789,23893,22580,0,5
16790,23894,22581,0,1
16791,23896,22583,0,5
16792,23897,22584,0,1
16793,23898,22585,0,4
16794,23899,22586,0,5
16795,23900,22587,0,4
16796,23904,22591,0,2
16797,23908,22595,0,2
16798,23911,22598,0,1
16799,23914,22600,0,2
16800,23915,22601,0,3
16801,23916,22602,0,4
16802,23917,22603,0,2
16803,23918,22604,0,4
16804,23919,22605,0,4
16805,23920,22606,0,5
16806,23921,22607,0,5
16807,23922,22608,0,3
16808,23923,22609,0,5
16809,23925,22611,0,5
16810,23926,22612,0,1
16811,23927,22613,0,4
16812,23930,22616,0,2
16813,23931,22613,0,4
16814,23932,22617,0,2
16815,23934,22619,0,1
16816,23935,22620,0,2
16817,23937,22622,0,3
16818,23938,22623,0,5
16819,23939,22624,0,1
16820,23940,22625,0,3
16821,23942,22627,0,4
16822,23945,22630,0,1
16823,23948,22633,0,4
16824,23949,22634,0,3
16825,23950,22635,0,5
16826,23953,22638,0,1
16827,23954,22639,0,1
16828,23956,22641,0,2
16829,23957,22642,0,1
16830,23959,22644,0,3
16831,23961,22645,0,1
16832,23963,22647,0,4
16833,23964,22648,0,1
16834,23965,22649,0,5
16835,23967,22651,0,2
16836,23970,22654,0,5
16837,23971,22655,0,4
16838,23972,22611,0,5
16839,23973,22595,0,2
16840,23974,22656,0,1
16841,23975,22657,0,4
16842,23979,22660,0,1
16843,23981,22662,0,2
16844,23982,22663,0,3
16845,23983,22664,0,1
16846,23984,22665,0,5
16847,23985,22666,0,5
16848,23987,22668,0,1
16849,23988,22669,0,2
16850,23989,22670,0,1
16851,23990,22671,0,4
16852,23991,22672,0,1
16853,23993,22674,0,1
16854,23994,22675,0,3
16855,23995,22676,0,1
16856,23996,22677,0,5
16857,23997,22678,0,5
16858,24002,22683,0,2
16859,24003,22684,0,3
16860,24006,22687,0,2
16861,24007,22688,0,3
16862,24008,22689,0,1
16863,24009,22690,1,1
16864,24010,22691,0,4
16865,24011,22692,1,1
16866,24012,22693,1,3
16867,24013,22694,0,4
16868,24014,22695,1,1
16869,24015,22696,1,3
16870,24016,22697,1,5
16871,24017,22698,1,3
16872,24020,22701,0,2
16873,24022,22703,1,1
16874,24023,22704,0,1
16875,24024,22705,1,2
16876,24025,22706,1,1
16877,24027,22708,1,1
16878,24029,22710,1,4
16879,24030,22711,0,2
16880,24031,22712,1,5
16881,24032,22713,1,5
16882,24033,22714,1,1
16883,24035,22716,1,2
16884,24036,22717,0,1
16885,24037,22718,1,4
16886,24039,22720,0,3
16887,24040,22721,1,5
16888,24043,22724,0,4
16889,24045,22726,0,5
16890,24047,22728,1,2
16891,24048,22729,1,2
16892,24050,22731,1,2
16893,24052,22733,0,1
16894,24054,22735,0,2
16895,24055,22736,1,4
16896,24056,22737,1,5
16897,24057,22738,1,3
16898,24059,22740,1,1
16899,24061,22742,1,3
16900,24063,22744,0,5
16901,24064,22745,0,2
16902,24066,22747,0,4
16903,24067,22748,0,4
16904,24069,22750,0,3
16905,24071,22752,0,3
16906,24073,22754,1,5
16907,24074,22755,0,1
16908,24075,22756,1,3
16909,24076,22757,0,1
16910,24077,22758,0,5
16911,24082,22763,0,3
16912,24083,22764,1,3
16913,24085,22766,1,2
16914,24086,22767,0,4
16915,24088,22769,1,2
16916,24090,22771,0,4
16917,24091,22772,0,1
16918,24092,22773,0,4
16919,24093,22774,0,5
16920,24094,22775,1,1
16921,24096,22777,1,4
16922,24097,22778,0,5
16923,24098,22779,0,4
16924,24099,22780,0,3
16925,24100,22781,1,1
16926,24101,22782,1,2
16927,24102,22783,1,3
16928,24103,22784,1,3
16929,24104,22785,0,4
16930,24106,22787,0,2
16931,24107,22788,0,1
16932,24109,22790,0,4
16933,24112,22793,0,5
16934,24114,22795,0,4
16935,24116,22797,1,3
16936,24117,22798,0,3
16937,24118,22799,1,1
16938,24119,22800,1,2
16939,24120,22801,0,3
16940,24121,22802,1,2
16941,24122,22803,0,5
16942,24123,22804,0,1
16943,24124,22805,0,2
16944,24126,22807,0,5
16945,24127,22808,0,5
16946,24128,22809,0,5
16947,24129,22810,0,1
16948,24130,22811,0,4
16949,24134,22815,0,2
16950,24135,22816,0,4
16951,24136,22817,0,1
16952,24137,22818,0,5
16953,24138,22819,0,1
16954,24139,22820,0,1
16955,24140,22821,0,1
16956,24141,22822,0,1
16957,24142,22823,0,4
16958,24143,22824,0,4
16959,24144,22825,0,2
16960,24145,22825,0,2
16961,24146,22826,0,2
16962,24147,22827,0,3
16963,24148,22828,0,1
16964,24149,22829,0,4
16965,24150,22830,0,4
16966,24151,22829,0,4
16967,24152,22831,0,1
16968,24154,22833,0,2
16969,24155,22834,0,4
16970,24157,22836,0,3
16971,24159,22838,0,4
16972,24161,22840,0,5
16973,24164,22843,0,3
16974,24165,22844,0,2
16975,24170,22849,0,1
16976,24171,22850,0,2
16977,24172,22851,0,2
16978,24173,22852,0,5
16979,24174,22853,0,4
16980,24175,22854,0,2
16981,24176,22855,0,1
16982,24178,22857,0,2
16983,24179,22858,0,3
16984,24180,22859,0,1
16985,24182,22861,0,3
16986,24183,22862,0,2
16987,24184,22861,0,3
16988,24185,22863,0,3
16989,24186,22864,0,2
16990,24189,22867,0,2
16991,24191,22869,0,2
16992,24192,22870,0,4
16993,24193,22871,0,1
16994,24194,22872,0,4
16995,24195,22873,0,3
16996,24196,22874,0,4
16997,24197,22875,0,1
16998,24200,22878,0,1
16999,24201,22879,0,2
17000,24204,22881,0,3
17001,24205,22882,0,2
17002,24206,22883,0,5
17003,24208,22885,0,1
17004,24209,22886,0,5
17005,24211,22871,1,1
17006,24213,22871,1,1
17007,24214,22889,1,3
17008,24216,22891,0,4
17009,24217,22892,0,3
17010,24218,22893,0,4
17011,24219,22894,0,4
17012,24220,22895,0,4
17013,24222,22897,0,2
17014,24223,22898,0,4
17015,24224,22899,0,2
17016,24229,22902,0,2
17017,24230,22903,0,1
17018,24231,22904,0,5
17019,24233,22906,0,3
17020,24234,22907,0,1
17021,24236,22909,0,2
17022,24237,22910,0,4
17023,24238,22911,0,3
17024,24243,22916,0,1
17025,24244,22917,0,3
17026,24246,22916,0,1
17027,24247,22919,0,1
17028,24248,22920,0,3
17029,24249,22921,0,5
17030,24252,22849,0,1
17031,24253,22924,0,3
17032,24254,22925,0,3
17033,24256,22927,0,2
17034,24258,22929,0,1
17035,24259,22930,0,2
17036,24261,22932,0,5
17037,24262,22933,0,4
17038,24263,22934,0,1
17039,24265,22936,0,1
17040,24266,22937,0,5
17041,24268,22939,0,2
17042,24269,22940,0,5
17043,24271,22942,0,4
17044,24272,22943,0,1
17045,24274,22945,0,3
17046,24275,22946,0,3
17047,24276,22947,0,2
17048,24279,22949,0,4
17049,24280,22950,0,3
17050,24281,22951,0,4
17051,24282,22951,0,4
17052,24283,22952,0,5
17053,24284,22953,0,1
17054,24286,22955,0,2
17055,24287,22956,0,2
17056,24288,22957,0,4
17057,24289,22958,0,2
17058,24290,22959,0,4
17059,24291,22960,0,2
17060,24292,22961,0,3
17061,24293,22962,0,3
17062,24294,22963,0,1
17063,24295,22964,0,5
17064,24296,22965,0,1
17065,24297,22966,1,2
17066,24298,22967,0,2
17067,24300,22969,0,1
17068,24301,22970,0,5
17069,24302,22971,0,1
17070,24303,22970,0,5
17071,24304,22972,0,4
17072,24305,22973,0,2
17073,24306,22974,0,5
17074,24307,22975,0,2
17075,24308,22976,0,2
17076,24309,22977,0,5
17077,24313,22981,0,3
17078,24314,22982,0,4
17079,24315,22983,0,5
17080,24316,22984,0,3
17081,24317,22830,0,4
17082,24320,22987,0,3
17083,24321,22988,0,5
17084,24322,22989,0,1
17085,24324,22991,0,1
17086,24325,22992,0,1
17087,24326,22993,0,4
17088,24327,22994,1,3
17089,24328,22995,0,4
17090,24330,22997,0,4
17091,24332,22999,0,3
17092,24333,23000,0,3
17093,24334,23001,0,1
17094,24335,23002,0,5
17095,24337,23004,0,2
17096,24338,23005,0,1
17097,24339,23006,0,1
17098,24340,23007,0,3
17099,24341,23008,0,1
17100,24342,23009,0,5
17101,24344,23011,0,4
17102,24345,23012,0,1
17103,24346,23013,0,3
17104,24347,23014,0,3
17105,24348,23015,0,3
17106,24349,23016,0,2
17107,24350,23017,0,2
17108,24354,23021,0,2
17109,24356,23021,0,2
17110,24357,23023,0,4
17111,24358,23024,0,4
17112,24359,23025,0,5
17113,24360,23026,0,4
17114,24361,23027,0,2
17115,24362,23028,0,5
17116,24363,23029,0,3
17117,24365,22997,0,4
17118,24366,23031,0,1
17119,24368,23033,0,1
17120,24369,23034,0,2
17121,24370,23035,0,3
17122,24371,23036,0,4
17123,24373,23038,0,4
17124,24374,23039,0,3
17125,24375,23040,0,1
17126,24378,23043,0,5
17127,24379,23044,1,5
17128,24380,23045,0,4
17129,24381,23046,0,3
17130,24383,23048,0,1
17131,24384,23049,0,3
17132,24386,23051,0,3
17133,24387,23052,0,5
17134,24388,23053,0,3
17135,24389,23054,0,2
17136,24390,23055,0,5
17137,24391,23056,0,2
17138,24394,23059,0,3
17139,24395,23060,0,2
17140,24396,23061,0,2
17141,24397,23062,0,4
17142,24398,23063,0,4
17143,24399,23064,0,5
17144,24400,23065,1,1
17145,24401,22950,0,3
17146,24403,23055,0,5
17147,24404,23067,0,5
17148,24406,23069,0,5
17149,24409,23072,0,5
17150,24411,23074,0,4
17151,24412,23075,0,5
17152,24414,23077,0,1
17153,24415,23078,0,1
17154,24416,23079,0,5
17155,24417,23080,0,3
17156,24418,23081,0,2
17157,24419,23082,0,2
17158,24420,23083,0,2
17159,24421,23084,0,2
17160,24423,23086,0,3
17161,24424,23087,0,3
17162,24425,23088,0,1
17163,24426,23089,0,5
17164,24427,23090,0,2
17165,24428,23091,0,2
17166,24430,23093,0,1
17167,24432,22895,0,4
17168,24433,23095,0,5
17169,24436,23098,0,5
17170,24437,23099,0,2
17171,24439,23101,0,5
17172,24440,23102,0,4
17173,24441,23103,0,3
17174,24442,23104,0,1
17175,24443,23105,0,1
17176,24444,23106,0,3
17177,24445,23107,0,4
17178,24446,23107,0,4
17179,24447,22849,0,1
17180,24448,23108,0,3
17181,24449,23109,0,5
17182,24450,23110,0,5
17183,24452,23112,0,3
17184,24453,23113,0,1
17185,24455,23115,0,3
17186,24457,23116,0,4
17187,24458,23117,0,5
17188,24459,23118,0,5
17189,24461,23120,0,5
17190,24462,23121,0,4
17191,24463,23122,0,2
17192,24467,23126,0,3
17193,24469,23127,1,3
17194,24470,23128,0,4
17195,24471,23129,0,1
17196,24472,23130,0,3
17197,24474,23132,0,4
17198,24475,23133,0,2
17199,24476,23134,0,2
17200,24477,23135,0,2
17201,24480,23138,0,1
17202,24481,23139,0,4
17203,24482,23140,0,1
17204,24483,23141,0,5
17205,24485,23143,0,1
17206,24486,23144,0,5
17207,24489,23147,0,2
17208,24490,23148,0,2
17209,24491,23149,0,1
17210,24492,23150,0,5
17211,24493,23151,0,4
17212,24495,23153,0,5
17213,24496,23154,0,2
17214,24497,23155,0,5
17215,24498,23156,0,3
17216,24499,23157,0,4
17217,24500,23158,0,3
17218,24503,23161,0,2
17219,24504,22930,0,2
17220,24505,23162,0,3
17221,24506,23163,0,3
17222,24509,23166,0,2
17223,24510,23167,0,4
17224,24511,23168,0,3
17225,24514,23171,0,1
17226,24515,23172,0,2
17227,24516,23173,0,2
17228,24517,23174,0,3
17229,24518,23175,0,2
17230,24519,23176,0,3
17231,24520,23177,0,4
17232,24521,23178,0,4
17233,24522,23179,0,3
17234,24523,23180,0,2
17235,24525,23182,0,3
17236,24526,23183,0,2
17237,24527,23184,0,1
17238,24528,23185,0,4
17239,24529,23186,0,4
17240,24531,23188,0,2
17241,24532,23189,0,3
17242,24533,23190,0,3
17243,24534,23191,0,4
17244,24535,22973,0,2
17245,24536,23192,0,5
17246,24537,23193,0,1
17247,24538,23194,0,4
17248,24539,23195,0,2
17249,24540,23196,0,2
17250,24543,23199,0,4
17251,24544,23200,0,3
17252,24545,23201,0,3
17253,24546,22940,0,5
17254,24547,23202,0,3
17255,24548,23203,0,4
17256,24549,23204,0,4
17257,24550,23205,1,5
17258,24552,23207,0,4
17259,24554,23209,0,1
17260,24555,23210,0,4
17261,24556,23211,0,4
17262,24558,23213,0,1
17263,24559,23214,0,2
17264,24560,23215,0,3
17265,24563,23218,0,3
17266,24567,23222,0,3
17267,24568,23223,0,5
17268,24570,23225,0,3
17269,24571,23226,0,1
17270,24572,23227,0,1
17271,24573,23228,0,1
17272,24574,23229,0,4
17273,24576,23231,0,1
17274,24578,23233,0,4
17275,24580,23235,0,3
17276,24581,23236,0,3
17277,24582,23237,0,3
17278,24583,23238,1,3
17279,24584,23239,0,3
17280,24585,23240,0,5
17281,24586,23241,0,4
17282,24587,23237,0,3
17283,24588,23242,0,4
17284,24589,23243,0,2
17285,24590,23244,0,2
17286,24591,23245,0,2
17287,24593,23247,0,3
17288,24595,23249,0,1
17289,24598,23252,0,1
17290,24599,23253,0,2
17291,24600,23254,0,5
17292,24603,23257,0,5
17293,24604,23258,0,3
17294,24605,23259,0,5
17295,24606,23260,0,5
17296,24607,23261,0,1
17297,24608,23262,0,5
17298,24609,23263,0,3
17299,24610,23264,0,5
17300,24611,23265,0,1
17301,24612,23266,0,4
17302,24614,23268,0,4
17303,24615,23269,0,2
17304,24616,23270,0,5
17305,24617,23271,0,1
17306,24619,23273,0,2
17307,24623,23277,0,2
17308,24624,23278,0,1
17309,24625,23279,0,1
17310,24626,23280,0,4
17311,24627,23281,0,1
17312,24628,23282,0,5
17313,24629,23283,0,2
17314,24631,23285,0,2
17315,24632,23286,0,1
17316,24633,23287,0,1
17317,24634,23288,0,4
17318,24635,23289,0,3
17319,24636,23290,0,1
17320,24637,23291,0,5
17321,24639,23293,0,2
17322,24640,23294,0,1
17323,24641,23295,0,2
17324,24642,23296,0,4
17325,24643,23297,0,5
17326,24644,23298,1,4
17327,24645,23299,0,5
17328,24647,23301,0,1
17329,24648,23302,0,3
17330,24649,23303,0,1
17331,24650,23304,0,4
17332,24651,23305,0,5
17333,24652,23306,0,2
17334,24653,23307,0,4
17335,24654,23308,0,2
17336,24655,23309,0,1
17337,24656,23310,0,5
17338,24657,23311,0,3
17339,24661,23315,0,5
17340,24662,23316,0,1
17341,24664,23317,0,4
17342,24667,23320,0,5
17343,24672,23325,0,1
17344,24673,23326,0,5
17345,24675,23120,0,5
17346,24676,23328,0,3
17347,24677,23329,0,2
17348,24680,23332,0,5
17349,24682,23334,0,3
17350,24683,23335,0,4
17351,24684,23336,0,2
17352,24686,23338,0,1
17353,24687,23339,0,4
17354,24688,23340,0,3
17355,24690,23342,0,1
17356,24691,23343,0,4
17357,24692,23343,0,4
17358,24693,23344,0,4
17359,24695,23342,0,1
17360,24696,23346,0,5
17361,24700,23350,0,5
17362,24702,23352,0,2
17363,24703,23353,0,3
17364,24704,23354,0,3
17365,24705,23355,1,3
17366,24708,23358,0,4
17367,24709,23359,0,2
17368,24711,23361,0,1
17369,24712,23362,0,1
17370,24713,23363,0,1
17371,24716,23366,0,5
17372,24717,23367,0,2
17373,24718,23368,0,4
17374,24719,23369,0,2
17375,24720,23370,0,5
17376,24721,23371,0,2
17377,24723,23373,1,5
17378,24724,23374,0,4
17379,24725,23375,0,2
17380,24726,23376,0,4
17381,24729,23378,0,1
17382,24731,23380,0,4
17383,24732,23381,0,4
17384,24733,23382,0,5
17385,24734,23383,0,2
17386,24735,23384,0,2
17387,24736,23385,0,2
17388,24737,23386,1,5
17389,24738,23387,0,5
17390,24740,23389,0,4
17391,24741,23390,0,4
17392,24742,23391,0,4
17393,24743,23392,0,2
17394,24744,23393,0,2
17395,24745,23392,0,2
17396,24746,23394,0,1
17397,24748,23396,0,1
17398,24749,23397,0,3
17399,24751,23399,0,1
17400,24752,23400,0,5
17401,24755,23403,0,1
17402,24756,23404,0,2
17403,24758,23406,0,5
17404,24759,23407,0,5
17405,24760,23408,0,1
17406,24762,23410,0,5
17407,24765,23413,0,3
17408,24766,23414,0,1
17409,24767,23415,0,1
17410,24768,23416,0,1
17411,24769,23417,0,1
17412,24770,23418,0,5
17413,24771,23419,0,5
17414,24772,23420,0,4
17415,24773,23421,0,1
17416,24774,23422,0,1
17417,24775,23423,0,5
17418,24776,23421,0,1
17419,24778,23425,1,3
17420,24779,23426,0,2
17421,24780,23427,0,1
17422,24782,23429,0,1
17423,24783,23430,0,2
17424,24784,23431,0,3
17425,24785,23432,0,4
17426,24786,23433,0,3
17427,24788,23435,1,2
17428,24789,23436,0,5
17429,24792,23438,1,1
17430,24795,23441,0,5
17431,24797,23443,0,5
17432,24798,23444,0,3
17433,24799,23445,0,4
17434,24800,23446,0,2
17435,24801,23447,0,1
17436,24802,23448,0,5
17437,24803,23449,0,5
17438,24805,23451,0,3
17439,24806,23452,0,3
17440,24807,23453,0,2
17441,24808,23454,0,1
17442,24810,23456,0,4
17443,24811,23457,0,3
17444,24812,23458,0,2
17445,24813,23459,0,3
17446,24814,23460,0,2
17447,24815,23461,0,5
17448,24816,23462,0,3
17449,24817,23463,0,2
17450,24818,23464,0,5
17451,24822,23468,0,4
17452,24823,23469,0,4
17453,24825,23471,0,1
17454,24826,23472,0,1
17455,24827,23473,0,4
17456,24828,23474,0,5
17457,24831,23477,0,1
17458,24832,23478,0,4
17459,24835,23480,0,2
17460,24836,23481,0,3
17461,24838,23483,0,2
17462,24840,23485,0,3
17463,24841,23486,0,2
17464,24843,23488,0,3
17465,24844,23489,0,4
17466,24846,23491,0,5
17467,24850,23495,0,1
17468,24851,23496,0,1
17469,24852,23462,0,3
17470,24853,23497,0,4
17471,24854,23498,0,1
17472,24855,23499,0,1
17473,24856,23500,0,5
17474,24857,23501,0,4
17475,24858,23502,0,4
17476,24860,23501,0,4
17477,24861,23504,0,5
17478,24862,23457,0,3
17479,24865,23507,0,4
17480,24866,23508,0,5
17481,24867,23509,0,4
17482,24868,23510,0,3
17483,24869,23511,0,1
17484,24870,23512,0,4
17485,24871,23513,0,4
17486,24872,23514,0,2
17487,24873,23515,0,5
17488,24874,23516,0,4
17489,24875,23517,0,2
17490,24876,23518,0,4
17491,24878,23520,0,1
17492,24879,23521,0,2
17493,24880,23522,0,1
17494,24881,23523,0,1
17495,24882,23524,0,5
17496,24883,23525,0,4
17497,24884,23526,0,2
17498,24885,23527,0,1
17499,24886,23528,0,3
17500,24889,23531,0,3
17501,24891,23533,0,5
17502,24892,23534,0,3
17503,24897,23538,0,5
17504,24898,23539,0,5
17505,24899,23469,0,4
17506,24900,23540,0,3
17507,24903,23543,0,2
17508,24907,23547,0,5
17509,24908,23548,0,2
17510,24909,23549,0,4
17511,24910,23550,0,3
17512,24913,23553,0,2
17513,24914,23554,0,5
17514,24915,23555,0,5
17515,24916,23556,0,2
17516,24917,23557,0,1
17517,24918,23558,0,3
17518,24919,23559,0,2
17519,24920,23554,0,5
17520,24921,23560,0,4
17521,24922,23561,0,2
17522,24923,23562,0,3
17523,24924,23563,0,3
17524,24925,23564,0,4
17525,24926,23565,0,4
17526,24927,23566,0,2
17527,24928,23563,1,3
17528,24929,23435,0,2
17529,24931,23568,0,1
17530,24932,23569,0,4
17531,24933,23570,0,3
17532,24935,23572,0,4
17533,24937,23573,0,5
17534,24938,23573,1,5
17535,24940,23575,0,5
17536,24941,23576,0,4
17537,24942,23577,0,3
17538,24944,23579,1,1
17539,24946,23581,0,4
17540,24948,23583,0,2
17541,24955,23590,0,2
17542,24956,23591,0,5
17543,24958,23593,0,5
17544,24961,23596,0,5
17545,24962,23597,0,5
17546,24963,23598,0,3
17547,24965,23599,0,1
17548,24967,23601,0,3
17549,24968,23602,0,2
17550,24971,23605,0,3
17551,24972,23606,0,3
17552,24974,23608,0,5
17553,24975,23609,0,1
17554,24977,23611,0,1
17555,24978,23612,0,2
17556,24981,23615,0,5
17557,24985,23618,1,4
17558,24986,23619,0,5
17559,24988,23621,0,1
17560,24992,23625,0,4
17561,24994,23627,0,5
17562,24998,23631,0,4
17563,24999,23632,0,3
17564,25001,23634,0,1
17565,25002,23635,0,5
17566,25004,23637,0,1
17567,25005,23638,0,1
17568,25007,23640,0,3
17569,25009,23642,0,1
17570,25010,23643,0,4
17571,25011,23644,0,5
17572,25012,23645,0,1
17573,25013,23646,0,2
17574,25014,23647,0,3
17575,25015,23648,0,1
17576,25016,23649,0,3
17577,25017,23650,0,1
17578,25018,23651,0,5
17579,25019,23652,0,2
17580,25021,23654,0,1
17581,25022,23655,0,3
17582,25024,23657,0,4
17583,25025,23658,0,5
17584,25027,23660,0,2
17585,25028,23661,0,2
17586,25029,23662,0,3
17587,25030,23663,0,2
17588,25031,23664,0,3
17589,25032,23665,0,1
17590,25033,23666,0,1
17591,25035,23668,0,3
17592,25036,23669,0,3
17593,25038,23671,0,1
17594,25039,23672,0,2
17595,25040,23673,0,3
17596,25041,23674,0,3
17597,25042,23675,0,5
17598,25043,23676,0,5
17599,25044,23677,0,1
17600,25045,23678,0,4
17601,25046,23679,0,5
17602,25047,23680,0,2
17603,25048,23681,0,4
17604,25049,23682,0,2
17605,25050,23683,0,5
17606,25051,23684,0,5
17607,25054,23687,0,4
17608,25055,23688,0,2
17609,25056,23689,0,2
17610,25057,23690,0,3
17611,25058,23691,0,3
17612,25059,23692,0,2
17613,25061,23694,0,4
17614,25062,23695,0,4
17615,25064,23697,0,1
17616,25065,23698,0,5
17617,25068,23700,0,3
17618,25069,23701,0,5
17619,25070,23702,0,2
17620,25071,23703,0,2
17621,25074,23706,0,5
17622,25077,23709,0,1
17623,25078,23710,0,3
17624,25079,23711,0,2
17625,25081,23710,0,3
17626,25082,23713,0,4
17627,25083,23714,0,5
17628,25084,23715,0,3
17629,25085,23646,0,2
17630,25086,23716,0,4
17631,25088,23718,0,3
17632,25090,23720,0,4
17633,25092,23722,0,5
17634,25093,23723,0,2
17635,25096,23726,0,4
17636,25098,23728,0,4
17637,25099,23729,0,1
17638,25100,23730,0,3
17639,25102,23732,0,2
17640,25104,23734,0,4
17641,25105,23735,0,5
17642,25108,23736,0,2
17643,25109,23737,0,1
17644,25110,23572,0,4
17645,25111,23738,0,2
17646,25113,23572,0,4
17647,25114,23740,0,3
17648,25115,23741,0,2
17649,25116,23742,0,2
17650,25117,23743,0,4
17651,25118,23744,0,1
17652,25119,23745,0,2
17653,25120,23746,0,4
17654,25121,23747,0,1
17655,25122,23748,0,3
17656,25123,23749,0,2
17657,25126,23752,0,2
17658,25128,23754,0,2
17659,25131,23757,0,5
17660,25132,23758,0,5
17661,25134,23760,0,2
17662,25135,23761,0,3
17663,25136,23762,0,1
17664,25138,23764,0,3
17665,25139,23765,0,2
17666,25140,23766,0,5
17667,25141,23767,0,5
17668,25142,23768,0,4
17669,25143,23769,0,3
17670,25144,23770,0,1
17671,25145,23771,0,1
17672,25146,23772,0,1
17673,25148,23774,0,3
17674,25149,23775,0,3
17675,25150,23776,0,1
17676,25151,23776,0,1
17677,25152,23777,0,5
17678,25153,23778,0,4
17679,25155,23780,0,2
17680,25156,23781,0,2
17681,25157,23782,0,1
17682,25159,23784,0,1
17683,25163,23788,0,4
17684,25164,23789,0,5
17685,25166,23791,0,2
17686,25167,23792,0,4
17687,25168,23793,0,2
17688,25170,23795,0,1
17689,25171,23796,0,1
17690,25172,23797,0,1
17691,25174,23799,0,5
17692,25175,23800,0,3
17693,25176,23801,0,1
17694,25177,23802,0,4
17695,25178,23803,0,1
17696,25179,23804,0,1
17697,25180,23488,0,3
17698,25181,23805,0,5
17699,25182,23806,0,5
17700,25184,23808,0,1
17701,25186,23810,0,2
17702,25187,23811,0,5
17703,25188,23812,0,5
17704,25189,23813,0,5
17705,25191,23815,0,3
17706,25192,23816,0,5
17707,25197,23820,0,3
17708,25199,23822,0,1
17709,25201,23823,0,2
17710,25202,23824,0,3
17711,25204,23826,0,3
17712,25205,23827,0,3
17713,25206,23828,0,3
17714,25207,23829,0,2
17715,25208,23830,0,1
17716,25210,23832,0,4
17717,25211,23833,0,3
17718,25212,23834,0,2
17719,25213,23835,0,4
17720,25215,23837,0,2
17721,25218,23839,0,3
17722,25219,23840,0,3
17723,25220,23841,0,4
17724,25221,23842,0,5
17725,25222,23843,0,3
17726,25223,23844,0,3
17727,25226,23846,0,5
17728,25227,23847,0,5
17729,25229,23849,0,2
17730,25230,23850,0,5
17731,25231,23851,0,1
17732,25232,23852,0,3
17733,25233,23853,0,2
17734,25234,23799,0,5
17735,25237,23855,0,3
17736,25239,23857,1,3
17737,25241,23859,0,2
17738,25242,23860,0,2
17739,25244,23862,0,3
17740,25248,23866,0,5
17741,25249,23867,0,2
17742,25250,23868,0,2
17743,25252,23869,0,5
17744,25253,23870,0,1
17745,25254,23871,0,5
17746,25255,23872,0,4
17747,25259,23876,0,1
17748,25261,23878,0,2
17749,25262,23879,0,1
17750,25265,23882,0,5
17751,25266,23883,0,2
17752,25267,23884,0,2
17753,25268,23885,0,1
17754,25269,23886,0,1
17755,25270,23887,0,4
17756,25271,23888,0,5
17757,25272,23889,0,4
17758,25273,23890,0,3
17759,25274,23891,0,4
17760,25275,23892,0,1
17761,25276,23893,0,2
17762,25277,23894,0,4
17763,25278,23895,0,3
17764,25279,23896,0,2
17765,25280,23897,0,3
17766,25281,23898,0,1
17767,25282,23899,0,5
17768,25283,23900,0,2
17769,25284,23901,0,3
17770,25285,23902,0,5
17771,25286,23903,0,5
17772,25287,23904,0,2
17773,25288,23902,0,5
17774,25289,23905,0,2
17775,25290,23906,0,5
17776,25293,23909,0,2
17777,25294,23910,0,5
17778,25296,23912,0,1
17779,25297,23913,0,4
17780,25298,23914,0,4
17781,25299,23915,0,3
17782,25300,23916,0,5
17783,25301,23917,1,4
17784,25304,23920,0,5
17785,25305,23921,0,4
17786,25306,23922,0,2
17787,25309,23925,0,5
17788,25310,23926,0,1
17789,25313,23929,0,5
17790,25314,23930,1,2
17791,25315,23931,0,1
17792,25318,23934,0,1
17793,25319,23935,0,1
17794,25320,23936,0,2
17795,25321,23937,0,3
17796,25322,23938,0,5
17797,25323,23939,0,4
17798,25324,23663,0,2
17799,25325,23940,0,3
17800,25326,23941,0,5
17801,25327,23942,0,2
17802,25330,23945,0,4
17803,25332,23947,0,3
17804,25333,23948,0,2
17805,25334,23662,0,3
17806,25336,23950,0,5
17807,25337,23951,0,1
17808,25338,23952,0,2
17809,25339,23953,0,3
17810,25341,23955,0,5
17811,25342,23956,0,5
17812,25344,23958,0,3
17813,25345,23959,0,3
17814,25346,23960,0,1
17815,25348,23962,0,1
17816,25353,23967,0,5
17817,25355,23969,0,4
17818,25356,23970,0,5
17819,25357,23971,0,2
17820,25360,23974,0,5
17821,25361,23975,0,3
17822,25363,23977,0,3
17823,25364,23978,0,2
17824,25366,23974,0,5
17825,25367,23980,0,2
17826,25371,23984,0,2
17827,25372,23985,0,1
17828,25373,23986,0,1
17829,25374,23987,0,3
17830,25375,23988,0,4
17831,25377,23990,0,3
17832,25378,23991,0,2
17833,25379,23992,0,2
17834,25380,23993,0,2
17835,25381,23994,0,5
17836,25382,23995,0,3
17837,25384,23995,0,3
17838,25387,23999,0,1
17839,25388,24000,0,5
17840,25389,24001,0,4
17841,25391,24003,0,5
17842,25393,24005,0,2
17843,25395,24007,0,2
17844,25396,24008,0,5
17845,25397,24009,0,5
17846,25399,24008,0,5
17847,25400,24011,0,4
17848,25401,24012,0,4
17849,25402,24013,0,3
17850,25404,24015,0,3
17851,25405,24016,0,2
17852,25406,24017,0,1
17853,25407,24018,0,2
17854,25408,24019,1,4
17855,25409,24020,0,4
17856,25410,24021,0,5
17857,25411,24022,0,5
17858,25414,24024,0,3
17859,25417,24027,0,5
17860,25418,24028,0,1
17861,25423,24033,0,2
17862,25424,24034,0,4
17863,25426,24036,0,4
17864,25427,24037,0,4
17865,25428,24038,0,3
17866,25429,24039,0,1
17867,25430,24040,0,5
17868,25431,24041,0,4
17869,25432,24042,0,1
17870,25433,24042,0,1
17871,25435,24044,0,1
17872,25438,24047,0,4
17873,25441,24050,0,1
17874,25442,24051,0,1
17875,25445,24054,0,4
17876,25447,24056,1,1
17877,25449,24058,1,1
17878,25450,24059,0,1
17879,25452,24061,0,5
17880,25456,24064,0,4
17881,25457,24065,0,3
17882,25460,24068,0,1
17883,25461,24069,0,5
17884,25462,24070,0,2
17885,25464,24072,0,2
17886,25465,24073,0,3
17887,25466,24074,0,1
17888,25467,24075,0,5
17889,25468,24074,0,1
17890,25469,24076,0,1
17891,25470,24077,0,1
17892,25471,24078,0,3
17893,25472,24079,0,1
17894,25473,24080,0,3
17895,25474,24081,0,2
17896,25475,24082,0,4
17897,25476,24075,0,5
17898,25477,24083,0,4
17899,25478,24080,0,3
17900,25479,24084,0,3
17901,25480,24085,0,2
17902,25481,24086,0,1
17903,25482,24087,0,5
17904,25484,24089,0,5
17905,25486,24091,0,5
17906,25487,24092,0,4
17907,25488,24093,0,4
17908,25489,24094,0,5
17909,25490,24095,0,4
17910,25491,24096,0,3
17911,25492,24097,0,4
17912,25493,24098,0,5
17913,25494,24099,0,3
17914,25495,24100,0,4
17915,25498,24103,0,5
17916,25499,24104,0,3
17917,25500,24105,0,2
17918,25501,24106,0,1
17919,25503,24108,0,2
17920,25504,24109,0,3
17921,25505,24110,0,2
17922,25507,24112,0,5
17923,25510,24114,0,5
17924,25511,24115,0,4
17925,25512,24116,0,1
17926,25513,24117,0,3
17927,25514,24118,0,5
17928,25515,24119,0,2
17929,25517,24121,0,3
17930,25518,24122,0,4
17931,25519,24123,1,4
17932,25520,24124,0,5
17933,25524,24128,0,4
17934,25525,24129,0,2
17935,25526,24130,0,5
17936,25527,24131,1,5
17937,25529,24116,1,1
17938,25530,24132,0,3
17939,25531,24133,0,3
17940,25532,24134,0,2
17941,25533,24135,0,1
17942,25534,24136,0,5
17943,25535,24137,0,5
17944,25536,24138,0,1
17945,25537,24139,0,2
17946,25538,24132,0,3
17947,25539,24140,0,3
17948,25540,24141,0,2
17949,25541,24142,0,3
17950,25542,24143,0,1
17951,25543,24144,0,2
17952,25544,24145,0,3
17953,25545,24146,0,3
17954,25546,24147,0,1
17955,25547,24148,0,4
17956,25549,24150,0,2
17957,25550,24151,0,4
17958,25551,24152,0,3
17959,25552,24153,0,1
17960,25553,24154,0,3
17961,25554,24155,0,5
17962,25555,24156,0,3
17963,25556,24153,0,1
17964,25558,24157,0,1
17965,25559,24158,0,3
17966,25560,24159,0,4
17967,25561,24160,0,1
17968,25562,24161,0,1
17969,25563,24162,0,2
17970,25564,24162,0,2
17971,25565,24163,0,3
17972,25566,24164,1,2
17973,25567,24165,1,4
17974,25568,24166,0,4
17975,25569,24167,0,1
17976,25570,24168,0,2
17977,25571,24169,0,2
17978,25573,24162,0,2
17979,25574,24171,0,1
17980,25575,24172,1,1
17981,25576,24173,0,5
17982,25577,24174,0,5
17983,25578,24175,0,4
17984,25580,24177,0,2
17985,25582,24179,0,1
17986,25583,24180,0,3
17987,25584,24181,0,2
17988,25586,24183,0,5
17989,25587,24184,0,1
17990,25588,24185,0,4
17991,25589,24186,0,2
17992,25590,24187,0,5
17993,25592,24189,0,3
17994,25595,24191,0,3
17995,25598,24194,0,5
17996,25599,24195,0,4
17997,25602,24198,0,1
17998,25603,24199,0,4
17999,25604,24200,1,1
18000,25606,24202,0,4
18001,25607,24203,0,3
18002,25608,24204,0,1
18003,25609,24205,0,4
18004,25611,24207,0,2
18005,25612,24208,0,5
18006,25613,24209,0,2
18007,25614,24210,0,1
18008,25616,24212,0,4
18009,25617,24213,0,4
18010,25618,24214,0,4
18011,25623,24218,0,2
18012,25625,24219,0,3
18013,25626,24220,0,3
18014,25628,24222,0,1
18015,25629,24223,0,4
18016,25630,24224,0,4
18017,25632,24226,0,3
18018,25633,24227,0,3
18019,25634,24228,0,1
18020,25636,24198,1,1
18021,25637,24230,1,3
18022,25640,24233,0,2
18023,25641,24234,0,2
18024,25643,24236,0,4
18025,25646,24239,0,1
18026,25647,24240,0,3
18027,25649,24241,0,1
18028,25652,24243,0,4
18029,25654,24245,1,4
18030,25655,24246,0,1
18031,25658,24248,0,4
18032,25661,24250,0,5
18033,25662,24251,0,5
18034,25663,24252,0,3
18035,25664,24240,0,3
18036,25666,24254,0,3
18037,25670,24258,0,4
18038,25671,24259,0,1
18039,25672,24260,0,1
18040,25673,24261,1,1
18041,25676,24264,0,1
18042,25677,24265,0,3
18043,25678,24266,0,3
18044,25682,24270,0,3
18045,25684,24271,0,1
18046,25685,24272,0,3
18047,25686,24273,1,3
18048,25687,24274,0,4
18049,25688,24275,0,3
18050,25690,24148,0,4
18051,25693,24279,0,4
18052,25695,24280,0,5
18053,25698,24283,0,4
18054,25699,24284,0,5
18055,25700,24285,0,1
18056,25701,24286,0,2
18057,25702,24285,0,1
18058,25703,24287,0,5
18059,25705,24289,0,5
18060,25707,24291,0,1
18061,25708,24292,0,3
18062,25709,24293,0,3
18063,25711,24295,0,2
18064,25713,24297,0,2
18065,25714,24298,1,4
18066,25716,24300,0,4
18067,25717,24301,1,4
18068,25718,24302,0,2
18069,25721,24285,1,1
18070,25722,24305,0,5
18071,25723,24306,0,5
18072,25724,24285,1,1
18073,25726,24308,0,3
18074,25727,24309,0,4
18075,25728,24310,0,3
18076,25729,24311,0,5
18077,25730,24312,0,4
18078,25731,24042,1,1
18079,25733,24314,0,1
18080,25735,24316,0,3
18081,25736,24317,0,1
18082,25737,24318,0,5
18083,25738,24319,0,3
18084,25739,24320,0,4
18085,25740,24321,0,1
18086,25741,24322,0,4
18087,25743,24324,0,2
18088,25746,24327,0,1
18089,25747,24328,0,1
18090,25748,24329,0,2
18091,25753,24334,0,3
18092,25754,24335,0,1
18093,25755,24336,0,4
18094,25756,24337,0,4
18095,25757,24338,0,3
18096,25758,24339,0,3
18097,25760,24341,0,5
18098,25761,24342,0,5
18099,25762,24343,0,5
18100,25764,24345,0,1
18101,25767,24348,0,4
18102,25772,24353,0,1
18103,25775,24356,0,1
18104,25776,24357,0,4
18105,25777,24358,0,2
18106,25778,24359,0,2
18107,25779,24360,0,3
18108,25780,24361,0,5
18109,25781,24362,0,4
18110,25782,24363,0,4
18111,25783,24364,0,5
18112,25784,24110,0,2
18113,25788,24368,0,3
18114,25789,24369,0,1
18115,25790,24370,0,5
18116,25791,24371,0,4
18117,25792,24372,0,4
18118,25794,24374,0,5
18119,25795,24375,0,3
18120,25799,24379,0,4
18121,25802,24382,0,5
18122,25803,24383,0,4
18123,25804,24384,0,5
18124,25805,24385,0,2
18125,25806,24386,0,2
18126,25807,24387,0,5
18127,25808,24387,0,5
18128,25809,24388,0,2
18129,25810,24389,0,2
18130,25811,24390,0,5
18131,25812,24379,0,4
18132,25813,24391,0,2
18133,25814,24392,0,1
18134,25815,24393,0,5
18135,25817,24395,0,2
18136,25818,24396,0,2
18137,25819,24397,0,5
18138,25823,24400,0,5
18139,25824,24401,0,5
18140,25827,24404,0,5
18141,25828,24405,0,3
18142,25829,24406,0,1
18143,25830,24407,0,5
18144,25831,24408,0,1
18145,25833,24410,0,3
18146,25835,24412,0,5
18147,25836,24413,0,1
18148,25837,24414,0,3
18149,25838,24415,0,4
18150,25840,24417,0,3
18151,25843,24279,0,4
18152,25845,24421,0,2
18153,25846,24422,0,2
18154,25847,24423,0,1
18155,25848,24421,0,2
18156,25849,24424,0,1
18157,25850,24425,0,3
18158,25851,24426,0,2
18159,25852,24427,0,3
18160,25853,24428,1,1
18161,25856,24431,0,1
18162,25857,24432,0,2
18163,25858,24433,0,5
18164,25859,24434,0,1
18165,25863,24033,0,2
18166,25865,24439,0,5
18167,25866,24440,0,1
18168,25867,24441,0,3
18169,25868,24442,0,4
18170,25869,24443,0,4
18171,25871,24445,0,4
18172,25872,24446,0,4
18173,25873,24447,0,3
18174,25874,24448,0,3
18175,25875,24449,0,2
18176,25876,24450,0,2
18177,25877,24451,0,3
18178,25878,24054,0,4
18179,25879,24452,0,4
18180,25883,24455,0,2
18181,25884,24456,0,2
18182,25885,24457,0,1
18183,25886,24458,0,4
18184,25888,24460,0,4
18185,25890,24462,0,1
18186,25891,24463,0,1
18187,25893,24465,0,2
18188,25896,24468,0,3
18189,25897,24469,0,4
18190,25898,24397,0,5
18191,25899,24470,0,2
18192,25901,24472,0,5
18193,25902,24473,0,5
18194,25905,24476,0,5
18195,25908,24298,1,4
18196,25909,24479,0,3
18197,25910,24480,0,5
18198,25911,24481,0,4
18199,25912,24482,0,5
18200,25914,24484,0,4
18201,25916,24486,0,1
18202,25917,24487,0,4
18203,25918,24488,0,4
18204,25919,24481,0,4
18205,25920,24489,0,5
18206,25922,24491,0,3
18207,25924,24493,0,2
18208,25925,24494,0,4
18209,25927,24496,0,2
18210,25928,24497,0,3
18211,25929,24291,0,1
18212,25930,24498,0,1
18213,25932,24500,0,5
18214,25933,24501,0,2
18215,25934,24502,0,5
18216,25935,24503,0,3
18217,25937,24505,0,4
18218,25939,24507,0,3
18219,25941,24509,1,2
18220,25942,24510,0,4
18221,25943,24511,0,5
18222,25944,24512,0,2
18223,25945,24513,0,2
18224,25946,24514,0,2
18225,25948,24515,0,4
18226,25949,24516,0,4
18227,25951,24517,0,5
18228,25953,24518,0,5
18229,25954,24519,0,3
18230,25955,24520,0,3
18231,25956,24521,0,5
18232,25958,24318,0,5
18233,25960,24524,1,1
18234,25961,24525,0,5
18235,25962,24526,1,3
18236,25963,24527,0,2
18237,25964,24528,0,4
18238,25965,24529,0,5
18239,25966,24530,0,3
18240,25967,24531,0,1
18241,25968,24532,0,4
18242,25969,24533,0,4
18243,25971,24535,0,4
18244,25972,24536,0,4
18245,25973,24537,0,5
18246,25974,24538,0,1
18247,25977,24541,0,5
18248,25979,24543,0,3
18249,25980,24544,0,4
18250,25981,24545,1,5
18251,25983,24547,0,4
18252,25985,24549,0,3
18253,25987,24550,0,3
18254,25988,24551,0,4
18255,25991,24554,0,3
18256,25992,24555,0,5
18257,25993,24556,0,2
18258,25994,24557,1,5
18259,25995,24558,0,2
18260,25996,24559,0,3
18261,25997,24560,0,2
18262,25999,24561,0,1
18263,26000,24562,0,2
18264,26001,24563,0,1
18265,26002,24564,0,2
18266,26003,24565,0,2
18267,26004,24566,0,5
18268,26006,24568,0,5
18269,26007,24569,0,4
18270,26008,24570,0,2
18271,26010,24572,0,2
18272,26011,24573,0,3
18273,26013,24575,0,5
18274,26015,24576,0,1
18275,26016,24577,1,2
18276,26018,24579,0,2
18277,26019,24580,0,4
18278,26020,24581,0,3
18279,26023,24584,0,5
18280,26024,24585,0,1
18281,26025,24586,0,1
18282,26027,24588,0,5
18283,26028,24589,0,4
18284,26029,24590,1,4
18285,26031,24592,0,3
18286,26035,24596,0,5
18287,26036,24597,0,4
18288,26038,24599,0,4
18289,26040,24601,0,5
18290,26041,24602,1,2
18291,26042,24603,0,4
18292,26044,24605,0,4
18293,26045,24606,0,5
18294,26046,24607,0,5
18295,26047,24608,1,1
18296,26048,24609,0,1
18297,26049,24610,0,1
18298,26050,24611,1,2
18299,26052,24613,0,3
18300,26053,24614,0,2
18301,26054,24615,0,2
18302,26055,24616,0,1
18303,26056,24617,0,2
18304,26057,24618,0,2
18305,26058,24619,0,5
18306,26061,24622,0,5
18307,26062,24623,0,5
18308,26065,24626,0,5
18309,26067,24628,0,4
18310,26070,24631,0,2
18311,26071,24632,0,5
18312,26072,24633,0,3
18313,26073,24634,0,4
18314,26074,24635,0,4
18315,26075,24636,0,5
18316,26078,24639,0,2
18317,26079,24640,0,4
18318,26080,24641,0,5
18319,26081,24642,0,5
18320,26083,24644,0,2
18321,26085,24646,0,1
18322,26086,24647,0,2
18323,26087,24648,0,1
18324,26088,24649,0,5
18325,26089,24650,0,2
18326,26090,24651,0,5
18327,26092,24653,0,3
18328,26093,24654,0,1
18329,26096,24657,0,3
18330,26098,24659,0,3
18331,26100,24661,0,4
18332,26102,24663,0,5
18333,26103,24664,0,2
18334,26104,24665,0,2
18335,26105,24666,0,4
18336,26106,24667,0,1
18337,26109,24669,0,1
18338,26111,24671,0,2
18339,26112,24672,0,4
18340,26113,24673,0,4
18341,26114,24674,0,4
18342,26115,24675,0,4
18343,26117,24677,0,3
18344,26118,24678,0,2
18345,26120,24680,0,2
18346,26121,24449,0,2
18347,26127,24686,0,1
18348,26129,24688,0,2
18349,26130,24689,0,3
18350,26131,24690,0,3
18351,26132,24691,0,4
18352,26133,24692,0,3
18353,26134,24693,0,1
18354,26135,24694,0,2
18355,26136,24695,0,3
18356,26137,24696,0,4
18357,26138,24697,0,3
18358,26139,24698,0,3
18359,26140,24699,0,5
18360,26142,24701,0,4
18361,26143,24702,0,1
18362,26144,24703,0,5
18363,26146,24705,0,4
18364,26147,24706,0,3
18365,26149,24708,0,1
18366,26150,24709,0,4
18367,26152,24711,0,1
18368,26155,24714,0,4
18369,26156,24715,0,1
18370,26158,24717,0,4
18371,26159,24718,0,1
18372,26161,24720,0,3
18373,26162,24721,0,2
18374,26164,24723,0,3
18375,26165,24614,0,2
18376,26166,24724,0,5
18377,26167,24725,0,2
18378,26168,24726,0,3
18379,26169,24727,0,5
18380,26173,24731,0,4
18381,26174,24732,0,5
18382,26175,24733,0,4
18383,26177,24734,0,5
18384,26179,24736,0,4
18385,26181,24738,0,3
18386,26182,24739,0,2
18387,26183,24740,0,5
18388,26184,24741,0,5
18389,26186,24743,0,3
18390,26187,24744,0,4
18391,26190,24747,0,3
18392,26191,24748,0,5
18393,26192,24749,0,4
18394,26193,24750,0,1
18395,26195,24752,0,4
18396,26197,24754,0,3
18397,26198,24755,0,1
18398,26199,24738,0,3
18399,26200,24756,0,4
18400,26201,24757,0,3
18401,26203,24758,0,4
18402,26204,24759,0,4
18403,26205,24760,0,2
18404,26206,24761,0,1
18405,26207,24762,0,4
18406,26208,24763,0,1
18407,26209,24764,0,1
18408,26210,24765,0,5
18409,26211,24766,0,3
18410,26212,24767,0,5
18411,26214,24769,0,2
18412,26215,24770,0,5
18413,26216,24771,0,5
18414,26218,24773,0,2
18415,26220,24775,0,5
18416,26221,24776,0,5
18417,26225,24780,0,3
18418,26228,24783,0,5
18419,26229,24784,0,2
18420,26230,24785,0,5
18421,26231,24738,0,3
18422,26232,24786,0,3
18423,26234,24788,0,5
18424,26236,24790,0,1
18425,26237,24791,0,3
18426,26238,24788,0,5
18427,26240,24788,0,5
18428,26241,24793,0,1
18429,26242,24794,0,2
18430,26244,24796,1,2
18431,26245,24797,0,4
18432,26246,24798,1,1
18433,26247,24799,0,5
18434,26248,24800,0,1
18435,26249,24801,0,4
18436,26251,24803,0,3
18437,26252,24804,0,1
18438,26253,24805,0,2
18439,26255,24807,0,1
18440,26257,24809,0,4
18441,26258,24810,0,3
18442,26259,24811,0,5
18443,26260,24812,0,5
18444,26261,24813,0,2
18445,26262,24814,0,1
18446,26263,24815,0,3
18447,26264,24816,0,1
18448,26266,24818,0,5
18449,26267,24819,0,3
18450,26268,24820,0,2
18451,26269,24821,0,2
18452,26270,24822,0,2
18453,26272,24824,0,5
18454,26273,24825,1,1
18455,26275,24827,0,5
18456,26276,24828,0,4
18457,26277,24829,0,4
18458,26278,24830,0,3
18459,26280,24828,0,4
18460,26281,24832,0,2
18461,26283,24819,0,3
18462,26284,24834,0,5
18463,26285,24835,0,3
18464,26286,24836,0,5
18465,26287,24837,0,1
18466,26289,24839,0,3
18467,26290,24840,0,5
18468,26291,24841,0,4
18469,26293,24842,0,4
18470,26294,24843,0,4
18471,26295,24844,0,1
18472,26297,24846,0,4
18473,26298,24847,0,4
18474,26300,24849,0,1
18475,26301,24850,0,2
18476,26302,24851,0,5
18477,26303,24852,0,4
18478,26304,24853,0,4
18479,26305,24854,0,3
18480,26306,24855,0,5
18481,26307,24853,0,4
18482,26308,24856,0,1
18483,26309,24857,0,5
18484,26310,24858,1,4
18485,26311,24859,0,2
18486,26313,24861,0,5
18487,26315,24863,0,1
18488,26316,24864,0,5
18489,26317,24865,1,1
18490,26319,24828,0,4
18491,26321,24868,0,2
18492,26323,24870,0,5
18493,26324,24871,1,4
18494,26325,24872,0,3
18495,26327,24874,0,2
18496,26328,24875,0,2
18497,26332,24879,0,1
18498,26334,24881,0,2
18499,26335,24882,0,1
18500,26336,24883,1,4
18501,26337,24884,0,5
18502,26338,24885,0,1
18503,26339,24886,0,2
18504,26340,24887,0,4
18505,26341,24888,0,1
18506,26343,24890,0,1
18507,26346,24893,0,3
18508,26349,24896,0,1
18509,26350,24897,0,2
18510,26351,24898,0,3
18511,26352,24899,0,4
18512,26353,24900,0,3
18513,26354,24901,0,3
18514,26356,24835,0,3
18515,26357,24903,0,3
18516,26358,24904,0,5
18517,26359,24901,1,3
18518,26360,24905,0,3
18519,26361,24906,0,2
18520,26362,24907,0,5
18521,26363,24908,1,5
18522,26364,24909,0,1
18523,26365,24910,0,5
18524,26366,24911,0,5
18525,26367,24912,0,5
18526,26369,24914,0,1
18527,26370,24915,0,3
18528,26373,24918,0,5
18529,26374,24919,0,5
18530,26378,24923,0,2
18531,26381,24925,0,5
18532,26382,24926,0,2
18533,26384,24928,0,3
18534,26385,24929,0,2
18535,26386,24930,0,1
18536,26387,24931,0,5
18537,26389,24933,0,1
18538,26392,24936,0,2
18539,26393,24937,0,4
18540,26394,24938,1,1
18541,26395,24939,0,2
18542,26397,24940,0,1
18543,26398,24941,1,5
18544,26399,24942,0,3
18545,26400,24835,0,3
18546,26401,24943,0,5
18547,26402,24944,0,4
18548,26403,24945,0,5
18549,26404,24946,0,3
18550,26406,24948,0,3
18551,26407,24949,0,3
18552,26409,24951,0,2
18553,26414,24956,0,3
18554,26416,24958,0,1
18555,26417,24959,0,5
18556,26418,24960,0,4
18557,26419,24961,0,4
18558,26422,24964,0,1
18559,26423,24965,0,5
18560,26424,24966,0,3
18561,26425,24967,0,2
18562,26427,24966,0,3
18563,26429,24970,0,1
18564,26430,24971,0,1
18565,26431,24972,0,5
18566,26432,24828,0,4
18567,26433,24973,0,3
18568,26435,24975,0,1
18569,26436,24976,0,5
18570,26437,24977,0,3
18571,26438,24978,0,2
18572,26442,24981,0,5
18573,26443,24961,0,4
18574,26445,24983,1,4
18575,26446,24984,0,2
18576,26447,24985,0,1
18577,26448,24986,0,3
18578,26449,24987,0,1
18579,26450,24988,0,4
18580,26451,24989,0,4
18581,26452,24990,0,1
18582,26453,24991,0,2
18583,26454,24992,0,1
18584,26457,24995,0,5
18585,26458,24996,0,2
18586,26459,24997,0,5
18587,26462,24899,0,4
18588,26463,25000,0,4
18589,26464,25001,0,1
18590,26468,25005,0,5
18591,26469,25006,0,1
18592,26470,25007,1,5
18593,26471,25008,0,2
18594,26473,25010,0,1
18595,26474,25011,0,3
18596,26477,25014,0,3
18597,26479,25016,0,2
18598,26481,25018,0,4
18599,26484,25020,0,2
18600,26485,25021,0,2
18601,26486,25022,0,5
18602,26490,24899,0,4
18603,26494,25028,0,1
18604,26496,25030,0,3
18605,26497,25031,0,2
18606,26501,25035,0,5
18607,26502,25036,0,2
18608,26504,25038,0,3
18609,26505,25039,0,3
18610,26508,25042,0,3
18611,26509,25043,0,4
18612,26512,25046,0,1
18613,26513,25047,0,2
18614,26516,25050,0,5
18615,26517,25051,0,5
18616,26518,25052,0,2
18617,26519,25053,0,4
18618,26520,25054,0,3
18619,26521,25055,0,5
18620,26522,25056,0,5
18621,26523,25057,1,4
18622,26526,25060,0,2
18623,26528,25061,0,4
18624,26531,25064,0,2
18625,26532,25065,0,1
18626,26534,25067,0,5
18627,26535,25068,0,5
18628,26536,25069,0,5
18629,26538,25071,1,3
18630,26539,25072,0,1
18631,26540,25073,0,4
18632,26542,25075,0,4
18633,26543,25076,0,2
18634,26544,25077,0,4
18635,26545,25078,0,1
18636,26546,25079,0,1
18637,26547,25080,0,4
18638,26548,25081,1,1
18639,26549,25082,0,3
18640,26550,25083,0,4
18641,26552,25085,0,1
18642,26553,25086,0,3
18643,26554,25087,0,2
18644,26555,25088,0,2
18645,26556,25089,0,1
18646,26557,25090,0,3
18647,26559,25092,0,1
18648,26560,25093,0,5
18649,26564,25097,0,3
18650,26565,25098,0,5
18651,26566,25099,0,1
18652,26567,24850,0,2
18653,26570,25101,0,3
18654,26571,25102,0,4
18655,26572,25103,0,3
18656,26573,25104,0,4
18657,26574,25105,0,1
18658,26575,25106,1,1
18659,26576,25107,0,2
18660,26578,25109,0,1
18661,26581,25112,0,5
18662,26582,25113,0,3
18663,26583,25114,0,2
18664,26586,25117,0,2
18665,26588,25118,1,1
18666,26589,25119,0,1
18667,26591,25121,0,5
18668,26592,25122,0,5
18669,26594,25124,0,2
18670,26595,25125,1,2
18671,26597,25127,0,2
18672,26600,25129,0,5
18673,26601,25130,0,1
18674,26602,25131,0,4
18675,26603,25132,0,3
18676,26604,25133,0,1
18677,26605,25134,0,4
18678,26606,25135,1,1
18679,26608,25137,0,5
18680,26610,25139,0,3
18681,26611,25140,0,3
18682,26612,25141,0,1
18683,26613,24835,0,3
18684,26614,25142,1,1
18685,26618,25146,0,5
18686,26619,25147,0,3
18687,26620,25148,0,2
18688,26622,25150,1,5
18689,26623,24850,0,2
18690,26624,25151,0,3
18691,26625,25152,0,5
18692,26626,24850,0,2
18693,26627,25153,0,5
18694,26628,25154,0,3
18695,26629,25155,0,1
18696,26631,25157,0,5
18697,26632,25158,0,5
18698,26633,25159,1,5
18699,26635,25160,0,5
18700,26636,25161,0,4
18701,26637,25162,0,4
18702,26638,25163,0,3
18703,26640,25165,0,1
18704,26642,25167,0,1
18705,26644,25169,0,3
18706,26646,25171,0,5
18707,26647,25172,0,3
18708,26648,25173,0,2
18709,26649,25174,0,2
18710,26650,25175,0,1
18711,26651,25176,0,2
18712,26653,25178,0,2
18713,26655,25180,0,2
18714,26656,25181,0,3
18715,26658,25183,0,3
18716,26659,25184,0,3
18717,26660,25185,0,1
18718,26663,25188,0,1
18719,26665,25190,0,1
18720,26666,25191,0,3
18721,26668,25193,0,5
18722,26671,25195,0,5
18723,26672,25196,0,1
18724,26673,25197,1,5
18725,26676,25200,1,2
18726,26678,25202,0,4
18727,26680,25204,0,5
18728,26682,25206,0,2
18729,26683,25207,0,5
18730,26684,25208,0,1
18731,26686,25209,0,3
18732,26687,25210,0,3
18733,26688,25211,0,3
18734,26689,25204,1,5
18735,26690,25212,0,4
18736,26692,25214,1,5
18737,26693,25215,0,5
18738,26694,25216,0,4
18739,26695,25217,0,5
18740,26696,25218,0,2
18741,26697,25219,0,3
18742,26698,25220,0,3
18743,26699,25221,0,3
18744,26700,25222,0,4
18745,26701,25223,0,5
18746,26704,25226,0,5
18747,26705,25227,0,2
18748,26706,25228,0,1
18749,26708,25230,0,4
18750,26711,25233,0,5
18751,26712,25234,0,1
18752,26713,25235,0,3
18753,26714,25236,0,5
18754,26715,25237,0,1
18755,26716,25238,0,5
18756,26721,25243,0,5
18757,26722,25244,0,1
18758,26726,25248,0,2
18759,26728,25250,0,1
18760,26729,25251,0,5
18761,26731,25253,0,4
18762,26732,25132,0,3
18763,26733,25254,0,1
18764,26734,25014,0,3
18765,26737,25256,0,4
18766,26738,25257,0,4
18767,26739,24850,0,2
18768,26741,25259,0,3
18769,26742,25260,0,1
18770,26743,25261,0,4
18771,26744,25262,0,4
18772,26745,25263,0,5
18773,26746,25264,0,3
18774,26747,25265,0,2
18775,26748,25266,0,2
18776,26749,25267,0,3
18777,26750,25268,0,2
18778,26752,25270,0,4
18779,26753,25271,0,3
18780,26754,25272,0,2
18781,26757,25274,0,2
18782,26758,25275,0,5
18783,26759,25276,0,1
18784,26760,25277,0,2
18785,26763,25280,0,1
18786,26765,25282,0,2
18787,26769,25286,0,4
18788,26771,25288,0,1
18789,26772,25289,0,3
18790,26773,25290,0,1
18791,26774,25291,1,1
18792,26775,25292,1,3
18793,26776,25293,0,2
18794,26777,24835,0,3
18795,26778,25294,0,1
18796,26780,25296,0,1
18797,26781,25297,0,3
18798,26782,25298,0,1
18799,26784,25300,0,2
18800,26785,25223,0,5
18801,26786,25301,0,3
18802,26787,25302,0,1
18803,26789,24997,0,5
18804,26791,25305,0,2
18805,26794,25308,0,5
18806,26796,25310,0,2
18807,26797,25311,0,2
18808,26798,25312,0,2
18809,26799,25313,0,3
18810,26800,25314,0,2
18811,26801,25315,0,5
18812,26802,25316,0,1
18813,26803,25317,0,3
18814,26804,25318,0,1
18815,26805,25319,0,3
18816,26807,25321,0,3
18817,26809,25323,0,5
18818,26811,25325,0,2
18819,26814,25328,0,1
18820,26816,25330,0,1
18821,26817,25331,0,3
18822,26819,25333,0,2
18823,26823,25336,0,1
18824,26825,25338,0,5
18825,26826,25339,0,3
18826,26827,25340,0,1
18827,26828,25341,0,2
18828,26832,25344,0,1
18829,26833,25345,0,5
18830,26834,25346,0,5
18831,26837,25349,0,4
18832,26842,25354,0,4
18833,26843,25355,0,4
18834,26844,25356,0,1
18835,26845,25357,0,2
18836,26848,25359,0,4
18837,26850,25361,0,2
18838,26851,25362,0,3
18839,26853,25364,0,3
18840,26855,25366,0,2
18841,26856,25367,0,4
18842,26857,25368,0,4
18843,26860,25370,0,2
18844,26861,25370,0,2
18845,26866,25375,0,5
18846,26867,25376,0,2
18847,26871,25380,0,4
18848,26875,25384,0,5
18849,26876,25385,0,2
18850,26877,25386,1,5
18851,26881,25390,0,5
18852,26882,25391,0,3
18853,26883,25392,0,1
18854,26885,25394,0,3
18855,26889,25397,0,5
18856,26890,25398,0,1
18857,26891,25399,0,2
18858,26892,25400,0,2
18859,26893,25401,0,5
18860,26895,25402,0,1
18861,26896,25403,0,4
18862,26897,25404,0,4
18863,26898,25405,0,5
18864,26899,25406,0,2
18865,26900,25407,0,2
18866,26902,25409,0,4
18867,26905,25412,0,5
18868,26906,25413,0,2
18869,26907,25414,0,5
18870,26911,25132,0,3
18871,26916,25422,0,1
18872,26918,25424,0,2
18873,26919,25425,0,3
18874,26920,25426,0,3
18875,26921,25427,0,2
18876,26922,25428,0,4
18877,26923,25429,0,3
18878,26925,25431,0,4
18879,26927,25432,1,1
18880,26928,25433,0,2
18881,26929,25434,0,1
18882,26930,25435,0,2
18883,26931,25436,0,2
18884,26932,25437,0,5
18885,26933,25438,1,3
18886,26937,25442,0,2
18887,26938,25443,1,4
18888,26939,25444,0,3
18889,26940,25445,0,2
18890,26942,25447,0,3
18891,26945,25450,0,4
18892,26946,25451,1,5
18893,26947,25452,1,2
18894,26948,25453,0,4
18895,26949,25454,0,5
18896,26950,25455,0,1
18897,26951,25456,0,1
18898,26952,25457,0,3
18899,26953,25458,0,1
18900,26954,25459,0,1
18901,26955,25460,0,2
18902,26956,25461,0,5
18903,26960,25465,0,4
18904,26961,25466,0,2
18905,26963,25468,0,3
18906,26964,25469,0,5
18907,26965,24764,0,1
18908,26967,25471,0,4
18909,26969,25473,0,5
18910,26972,25476,0,2
18911,26973,25477,0,4
18912,26974,25478,0,1
18913,26976,25480,0,4
18914,26977,25481,0,2
18915,26979,25483,0,3
18916,26980,25132,1,3
18917,26981,25484,0,1
18918,26983,25486,0,1
18919,26984,25487,0,1
18920,26986,25489,0,2
18921,26989,25492,0,4
18922,26990,25493,0,5
18923,26991,25494,0,2
18924,26992,25495,0,2
18925,26993,25496,0,1
18926,26994,25497,0,5
18927,26995,25498,0,4
18928,26996,25499,0,5
18929,26997,25500,0,3
18930,27000,25503,0,5
18931,27002,25505,0,3
18932,27005,25508,0,2
18933,27008,25511,0,3
18934,27009,25512,0,5
18935,27010,25513,0,2
18936,27011,25514,0,5
18937,27012,25515,0,3
18938,27013,25516,0,5
18939,27014,25517,0,5
18940,27015,25518,0,1
18941,27017,25520,0,1
18942,27018,25521,0,4
18943,27019,25522,0,3
18944,27020,25523,0,4
18945,27021,25524,0,3
18946,27022,25525,0,3
18947,27024,25527,0,1
18948,27025,25528,0,1
18949,27026,25529,0,5
18950,27027,25530,0,3
18951,27028,25531,0,3
18952,27029,25532,0,5
18953,27032,25535,0,5
18954,27034,25537,0,3
18955,27035,25538,0,2
18956,27036,25539,0,3
18957,27037,25540,0,3
18958,27038,25541,0,5
18959,27039,25542,0,1
18960,27040,25543,0,1
18961,27042,25545,0,1
18962,27043,25546,0,1
18963,27044,25547,0,4
18964,27045,25548,0,1
18965,27046,25529,0,5
18966,27049,25551,0,3
18967,27050,25552,0,3
18968,27051,25553,0,3
18969,27053,25555,0,3
18970,27054,25556,1,1
18971,27056,25558,0,5
18972,27059,25561,0,1
18973,27060,25562,1,4
18974,27061,25563,0,4
18975,27062,25564,0,5
18976,27063,25565,0,4
18977,27064,25566,0,2
18978,27065,25567,0,2
18979,27066,25568,0,1
18980,27068,25570,0,5
18981,27069,25571,0,4
18982,27071,25573,0,3
18983,27073,25575,0,1
18984,27074,25576,0,4
18985,27076,25578,0,5
18986,27078,25580,0,2
18987,27079,25581,0,3
18988,27081,25548,1,1
18989,27082,25583,1,2
18990,27083,25584,1,5
18991,27084,25585,0,5
18992,27085,25586,1,3
18993,27086,25528,0,1
18994,27087,25587,0,4
18995,27088,25588,0,3
18996,27089,25589,0,2
18997,27091,25591,0,3
18998,27093,25593,0,4
18999,27095,25595,0,5
19000,27097,25597,0,4
19001,27098,25598,0,3
19002,27099,25599,1,4
19003,27100,25600,0,5
19004,27101,25601,1,5
19005,27102,25602,0,5
19006,27103,25603,1,3
19007,27107,25607,0,5
19008,27108,25608,0,4
19009,27112,25612,0,2
19010,27113,25613,0,5
19011,27114,25614,0,2
19012,27116,25616,0,1
19013,27117,25617,0,3
19014,27118,25618,0,4
19015,27119,25619,0,3
19016,27120,25620,0,2
19017,27122,25622,0,2
19018,27123,25623,0,4
19019,27124,25624,0,4
19020,27125,25625,0,4
19021,27126,25626,0,5
19022,27127,25627,0,1
19023,27128,25628,0,4
19024,27129,25629,0,1
19025,27131,25631,0,5
19026,27132,25614,0,2
19027,27133,25632,0,3
19028,27134,25633,0,4
19029,27135,25628,0,4
19030,27136,25634,0,4
19031,27137,25635,0,4
19032,27138,25636,0,1
19033,27139,25637,0,2
19034,27140,25638,0,2
19035,27141,25639,0,3
19036,27143,25641,0,3
19037,27144,25642,0,4
19038,27145,25643,0,5
19039,27146,25644,0,3
19040,27147,25645,0,1
19041,27148,25646,0,2
19042,27149,25647,0,1
19043,27154,25652,1,5
19044,27155,25653,0,2
19045,27156,25654,0,2
19046,27159,25657,0,5
19047,27161,25659,1,5
19048,27162,25555,0,3
19049,27163,25660,0,1
19050,27164,25660,0,1
19051,27165,25661,0,2
19052,27166,25662,0,1
19053,27167,25663,0,5
19054,27168,25664,0,1
19055,27169,25665,0,1
19056,27170,25666,0,1
19057,27172,25668,0,2
19058,27173,25660,0,1
19059,27176,25671,0,5
19060,27177,25672,0,5
19061,27178,25657,1,5
19062,27179,25673,0,1
19063,27180,25674,0,5
19064,27181,25675,1,2
19065,27182,25676,0,5
19066,27184,25678,0,1
19067,27185,25679,0,3
19068,27186,25680,0,4
19069,27187,25681,0,2
19070,27188,25675,0,2
19071,27189,25682,0,3
19072,27190,25683,0,1
19073,27191,25684,0,1
19074,27192,25685,0,1
19075,27193,25686,0,2
19076,27195,25688,0,1
19077,27196,25689,0,1
19078,27197,25690,0,3
19079,27198,25691,0,1
19080,27199,25692,0,4
19081,27201,25694,0,1
19082,27202,25695,0,4
19083,27203,25689,0,1
19084,27204,25696,0,3
19085,27205,25697,0,3
19086,27206,25698,0,5
19087,27207,25699,0,2
19088,27208,25626,0,5
19089,27209,25561,0,1
19090,27211,25701,0,1
19091,27212,25702,0,4
19092,27213,25703,0,2
19093,27214,25704,0,3
19094,27217,25707,0,1
19095,27218,25708,0,4
19096,27219,25709,0,3
19097,27220,25710,1,2
19098,27221,25711,0,1
19099,27222,25712,0,5
19100,27224,25714,0,5
19101,27226,25716,0,1
19102,27227,25717,0,5
19103,27229,25719,0,2
19104,27231,25721,0,4
19105,27232,25722,0,1
19106,27233,25723,0,2
19107,27234,25724,0,2
19108,27235,25725,0,2
19109,27236,25726,1,5
19110,27237,25561,0,1
19111,27239,25728,0,3
19112,27240,25729,0,5
19113,27241,25730,0,5
19114,27245,25734,0,4
19115,27246,25735,0,5
19116,27247,25736,0,5
19117,27248,25737,0,5
19118,27249,25738,0,2
19119,27250,25739,1,3
19120,27253,25741,0,5
19121,27255,25743,0,5
19122,27256,25744,0,1
19123,27257,25745,0,4
19124,27258,25746,0,4
19125,27259,25747,0,4
19126,27260,25748,0,2
19127,27261,25749,0,2
19128,27262,25750,0,3
19129,27263,25751,0,3
19130,27264,25752,0,2
19131,27265,25753,0,5
19132,27267,25755,0,5
19133,27269,25757,0,5
19134,27270,25758,0,1
19135,27272,25760,0,1
19136,27273,25761,0,2
19137,27275,25666,0,1
19138,27277,25764,0,4
19139,27278,25765,0,5
19140,27279,25766,0,2
19141,27280,25767,0,5
19142,27281,25768,0,1
19143,27283,25770,0,3
19144,27285,25672,0,5
19145,27286,25772,0,3
19146,27287,25773,0,4
19147,27288,25774,1,3
19148,27289,25775,1,5
19149,27290,25776,0,2
19150,27292,25778,0,5
19151,27294,25780,0,4
19152,27295,25781,0,1
19153,27296,25782,0,4
19154,27297,25783,0,2
19155,27299,25785,0,1
19156,27300,25786,0,5
19157,27301,25787,0,1
19158,27303,25789,0,3
19159,27305,25791,0,1
19160,27306,25792,0,5
19161,27307,25793,0,4
19162,27308,25794,0,1
19163,27309,25795,0,5
19164,27311,25797,0,2
19165,27312,25798,0,1
19166,27313,25799,0,1
19167,27314,25800,0,5
19168,27316,25802,0,4
19169,27317,25803,0,5
19170,27318,25804,0,1
19171,27319,25805,0,3
19172,27320,25806,0,4
19173,27321,25807,1,2
19174,27322,25808,0,4
19175,27323,25809,0,1
19176,27326,25812,0,3
19177,27328,25814,0,3
19178,27329,25815,0,3
19179,27330,25816,0,5
19180,27331,25817,0,1
19181,27332,25814,0,3
19182,27334,25819,0,1
19183,27336,25821,0,2
19184,27338,25823,0,1
19185,27339,25824,0,1
19186,27340,25825,0,5
19187,27341,25826,0,3
19188,27342,25827,0,2
19189,27343,25828,0,5
19190,27345,25830,0,1
19191,27346,25831,0,5
19192,27347,25832,0,1
19193,27348,25832,0,1
19194,27349,25833,0,5
19195,27350,25834,0,3
19196,27352,25836,0,2
19197,27353,25837,0,3
19198,27354,25838,0,5
19199,27356,25840,0,2
19200,27357,25841,0,1
19201,27358,25842,0,5
19202,27359,25843,0,1
19203,27360,25844,0,4
19204,27361,25845,0,5
19205,27362,25846,0,5
19206,27365,25849,0,5
19207,27366,25850,1,4
19208,27367,25851,0,2
19209,27368,25578,0,5
19210,27369,25852,0,3
19211,27370,25853,0,4
19212,27371,25854,0,5
19213,27372,25855,0,5
19214,27374,25857,0,1
19215,27375,25858,0,1
19216,27376,25859,0,1
19217,27377,25860,0,3
19218,27378,25861,0,4
19219,27381,25864,0,2
19220,27383,25866,0,1
19221,27384,25867,0,4
19222,27385,25868,0,4
19223,27386,25869,0,3
19224,27387,25870,0,1
19225,27388,25871,0,2
19226,27392,25875,0,3
19227,27393,25876,0,4
19228,27394,25877,0,5
19229,27395,25878,0,3
19230,27396,25879,0,5
19231,27398,25710,0,2
19232,27399,25881,0,1
19233,27400,25882,0,1
19234,27402,25884,1,1
19235,27403,25885,0,3
19236,27404,25886,0,2
19237,27406,25888,0,2
19238,27408,25890,1,1
19239,27410,25892,0,3
19240,27411,25893,0,5
19241,27412,25894,0,5
19242,27413,25895,0,3
19243,27414,25896,0,1
19244,27415,25897,0,3
19245,27416,25898,0,5
19246,27417,25661,0,2
19247,27418,25899,0,5
19248,27419,25900,1,2
19249,27420,25901,0,1
19250,27422,25903,0,2
19251,27423,25904,0,2
19252,27424,25905,0,4
19253,27425,25906,0,4
19254,27426,25907,0,4
19255,27427,25908,0,4
19256,27428,25909,0,4
19257,27429,25910,0,1
19258,27430,25911,1,1
19259,27431,25912,0,3
19260,27433,25914,0,2
19261,27434,25915,0,1
19262,27435,25916,0,4
19263,27436,25917,0,3
19264,27438,25919,0,5
19265,27439,25920,0,4
19266,27440,25921,0,4
19267,27441,25922,0,3
19268,27442,25923,0,3
19269,27448,25929,0,1
19270,27449,25930,0,3
19271,27450,25931,0,1
19272,27451,25932,0,5
19273,27452,25933,0,1
19274,27453,25934,0,2
19275,27454,25935,0,4
19276,27455,25936,0,4
19277,27456,25937,0,5
19278,27458,25939,0,5
19279,27459,25940,0,1
19280,27460,25941,0,1
19281,27462,25943,0,2
19282,27463,25944,0,2
19283,27464,25945,0,1
19284,27466,25947,0,4
19285,27468,25949,1,4
19286,27469,25950,1,2
19287,27470,25951,0,5
19288,27471,25952,0,4
19289,27473,25954,0,2
19290,27475,25956,0,4
19291,27476,25957,0,2
19292,27478,25959,0,5
19293,27479,25960,0,1
19294,27480,25961,0,4
19295,27481,25962,0,1
19296,27482,25963,0,4
19297,27484,25965,0,4
19298,27485,25966,0,2
19299,27486,25967,0,5
19300,27488,25969,0,3
19301,27490,25971,0,4
19302,27491,25972,0,5
19303,27492,25973,0,4
19304,27493,25974,0,3
19305,27495,25976,0,4
19306,27496,25977,0,1
19307,27498,25979,0,5
19308,27499,25980,0,3
19309,27500,25981,0,4
19310,27501,25982,0,3
19311,27504,25985,0,5
19312,27505,25986,0,2
19313,27506,25987,0,1
19314,27507,25988,0,4
19315,27509,25990,0,1
19316,27514,25994,0,3
19317,27516,25996,0,4
19318,27517,25897,0,3
19319,27518,25997,0,2
19320,27519,25998,0,1
19321,27520,25999,0,3
19322,27521,26000,0,4
19323,27522,26001,1,1
19324,27523,26002,0,4
19325,27524,26003,0,3
19326,27525,26004,0,1
19327,27527,25636,0,1
19328,27528,26006,0,3
19329,27530,26008,0,1
19330,27531,26009,0,2
19331,27532,26010,0,2
19332,27533,25971,0,4
19333,27535,26012,0,3
19334,27536,26013,0,2
19335,27539,26016,0,3
19336,27540,26017,0,5
19337,27541,26018,1,3
19338,27542,26019,0,3
19339,27543,26020,0,3
19340,27545,26022,0,2
19341,27548,26025,0,1
19342,27549,26026,0,4
19343,27550,26027,0,4
19344,27551,26028,0,3
19345,27552,26029,0,1
19346,27553,26030,0,2
19347,27555,26032,0,4
19348,27560,26037,0,5
19349,27561,26038,0,1
19350,27564,26041,0,5
19351,27565,26042,0,5
19352,27567,26044,0,5
19353,27568,26045,0,3
19354,27570,26047,0,4
19355,27572,26049,0,2
19356,27573,26050,0,5
19357,27576,26053,0,2
19358,27577,26054,0,5
19359,27578,26055,0,5
19360,27579,26056,0,5
19361,27580,26057,0,3
19362,27582,26059,0,2
19363,27583,26060,0,3
19364,27586,26063,0,5
19365,27588,26065,0,1
19366,27589,26066,0,3
19367,27590,26067,1,4
19368,27591,26068,0,4
19369,27592,26069,0,1
19370,27593,26070,0,1
19371,27594,26071,0,1
19372,27597,26074,0,4
19373,27598,26075,0,3
19374,27601,26078,0,5
19375,27602,26079,0,5
19376,27603,26080,0,1
19377,27605,26082,0,1
19378,27607,26084,0,2
19379,27609,26086,0,5
19380,27611,26088,0,4
19381,27612,26089,0,1
19382,27613,26090,0,1
19383,27614,26091,0,3
19384,27615,26092,0,2
19385,27616,26093,0,2
19386,27618,26095,0,3
19387,27619,26096,0,3
19388,27620,26097,0,1
19389,27624,26100,0,3
19390,27626,26102,0,2
19391,27627,26103,0,1
19392,27628,26104,0,2
19393,27636,26112,0,2
19394,27638,26114,0,2
19395,27640,26116,0,3
19396,27641,26117,0,1
19397,27642,26118,0,1
19398,27644,26120,0,2
19399,27645,26121,0,2
19400,27647,26123,0,1
19401,27651,26127,0,5
19402,27654,26130,0,2
19403,27655,26131,0,5
19404,27656,26132,0,1
19405,27657,26133,0,2
19406,27658,26134,0,2
19407,27659,26135,0,1
19408,27661,26137,0,2
19409,27662,26138,0,3
19410,27663,26139,0,2
19411,27664,26140,0,3
19412,27665,26141,0,3
19413,27666,26142,0,5
19414,27667,26143,0,4
19415,27669,26145,0,1
19416,27671,26147,0,2
19417,27672,26148,0,1
19418,27673,26149,0,3
19419,27675,26151,0,3
19420,27676,26152,0,5
19421,27677,26153,0,2
19422,27678,26154,0,1
19423,27679,26155,0,2
19424,27680,26156,0,3
19425,27681,26157,0,5
19426,27683,26159,0,5
19427,27684,26160,0,2
19428,27688,26164,0,5
19429,27691,26167,1,4
19430,27692,26168,0,5
19431,27693,26169,0,2
19432,27694,26170,0,5
19433,27695,26171,0,5
19434,27696,26172,0,4
19435,27697,26173,1,5
19436,27698,26174,1,4
19437,27701,26177,0,2
19438,27702,26178,0,3
19439,27703,26179,0,5
19440,27704,26180,1,2
19441,27705,26181,0,5
19442,27706,26182,0,4
19443,27708,26184,1,5
19444,27709,26185,0,3
19445,27710,26177,0,2
19446,27711,26185,1,3
19447,27713,26187,1,2
19448,27714,26188,0,3
19449,27715,26189,0,5
19450,27716,26190,0,5
19451,27717,26191,1,4
19452,27719,26193,0,4
19453,27721,26195,1,5
19454,27722,26196,0,2
19455,27723,26197,1,4
19456,27725,26199,1,5
19457,27726,26200,1,4
19458,27728,26202,0,2
19459,27729,26203,1,1
19460,27730,26203,1,1
19461,27731,26204,1,1
19462,27732,26205,1,4
19463,27733,26206,1,1
19464,27734,26207,1,5
19465,27735,26208,0,2
19466,27736,26209,1,1
19467,27737,26210,1,4
19468,27739,26212,0,5
19469,27744,26217,0,2
19470,27745,26218,0,4
19471,27746,26219,1,2
19472,27748,26221,1,1
19473,27750,26223,0,4
19474,27751,26224,1,2
19475,27754,26225,1,2
19476,27757,26227,0,4
19477,27758,26228,1,4
19478,27759,26229,1,4
19479,27760,26230,1,5
19480,27761,26231,0,3
19481,27764,26234,1,2
19482,27765,26230,1,5
19483,27767,26236,1,4
19484,27768,26237,1,4
19485,27769,26238,1,3
19486,27770,26239,0,1
19487,27771,26240,0,4
19488,27772,26241,1,5
19489,27773,26242,0,2
19490,27774,26243,0,3
19491,27776,26245,0,1
19492,27777,26246,0,5
19493,27778,26247,1,1
19494,27780,26249,0,1
19495,27782,26250,1,4
19496,27783,26251,0,2
19497,27785,26253,0,3
19498,27787,26255,1,2
19499,27791,26258,0,4
19500,27792,26259,0,1
19501,27794,26260,0,1
19502,27795,26261,1,1
19503,27796,26262,0,5
19504,27798,26263,0,4
19505,27800,26265,0,1
19506,27801,26266,0,1
19507,27802,26267,1,4
19508,27806,26266,0,1
19509,27807,26271,1,3
19510,27809,26273,0,3
19511,27810,26265,1,1
19512,27811,26274,1,4
19513,27812,26265,0,1
19514,27813,26275,1,1
19515,27815,26277,0,3
19516,27816,26278,1,5
19517,27817,26267,1,4
19518,27818,26265,1,1
19519,27821,26281,1,2
19520,27822,26282,1,3
19521,27824,26284,1,3
19522,27825,26285,1,3
19523,27827,26287,1,5
19524,27828,26288,0,2
19525,27829,26289,0,4
19526,27830,26290,0,1
19527,27831,26291,0,2
19528,27834,26294,0,3
19529,27835,26295,0,5
19530,27836,26296,1,4
19531,27840,26300,0,3
19532,27841,26301,0,3
19533,27842,26302,0,4
19534,27843,26303,0,5
19535,27844,26304,0,5
19536,27845,26305,0,3
19537,27846,26306,1,1
19538,27848,26308,0,2
19539,27850,26310,1,2
19540,27851,26311,1,4
19541,27852,26312,1,3
19542,27853,26313,1,2
19543,27854,26314,0,2
19544,27855,26315,1,4
19545,27856,26316,1,2
19546,27858,26318,0,1
19547,27859,26319,0,4
19548,27861,26321,0,5
19549,27863,26323,1,1
19550,27866,26326,1,1
19551,27867,26327,1,1
19552,27868,26328,1,4
19553,27869,26329,0,5
19554,27871,26331,0,1
19555,27873,26333,1,4
19556,27874,26334,1,3
19557,27875,26335,0,1
19558,27876,26334,1,3
19559,27878,26337,1,1
19560,27880,26339,1,5
19561,27881,26340,0,1
19562,27882,26341,0,3
19563,27883,26342,1,1
19564,27884,26343,0,2
19565,27887,26346,0,4
19566,27890,26349,1,4
19567,27891,26350,1,4
19568,27895,26354,1,1
19569,27896,26355,1,1
19570,27899,26357,1,2
19571,27900,26358,0,5
19572,27901,26359,1,3
19573,27902,26360,0,2
19574,27903,26361,0,1
19575,27904,26362,1,3
19576,27906,26364,0,2
19577,27907,26365,0,3
19578,27909,26367,0,1
19579,27910,26368,0,2
19580,27912,26370,0,3
19581,27913,26371,0,4
19582,27915,26373,0,3
19583,27917,26375,1,3
19584,27918,26376,1,2
19585,27919,26376,1,2
19586,27921,26378,1,1
19587,27922,26379,0,5
19588,27923,26380,1,3
19589,27924,26376,0,2
19590,27926,26382,0,3
19591,27928,26383,0,5
19592,27929,26384,0,1
19593,27930,26385,1,5
19594,27931,26386,0,2
19595,27932,26387,1,5
19596,27934,26389,1,3
19597,27935,26390,0,1
19598,27936,26391,0,2
19599,27941,26396,1,2
19600,27945,26399,1,3
19601,27947,26400,0,3
19602,27949,26402,0,2
19603,27950,26403,0,3
19604,27951,26404,0,5
19605,27952,26405,1,4
19606,27954,26407,0,2
19607,27955,26408,1,4
19608,27956,26409,0,4
19609,27957,26410,0,4
19610,27960,26413,0,2
19611,27961,26414,0,4
19612,27962,26415,1,3
19613,27963,26416,1,4
19614,27964,26417,0,3
19615,27965,26418,0,2
19616,27966,26419,0,2
19617,27971,26423,0,2
19618,27972,26424,0,2
19619,27974,26426,0,1
19620,27976,26428,0,2
19621,27977,26429,0,3
19622,27978,26430,0,4
19623,27979,26431,0,1
19624,27981,26433,0,1
19625,27983,26435,1,4
19626,27984,26436,0,2
19627,27985,26437,0,2
19628,27987,26436,1,2
19629,27988,26439,1,1
19630,27989,26440,0,5
19631,27991,26442,0,3
19632,27993,26444,0,3
19633,27994,26445,1,5
19634,27995,26446,0,3
19635,27996,26447,0,4
19636,27997,26448,0,2
19637,27999,26450,0,2
19638,28000,26451,0,5
19639,28001,26452,0,5
19640,28002,26453,0,1
19641,28004,26455,0,3
19642,28005,26456,0,4
19643,28007,26458,0,4
19644,28008,26459,1,3
19645,28009,26460,0,5
19646,28012,26463,0,2
19647,28013,26464,0,5
19648,28014,26465,0,5
19649,28015,26466,0,2
19650,28016,26467,0,4
19651,28017,26458,1,4
19652,28018,26468,0,2
19653,28019,26469,0,4
19654,28020,26470,0,5
19655,28021,26471,0,3
19656,28022,26472,1,1
19657,28024,26474,0,2
19658,28025,26475,0,1
19659,28027,26477,0,3
19660,28029,26479,0,3
19661,28032,26482,0,2
19662,28033,26483,0,5
19663,28034,26484,0,1
19664,28035,26485,0,4
19665,28037,26487,0,3
19666,28038,26488,1,3
19667,28039,26489,0,2
19668,28041,26491,0,4
19669,28042,26492,0,3
19670,28044,26493,0,5
19671,28045,26494,0,1
19672,28048,26497,0,3
19673,28049,26498,0,3
19674,28051,26500,0,5
19675,28052,26501,0,2
19676,28053,26502,0,1
19677,28054,26503,1,4
19678,28056,26505,0,1
19679,28057,26506,0,2
19680,28058,26507,0,1
19681,28061,26510,0,2
19682,28062,26511,0,2
19683,28064,26513,0,4
19684,28065,26514,0,1
19685,28067,26516,0,5
19686,28068,26517,1,1
19687,28069,26518,0,1
19688,28071,26520,0,2
19689,28073,26522,0,5
19690,28075,26524,0,4
19691,28076,26525,0,4
19692,28077,26526,0,2
19693,28078,26527,0,5
19694,28079,26528,0,2
19695,28081,26530,0,2
19696,28084,26533,0,4
19697,28085,26534,1,2
19698,28087,26536,0,1
19699,28088,26537,0,3
19700,28089,26538,0,1
19701,28090,26539,0,3
19702,28091,26540,0,5
19703,28095,26544,0,5
19704,28096,26545,0,4
19705,28099,26548,0,4
19706,28100,26549,0,4
19707,28102,26551,0,5
19708,28104,26553,0,5
19709,28105,26554,0,4
19710,28106,26555,0,1
19711,28108,26557,0,2
19712,28111,26560,0,3
19713,28112,26561,0,3
19714,28114,26563,1,1
19715,28117,26566,0,1
19716,28120,26569,0,5
19717,28121,26570,0,4
19718,28122,26571,0,2
19719,28124,26573,0,1
19720,28125,26574,0,4
19721,28126,26575,0,2
19722,28128,26577,0,4
19723,28129,26578,0,4
19724,28130,26579,0,2
19725,28132,26581,1,5
19726,28133,26582,0,2
19727,28134,26583,0,3
19728,28135,26584,0,3
19729,28137,26586,0,4
19730,28138,26587,0,2
19731,28139,26588,0,3
19732,28140,26589,0,1
19733,28141,26590,0,2
19734,28142,26591,0,2
19735,28144,26593,0,2
19736,28145,26594,0,2
19737,28146,26573,0,1
19738,28147,26595,0,5
19739,28148,26596,0,5
19740,28149,26597,0,2
19741,28151,26599,0,3
19742,28152,26600,0,4
19743,28153,26601,0,2
19744,28154,26602,0,4
19745,28155,26603,0,3
19746,28156,26601,1,2
19747,28159,26606,0,3
19748,28161,26608,0,1
19749,28162,26609,1,2
19750,28163,26610,0,3
19751,28166,26613,0,3
19752,28167,26614,1,2
19753,28168,26615,1,5
19754,28169,26616,1,5
19755,28170,26617,0,2
19756,28171,26618,0,4
19757,28172,26619,0,1
19758,28173,26620,0,3
19759,28174,26621,0,2
19760,28176,26623,0,4
19761,28177,26624,1,5
19762,28178,26625,0,3
19763,28180,26627,0,2
19764,28181,26628,0,4
19765,28183,26630,0,4
19766,28184,26631,0,5
19767,28186,26633,0,4
19768,28189,26636,0,5
19769,28191,26638,0,4
19770,28192,26639,1,5
19771,28194,26641,0,3
19772,28195,26642,0,4
19773,28197,26644,0,3
19774,28198,26645,0,1
19775,28200,26647,0,4
19776,28202,26649,0,3
19777,28203,26650,0,2
19778,28206,26653,0,1
19779,28207,26654,1,5
19780,28209,26656,0,2
19781,28210,26657,0,4
19782,28212,26659,0,1
19783,28213,26660,0,4
19784,28214,26661,1,1
19785,28215,26662,0,1
19786,28216,26663,0,1
19787,28217,26664,0,5
19788,28218,26665,0,2
19789,28219,26666,0,5
19790,28222,26669,0,1
19791,28223,26670,1,5
19792,28224,26671,0,5
19793,28225,26672,0,5
19794,28226,26673,0,5
19795,28228,26675,0,1
19796,28230,26677,0,4
19797,28231,26678,0,2
19798,28232,26679,0,2
19799,28233,26680,0,4
19800,28234,26681,0,3
19801,28235,26682,0,2
19802,28237,26684,0,5
19803,28238,26685,0,5
19804,28239,26686,0,4
19805,28240,26687,0,3
19806,28241,26688,0,5
19807,28243,26690,0,2
19808,28244,26691,0,3
19809,28245,26691,0,3
19810,28246,26692,1,1
19811,28250,26695,0,1
19812,28253,26698,0,2
19813,28254,26699,0,1
19814,28255,26700,0,3
19815,28256,26701,0,4
19816,28257,26702,0,2
19817,28258,26703,0,2
19818,28259,26704,0,1
19819,28260,26705,1,1
19820,28261,26705,1,1
19821,28263,26707,0,5
19822,28264,26707,0,5
19823,28266,26709,0,1
19824,28267,26710,0,1
19825,28269,26712,0,1
19826,28270,26713,1,1
19827,28271,26714,0,2
19828,28272,26715,1,4
19829,28273,26716,0,3
19830,28274,26717,0,3
19831,28276,26719,0,2
19832,28277,26719,0,2
19833,28278,26720,1,3
19834,28281,26723,0,4
19835,28282,26724,0,5
19836,28283,26725,0,3
19837,28284,26725,0,3
19838,28285,26703,0,2
19839,28286,26726,0,3
19840,28288,26728,0,3
19841,28289,26729,0,3
19842,28292,26732,0,2
19843,28293,26733,1,5
19844,28296,26736,1,4
19845,28297,26737,1,3
19846,28299,26739,0,1
19847,28301,26741,0,4
19848,28302,26742,0,5
19849,28303,26743,0,4
19850,28305,26745,1,5
19851,28306,26746,0,2
19852,28307,26747,0,4
19853,28308,26746,1,2
19854,28309,26748,0,5
19855,28310,26749,0,5
19856,28311,26750,0,1
19857,28312,26751,1,4
19858,28313,26752,0,5
19859,28315,26754,1,4
19860,28316,26755,0,1
19861,28317,26756,0,1
19862,28318,26757,0,5
19863,28319,26758,0,3
19864,28320,26759,0,5
19865,28322,26761,0,3
19866,28324,26763,0,3
19867,28325,26764,0,2
19868,28326,26763,0,3
19869,28328,26766,0,3
19870,28329,26767,0,3
19871,28330,26768,0,5
19872,28331,26769,0,3
19873,28332,26770,0,5
19874,28333,26771,0,1
19875,28335,26773,0,4
19876,28338,26776,1,2
19877,28340,26778,0,2
19878,28343,26781,0,4
19879,28345,26783,0,2
19880,28346,26784,0,4
19881,28347,26785,1,1
19882,28348,26786,0,1
19883,28349,26787,0,1
19884,28351,26789,0,4
19885,28352,26790,1,4
19886,28353,26791,0,3
19887,28354,26792,1,2
19888,28355,26793,0,4
19889,28357,26795,1,2
19890,28359,26797,0,2
19891,28360,26798,0,3
19892,28362,26800,0,3
19893,28363,26801,0,1
19894,28364,26802,0,5
19895,28366,26804,0,5
19896,28367,26805,0,2
19897,28368,26806,0,2
19898,28369,26807,0,1
19899,28370,26808,0,4
19900,28371,26809,0,5
19901,28372,26810,0,1
19902,28374,26812,0,4
19903,28375,26813,0,4
19904,28377,26815,0,3
19905,28378,26816,1,5
19906,28379,26817,0,5
19907,28380,26818,1,4
19908,28382,26820,0,1
19909,28383,26821,0,3
19910,28384,26822,0,2
19911,28385,26823,0,3
19912,28387,26825,1,2
19913,28388,26826,0,1
19914,28390,26827,0,2
19915,28391,26828,0,4
19916,28393,26830,0,3
19917,28394,26831,0,1
19918,28395,26832,0,2
19919,28396,26833,0,2
19920,28397,26834,0,5
19921,28398,26835,0,5
19922,28401,26838,0,5
19923,28402,26839,0,2
19924,28403,26840,0,4
19925,28404,26840,1,4
19926,28405,26839,0,2
19927,28406,26841,1,4
19928,28407,26839,1,2
19929,28408,26839,0,2
19930,28410,26843,0,4
19931,28411,26844,0,4
19932,28412,26845,0,3
19933,28414,26847,0,4
19934,28415,26848,0,5
19935,28418,26851,1,4
19936,28419,26852,0,1
19937,28420,26853,0,2
19938,28424,26857,0,4
19939,28425,26858,0,5
19940,28427,26860,0,1
19941,28428,26861,0,1
19942,28429,26862,0,4
19943,28430,26848,0,5
19944,28431,26863,1,1
19945,28432,26864,0,5
19946,28433,26865,0,4
19947,28435,26867,0,3
19948,28436,26868,0,5
19949,28437,26869,1,5
19950,28438,26870,0,1
19951,28439,26871,0,4
19952,28440,26872,0,1
19953,28441,26873,0,4
19954,28442,26874,0,4
19955,28443,26875,0,4
19956,28444,26876,0,5
19957,28446,26878,0,5
19958,28447,26879,0,5
19959,28448,26880,0,2
19960,28450,26882,0,3
19961,28452,26884,0,1
19962,28453,26885,0,1
19963,28455,26887,0,5
19964,28456,26888,1,4
19965,28457,26889,0,5
19966,28458,26890,0,3
19967,28463,26894,0,3
19968,28464,26895,0,3
19969,28466,26897,0,4
19970,28467,26898,1,5
19971,28469,26900,1,4
19972,28471,26902,1,3
19973,28472,26903,0,4
19974,28474,26905,0,4
19975,28475,26906,0,1
19976,28478,26908,1,3
19977,28482,26912,1,1
19978,28483,26913,0,5
19979,28485,26915,0,4
19980,28486,26916,1,5
19981,28487,26917,0,1
19982,28488,26917,1,1
19983,28489,26917,1,1
19984,28490,26918,0,4
19985,28492,26920,0,5
19986,28493,26921,0,2
19987,28494,26922,0,3
19988,28495,26922,1,3
19989,28497,26924,0,1
19990,28498,26879,1,5
19991,28501,26927,0,5
19992,28502,26928,1,1
19993,28503,26929,0,2
19994,28506,26932,1,1
19995,28508,26934,1,1
19996,28509,26935,0,1
19997,28510,26936,0,5
19998,28511,26937,1,2
19999,28513,26939,1,2
20000,28514,26940,0,3
20001,28515,26941,0,1
20002,28516,26942,0,3
20003,28518,26944,0,3
20004,28519,26945,1,5
20005,28520,26946,1,4
20006,28521,26947,1,5
20007,28522,26948,0,3
20008,28523,26949,0,2
20009,28524,26950,0,1
20010,28525,26951,0,1
20011,28526,26952,0,3
20012,28527,26953,0,3
20013,28528,26954,0,5
20014,28529,26955,0,1
20015,28531,26957,0,5
20016,28532,26958,0,4
20017,28534,26960,0,3
20018,28535,26961,0,5
20019,28536,26962,0,3
20020,28537,26963,0,1
20021,28538,26964,1,5
20022,28539,26965,0,3
20023,28540,26966,1,3
20024,28541,26967,0,3
20025,28542,26968,0,5
20026,28543,26969,1,1
20027,28545,26971,1,5
20028,28546,26972,1,2
20029,28548,26974,0,5
20030,28550,26976,0,5
20031,28551,26977,0,4
20032,28552,26978,0,3
20033,28554,26980,0,2
20034,28555,26981,0,4
20035,28556,26982,0,3
20036,28557,26983,0,1
20037,28558,26984,0,1
20038,28559,26985,0,2
20039,28560,26986,0,2
20040,28561,26987,0,1
20041,28562,26988,0,3
20042,28563,26989,0,2
20043,28564,26990,0,2
20044,28566,26990,0,2
20045,28567,26992,0,5
20046,28568,26993,0,3
20047,28569,26994,0,5
20048,28571,26996,0,3
20049,28572,26997,1,3
20050,28576,27001,0,1
20051,28577,27002,0,4
20052,28578,27003,1,1
20053,28579,27004,1,1
20054,28583,27008,0,2
20055,28587,27012,1,5
20056,28589,27014,1,2
20057,28592,27017,0,4
20058,28594,27019,0,3
20059,28595,27020,1,2
20060,28596,27021,0,3
20061,28597,27022,0,2
20062,28599,27023,1,1
20063,28600,26969,0,1
20064,28601,27024,1,5
20065,28602,27025,0,2
20066,28603,27025,0,2
20067,28604,27026,1,5
20068,28607,27029,0,3
20069,28608,27030,0,3
20070,28609,27031,0,2
20071,28610,27032,0,4
20072,28611,27033,0,1
20073,28613,27035,0,4
20074,28614,27036,1,5
20075,28615,27037,0,4
20076,28616,27038,0,4
20077,28617,27039,0,4
20078,28618,27040,0,3
20079,28619,27041,0,5
20080,28620,27042,0,5
20081,28622,27044,0,4
20082,28626,27048,0,5
20083,28627,27049,1,1
20084,28628,27050,1,5
20085,28630,27052,0,5
20086,28632,27054,1,2
20087,28637,27058,0,2
20088,28639,27060,1,5
20089,28640,27061,0,3
20090,28641,27062,1,5
20091,28643,27064,0,4
20092,28644,27065,0,5
20093,28646,27067,0,1
20094,28647,27062,0,5
20095,28649,27069,0,1
20096,28650,27070,0,2
20097,28651,27071,0,1
20098,28653,27073,0,2
20099,28654,27074,0,2
20100,28655,27075,0,2
20101,28656,27076,0,4
20102,28657,27077,0,1
20103,28658,27078,0,3
20104,28659,27078,0,3
20105,28660,27078,0,3
20106,28661,27079,0,3
20107,28662,27080,0,1
20108,28663,27081,0,1
20109,28665,27083,0,1
20110,28666,27083,0,1
20111,28667,27084,0,4
20112,28673,27083,0,1
20113,28674,27089,0,2
20114,28675,27090,0,1
20115,28676,27091,1,2
20116,28680,27095,0,4
20117,28682,27097,0,2
20118,28685,27100,0,5
20119,28687,27101,0,3
20120,28688,27102,0,4
20121,28692,27106,0,1
20122,28693,27107,0,2
20123,28694,27108,0,3
20124,28695,27109,0,4
20125,28699,27113,0,5
20126,28700,27114,0,5
20127,28703,27117,0,2
20128,28706,27120,0,5
20129,28710,27124,0,4
20130,28712,27126,0,1
20131,28713,27127,0,2
20132,28717,27131,0,2
20133,28718,27132,0,3
20134,28719,27133,0,2
20135,28720,27134,0,5
20136,28721,27135,0,1
20137,28725,27139,0,3
20138,28727,27141,0,2
20139,28729,27143,0,3
20140,28730,27144,0,2
20141,28731,27145,0,5
20142,28732,27146,1,5
20143,28733,27147,0,4
20144,28734,27148,0,2
20145,28735,27149,0,3
20146,28737,27151,0,1
20147,28739,27152,0,4
20148,28741,27154,1,5
20149,28744,27157,0,5
20150,28745,27158,0,5
20151,28746,27159,0,5
20152,28747,27160,0,2
20153,28748,27161,0,3
20154,28749,27162,0,2
20155,28750,27163,0,1
20156,28751,27164,0,2
20157,28752,27165,1,3
20158,28753,27166,0,4
20159,28754,27167,0,1
20160,28755,27168,0,5
20161,28756,27169,0,4
20162,28757,27170,0,4
20163,28758,27171,0,2
20164,28759,27172,0,3
20165,28760,27173,0,1
20166,28761,27174,0,3
20167,28763,27176,0,5
20168,28764,27177,0,1
20169,28766,27179,1,2
20170,28767,27180,0,1
20171,28768,27181,0,1
20172,28770,27183,0,2
20173,28771,27184,0,3
20174,28774,27158,0,5
20175,28775,27187,0,1
20176,28777,27189,0,3
20177,28778,27190,0,3
20178,28781,27193,1,3
20179,28782,27194,0,2
20180,28783,27195,0,5
20181,28784,27196,0,3
20182,28785,27197,0,3
20183,28786,27198,0,3
20184,28787,27199,0,3
20185,28788,27200,0,1
20186,28789,27201,0,4
20187,28790,27202,0,5
20188,28791,27203,0,3
20189,28792,27204,0,1
20190,28794,27206,0,3
20191,28795,27207,0,1
20192,28796,27208,0,3
20193,28797,27172,0,3
20194,28798,27209,0,4
20195,28800,27211,0,1
20196,28801,27212,0,3
20197,28802,27213,0,4
20198,28803,27214,0,2
20199,28804,27215,0,4
20200,28805,27216,1,5
20201,28806,27217,0,1
20202,28807,27218,0,5
20203,28808,27219,0,2
20204,28809,27220,0,2
20205,28810,27221,0,2
20206,28811,27222,0,2
20207,28812,27223,0,1
20208,28814,27225,0,4
20209,28815,27226,0,2
20210,28816,27227,0,1
20211,28817,27228,0,3
20212,28820,27231,0,4
20213,28821,27232,0,5
20214,28822,27233,0,4
20215,28823,27234,0,4
20216,28826,27237,0,2
20217,28827,27238,0,4
20218,28829,27240,0,5
20219,28831,27242,1,2
20220,28832,27243,0,2
20221,28833,27244,0,5
20222,28834,27245,0,1
20223,28835,27246,0,2
20224,28837,27248,0,5
20225,28838,27249,0,1
20226,28839,27250,1,2
20227,28840,27251,0,5
20228,28842,27253,0,3
20229,28845,27256,0,4
20230,28848,27259,0,4
20231,28849,27260,0,3
20232,28850,27261,0,1
20233,28851,27262,0,4
20234,28852,27260,0,3
20235,28853,27263,0,5
20236,28855,27262,0,4
20237,28856,27265,0,4
20238,28857,27266,0,1
20239,28858,27260,0,3
20240,28859,27267,0,2
20241,28860,27268,0,1
20242,28862,27270,0,5
20243,28863,27268,0,1
20244,28864,27271,0,5
20245,28865,27272,0,1
20246,28867,27268,0,1
20247,28868,27274,0,1
20248,28870,27124,1,4
20249,28871,27276,0,5
20250,28872,27277,0,5
20251,28873,27278,1,3
20252,28874,27279,0,5
20253,28875,27277,0,5
20254,28876,27280,0,2
20255,28878,27279,1,5
20256,28880,27283,0,2
20257,28881,27284,0,3
20258,28883,27286,0,2
20259,28885,27288,0,5
20260,28888,27290,0,2
20261,28889,27291,0,3
20262,28890,27292,0,3
20263,28892,27294,0,4
20264,28893,27295,0,5
20265,28895,27297,0,4
20266,28897,27299,0,2
20267,28898,27300,0,1
20268,28899,27301,0,1
20269,28900,27302,0,3
20270,28901,27303,0,5
20271,28902,27304,1,4
20272,28903,27305,0,2
20273,28904,27306,0,5
20274,28906,27308,0,5
20275,28907,27309,0,2
20276,28908,27310,0,1
20277,28909,27311,0,2
20278,28910,27312,0,5
20279,28911,27313,0,4
20280,28912,27314,0,4
20281,28913,27315,0,5
20282,28914,27316,0,5
20283,28916,27318,0,2
20284,28919,27320,0,2
20285,28920,27321,0,5
20286,28921,27322,0,2
20287,28922,27323,0,1
20288,28923,27324,0,1
20289,28925,27326,0,5
20290,28926,27327,0,4
20291,28927,27328,0,3
20292,28930,27331,0,5
20293,28932,27333,0,4
20294,28934,27335,0,5
20295,28935,27336,0,2
20296,28936,27337,0,3
20297,28937,27338,0,3
20298,28939,27340,1,1
20299,28941,27342,0,3
20300,28942,27343,0,5
20301,28943,27344,0,1
20302,28944,27345,0,3
20303,28945,27346,0,1
20304,28946,27347,0,5
20305,28947,27348,1,3
20306,28948,27349,0,2
20307,28949,27346,0,1
20308,28950,27350,0,5
20309,28951,27351,0,2
20310,28952,27352,0,4
20311,28956,27356,1,5
20312,28959,27359,0,1
20313,28961,27361,0,5
20314,28962,27362,0,5
20315,28963,27363,0,2
20316,28964,27364,0,4
20317,28966,27364,0,4
20318,28968,27366,0,3
20319,28969,27367,0,2
20320,28970,27368,0,3
20321,28971,27369,0,3
20322,28972,27370,0,1
20323,28973,27371,0,5
20324,28974,27372,0,5
20325,28975,27373,1,5
20326,28976,27374,0,2
20327,28978,27376,0,3
20328,28980,27378,0,2
20329,28982,27380,0,1
20330,28983,27381,0,2
20331,28985,27383,0,4
20332,28986,27384,0,4
20333,28987,27385,0,4
20334,28988,27386,0,1
20335,28989,27387,0,1
20336,28990,27388,1,2
20337,28992,27390,0,3
20338,28993,27391,0,5
20339,28994,27392,0,2
20340,28995,27393,0,4
20341,28997,27395,0,4
20342,28998,27396,0,3
20343,28999,27397,0,3
20344,29000,27398,0,2
20345,29001,27399,0,3
20346,29003,27401,0,4
20347,29004,27402,0,2
20348,29005,27403,0,4
20349,29007,27405,0,1
20350,29008,27406,0,3
20351,29009,27407,0,5
20352,29010,27408,0,3
20353,29011,27409,0,2
20354,29012,27297,0,4
20355,29015,27412,0,1
20356,29021,27417,0,3
20357,29022,27418,0,4
20358,29023,27419,1,2
20359,29024,27420,0,5
20360,29025,27421,0,2
20361,29027,27423,0,2
20362,29028,27424,0,5
20363,29029,27425,0,3
20364,29030,27426,0,5
20365,29031,27427,1,5
20366,29032,27428,0,5
20367,29033,27429,0,2
20368,29034,27430,0,3
20369,29035,27431,0,4
20370,29036,27432,0,1
20371,29037,27433,0,2
20372,29038,27434,0,5
20373,29039,27435,0,4
20374,29040,27436,0,5
20375,29041,27437,0,5
20376,29042,27438,0,5
20377,29044,27440,0,2
20378,29045,27441,0,3
20379,29046,27442,0,2
20380,29047,27443,0,2
20381,29051,27447,1,2
20382,29052,27448,0,4
20383,29054,27450,0,3
20384,29056,27452,0,1
20385,29058,27454,0,1
20386,29060,27456,0,3
20387,29061,27457,0,3
20388,29063,27459,0,5
20389,29064,27460,0,2
20390,29067,27463,0,5
20391,29069,27465,0,1
20392,29070,27466,0,5
20393,29071,27467,0,5
20394,29072,27468,0,3
20395,29074,27470,0,2
20396,29076,27472,1,2
20397,29077,27473,0,4
20398,29078,27474,0,1
20399,29079,27315,0,5
20400,29080,27475,0,3
20401,29081,27476,0,1
20402,29082,27477,0,4
20403,29083,27478,0,3
20404,29085,27479,0,4
20405,29087,27481,1,5
20406,29089,27482,0,2
20407,29091,27484,0,1
20408,29092,27485,0,3
20409,29093,27486,0,4
20410,29094,27487,1,4
20411,29095,27488,0,4
20412,29101,27493,0,4
20413,29104,27495,0,4
20414,29108,27499,0,5
20415,29109,27500,0,3
20416,29110,27501,0,3
20417,29111,27502,0,2
20418,29113,27504,0,2
20419,29114,27505,0,4
20420,29115,27506,0,3
20421,29116,27507,1,3
20422,29117,27508,0,3
20423,29118,27509,0,4
20424,29120,27511,0,1
20425,29121,27506,0,3
20426,29123,27513,0,5
20427,29124,27514,0,4
20428,29126,27516,1,4
20429,29127,27517,0,1
20430,29129,27519,0,3
20431,29130,27520,0,5
20432,29131,27521,0,4
20433,29132,27522,0,4
20434,29134,27524,0,3
20435,29135,27323,0,1
20436,29137,27526,0,2
20437,29138,27527,0,4
20438,29139,27403,0,4
20439,29140,27528,0,2
20440,29141,27529,0,1
20441,29142,27530,0,3
20442,29144,27532,0,3
20443,29145,27533,0,5
20444,29146,27534,0,2
20445,29148,27536,0,4
20446,29149,27537,0,4
20447,29150,27538,0,1
20448,29151,27539,0,3
20449,29153,27541,0,4
20450,29154,27542,0,1
20451,29156,27542,0,1
20452,29158,27545,0,4
20453,29159,27424,0,5
20454,29160,27345,0,3
20455,29161,27546,0,5
20456,29162,27547,0,5
20457,29163,27548,0,2
20458,29164,27549,0,1
20459,29165,27550,0,3
20460,29166,27551,1,2
20461,29167,27552,0,1
20462,29170,27555,0,1
20463,29171,27368,0,3
20464,29172,27556,1,3
20465,29173,27557,0,1
20466,29175,27559,0,4
20467,29176,27560,0,4
20468,29177,27561,0,1
20469,29180,27564,1,5
20470,29181,27565,0,1
20471,29182,27566,0,3
20472,29183,27567,0,5
20473,29184,27568,0,5
20474,29187,27571,0,5
20475,29188,27572,0,5
20476,29189,27573,0,3
20477,29191,27575,0,1
20478,29193,27577,0,1
20479,29194,27578,0,4
20480,29195,27351,0,2
20481,29197,27580,0,2
20482,29198,27581,0,5
20483,29199,27582,0,4
20484,29200,27583,0,1
20485,29201,27584,0,3
20486,29203,27586,0,2
20487,29204,27587,0,5
20488,29205,27588,0,2
20489,29206,27589,0,2
20490,29210,27593,1,4
20491,29211,27594,0,3
20492,29212,27595,0,5
20493,29213,27596,0,2
20494,29215,27598,0,3
20495,29216,27599,0,3
20496,29218,27601,1,2
20497,29219,27602,0,5
20498,29220,27603,0,2
20499,29221,27604,0,3
20500,29222,27605,0,1
20501,29223,27606,0,4
20502,29224,27607,0,5
20503,29225,27608,1,5
20504,29227,27610,0,5
20505,29230,27613,0,5
20506,29231,27614,0,1
20507,29232,27615,0,3
20508,29233,27616,0,5
20509,29234,27617,0,1
20510,29235,27618,0,3
20511,29237,27620,0,1
20512,29239,27622,0,2
20513,29240,27623,0,3
20514,29241,27624,0,4
20515,29243,27626,0,3
20516,29244,27627,0,2
20517,29246,27629,0,2
20518,29248,27631,0,1
20519,29249,27632,0,4
20520,29250,27633,0,4
20521,29251,27634,0,4
20522,29256,27533,0,5
20523,29257,27639,0,1
20524,29260,27642,0,4
20525,29261,27643,0,1
20526,29263,27645,0,3
20527,29264,27368,0,3
20528,29265,27646,1,1
20529,29266,27647,0,5
20530,29267,27648,0,2
20531,29269,27650,0,3
20532,29270,27651,0,1
20533,29271,27652,0,1
20534,29272,27653,0,3
20535,29273,27654,0,2
20536,29274,27655,0,1
20537,29277,27658,0,4
20538,29278,27659,0,3
20539,29279,27660,0,4
20540,29280,27661,1,1
20541,29281,27662,0,1
20542,29282,27663,0,5
20543,29283,27664,0,2
20544,29286,27667,1,1
20545,29289,27670,0,2
20546,29290,27671,0,3
20547,29293,27288,0,5
20548,29294,27674,0,2
20549,29297,27677,0,3
20550,29298,27678,0,2
20551,29299,27679,0,4
20552,29300,27680,0,5
20553,29301,27681,0,3
20554,29304,27684,0,3
20555,29307,27687,0,2
20556,29308,27688,0,4
20557,29311,27691,0,5
20558,29312,27692,0,2
20559,29313,27693,0,5
20560,29314,27694,0,2
20561,29315,27695,0,5
20562,29316,27696,0,1
20563,29319,27699,0,1
20564,29320,27700,0,4
20565,29321,27701,0,2
20566,29322,27702,0,4
20567,29323,27703,0,5
20568,29324,27704,0,3
20569,29327,27707,0,2
20570,29328,27708,0,5
20571,29329,27709,1,5
20572,29330,27710,0,2
20573,29331,27711,0,1
20574,29333,27713,0,4
20575,29334,27714,0,3
20576,29335,27715,0,2
20577,29337,27717,0,1
20578,29339,27719,0,4
20579,29340,27720,0,3
20580,29341,27721,0,2
20581,29342,27722,0,2
20582,29345,27724,1,1
20583,29346,27725,1,1
20584,29347,27726,0,1
20585,29349,27728,0,5
20586,29350,27729,0,3
20587,29351,27730,0,1
20588,29352,27731,1,2
20589,29355,27734,0,3
20590,29356,27735,0,5
20591,29357,27639,0,1
20592,29358,27736,0,4
20593,29359,27737,0,2
20594,29361,27739,0,2
20595,29364,27742,0,4
20596,29365,27743,0,4
20597,29366,27744,0,2
20598,29367,27745,0,3
20599,29370,27748,1,1
20600,29371,27749,1,3
20601,29374,27752,0,5
20602,29375,27753,0,5
20603,29376,27754,0,2
20604,29377,27755,0,3
20605,29379,27757,0,3
20606,29380,27758,0,2
20607,29383,27761,0,5
20608,29387,27765,0,4
20609,29389,27767,0,5
20610,29390,27768,0,4
20611,29393,27771,1,3
20612,29394,27772,0,5
20613,29396,27774,0,4
20614,29397,27775,0,2
20615,29400,27778,0,4
20616,29402,27780,0,1
20617,29403,27781,0,3
20618,29404,27782,0,4
20619,29405,27783,0,1
20620,29406,27784,0,2
20621,29408,27786,1,2
20622,29409,27787,0,4
20623,29410,27788,0,3
20624,29411,27789,0,5
20625,29412,27790,0,2
20626,29413,27791,0,1
20627,29414,27792,0,1
20628,29415,27793,0,2
20629,29416,27794,0,3
20630,29418,27796,0,4
20631,29419,27797,0,5
20632,29420,27798,0,5
20633,29421,27799,1,3
20634,29422,27800,0,4
20635,29424,27802,0,3
20636,29425,27803,0,2
20637,29426,27804,0,1
20638,29427,27805,0,2
20639,29428,27806,0,1
20640,29429,27807,0,2
20641,29430,27808,0,1
20642,29431,27809,0,5
20643,29433,27811,0,2
20644,29436,27814,0,1
20645,29437,27815,0,3
20646,29441,27819,0,2
20647,29443,27821,0,5
20648,29444,27822,0,4
20649,29445,27823,0,4
20650,29446,27824,0,4
20651,29447,27825,0,5
20652,29448,27826,0,5
20653,29451,27829,1,4
20654,29454,27832,0,5
20655,29455,27833,0,1
20656,29456,27834,0,1
20657,29457,27835,0,2
20658,29458,27836,0,4
20659,29459,27837,0,1
20660,29461,27839,0,3
20661,29463,27841,0,5
20662,29464,27842,0,1
20663,29465,27843,1,5
20664,29466,27844,0,2
20665,29467,27845,0,5
20666,29468,27846,0,2
20667,29469,27847,0,2
20668,29470,27848,0,5
20669,29473,27851,0,4
20670,29474,27852,0,3
20671,29475,27853,0,1
20672,29477,27855,0,5
20673,29481,27859,0,1
20674,29484,27862,0,1
20675,29486,27864,0,4
20676,29488,27866,0,1
20677,29494,27872,0,4
20678,29495,27873,0,1
20679,29496,27874,0,1
20680,29497,27875,0,3
20681,29500,27878,0,5
20682,29501,27879,0,1
20683,29502,27880,0,1
20684,29503,27881,0,5
20685,29504,27882,0,2
20686,29505,27883,0,2
20687,29506,27884,0,2
20688,29507,27885,0,5
20689,29509,27887,0,1
20690,29510,27888,1,1
20691,29511,27889,0,3
20692,29512,27890,0,5
20693,29516,27893,0,5
20694,29517,27894,0,2
20695,29518,27895,0,3
20696,29519,27896,0,2
20697,29520,27897,1,5
20698,29521,27898,0,1
20699,29523,27900,1,4
20700,29524,27901,0,4
20701,29525,27902,0,2
20702,29526,27903,0,4
20703,29527,27904,0,1
20704,29529,27906,0,3
20705,29531,27908,0,4
20706,29533,27910,0,3
20707,29534,27911,1,3
20708,29536,27913,0,3
20709,29537,27914,0,1
20710,29538,27915,0,4
20711,29539,27916,0,1
20712,29540,27917,0,4
20713,29541,27918,0,4
20714,29542,27919,0,1
20715,29544,27921,0,2
20716,29545,27922,0,2
20717,29548,27925,0,4
20718,29549,27926,0,1
20719,29551,27928,0,2
20720,29552,27926,0,1
20721,29553,27929,0,2
20722,29554,27930,0,5
20723,29555,27931,0,1
20724,29556,27932,0,1
20725,29557,27918,0,4
20726,29558,27933,0,2
20727,29559,27934,0,1
20728,29560,27935,0,2
20729,29562,27937,1,3
20730,29563,27938,0,4
20731,29564,27938,0,4
20732,29565,27939,0,5
20733,29567,27941,0,4
20734,29568,27942,0,2
20735,29569,27943,0,4
20736,29570,27944,0,4
20737,29571,27945,0,1
20738,29572,27946,0,4
20739,29573,27947,0,1
20740,29574,27948,0,5
20741,29576,27950,0,1
20742,29577,27951,0,2
20743,29578,27952,0,1
20744,29579,27953,0,1
20745,29580,27954,0,3
20746,29581,27955,0,4
20747,29583,27957,0,3
20748,29584,27958,0,4
20749,29586,27960,0,5
20750,29587,27961,0,4
20751,29588,27962,1,4
20752,29590,27964,0,1
20753,29592,27966,0,4
20754,29593,27967,0,1
20755,29594,27968,0,1
20756,29595,27969,0,2
20757,29596,27970,1,1
20758,29597,27971,0,1
20759,29598,27972,0,5
20760,29600,27974,0,4
20761,29601,27967,0,1
20762,29604,27977,0,2
20763,29605,27978,0,1
20764,29606,27979,0,4
20765,29607,27980,0,4
20766,29608,27981,0,1
20767,29609,27982,1,2
20768,29610,27983,1,3
20769,29611,27984,0,2
20770,29613,27986,0,3
20771,29614,27986,0,3
20772,29615,27987,0,5
20773,29616,27988,0,1
20774,29617,27989,0,4
20775,29618,27990,0,5
20776,29619,27991,0,5
20777,29620,27992,0,5
20778,29621,27993,0,5
20779,29623,27995,0,3
20780,29624,27996,0,5
20781,29625,27997,0,1
20782,29626,27998,0,5
20783,29628,28000,0,2
20784,29629,28001,0,4
20785,29630,28002,0,4
20786,29632,28004,0,2
20787,29634,28006,0,2
20788,29637,28009,0,1
20789,29640,28011,0,2
20790,29642,28013,0,2
20791,29643,28014,0,1
20792,29644,28015,0,3
20793,29645,28016,0,3
20794,29646,28017,0,4
20795,29647,28018,0,2
20796,29648,28019,0,4
20797,29650,28021,0,5
20798,29652,28023,0,5
20799,29654,28025,0,5
20800,29656,28027,0,2
20801,29657,28028,0,2
20802,29659,28030,0,4
20803,29660,27862,0,1
20804,29662,28032,0,5
20805,29663,28033,0,2
20806,29666,28036,0,2
20807,29668,28038,1,1
20808,29670,28009,0,1
20809,29671,28040,0,1
20810,29672,28041,0,5
20811,29674,28043,0,2
20812,29675,28044,0,2
20813,29678,28047,0,5
20814,29679,27882,0,2
20815,29680,28048,0,5
20816,29681,28049,0,5
20817,29682,28050,1,4
20818,29683,28051,0,3
20819,29684,28052,0,3
20820,29686,28054,0,5
20821,29687,28055,0,2
20822,29688,28056,0,2
20823,29689,28057,0,5
20824,29692,28060,0,3
20825,29693,28061,0,5
20826,29694,28062,0,4
20827,29695,28063,0,1
20828,29696,28064,0,1
20829,29697,28065,0,1
20830,29698,28066,0,3
20831,29699,28067,0,3
20832,29700,28068,0,5
20833,29701,28069,0,1
20834,29702,28070,0,3
20835,29703,28071,0,4
20836,29705,28073,0,4
20837,29706,28074,0,5
20838,29707,28075,1,4
20839,29708,28076,0,1
20840,29709,28077,0,1
20841,29710,28078,0,5
20842,29712,27919,0,1
20843,29713,28080,0,3
20844,29714,28081,0,5
20845,29715,28082,0,5
20846,29717,28084,0,4
20847,29718,28085,0,3
20848,29720,28087,0,4
20849,29722,28089,0,1
20850,29723,28089,0,1
20851,29724,28090,0,4
20852,29726,28092,1,4
20853,29729,28095,0,4
20854,29732,27947,0,1
20855,29733,28098,0,5
20856,29734,28099,0,1
20857,29735,28100,1,2
20858,29736,28101,0,4
20859,29738,27934,0,1
20860,29739,28103,1,2
20861,29740,28104,0,5
20862,29741,28105,1,2
20863,29742,28106,0,4
20864,29744,28108,0,5
20865,29745,28109,0,5
20866,29746,28110,0,5
20867,29747,28108,1,5
20868,29748,28111,1,5
20869,29751,28113,0,3
20870,29752,28114,0,3
20871,29753,28015,0,3
20872,29754,28115,0,5
20873,29757,28118,0,4
20874,29758,28119,0,3
20875,29759,28120,0,3
20876,29760,28121,0,4
20877,29762,28123,0,1
20878,29763,28124,0,2
20879,29764,28125,0,5
20880,29765,28126,0,4
20881,29766,28125,0,5
20882,29767,28127,1,1
20883,29768,28128,0,3
20884,29770,28130,0,4
20885,29771,28131,1,2
20886,29772,28132,0,3
20887,29774,28134,0,2
20888,29775,28135,0,4
20889,29778,28137,0,3
20890,29779,28138,0,5
20891,29780,28139,0,1
20892,29781,28140,0,1
20893,29782,28141,0,5
20894,29783,28142,0,4
20895,29787,28146,0,1
20896,29789,28148,0,1
20897,29790,28149,0,2
20898,29792,28080,0,3
20899,29795,28152,1,2
20900,29796,28153,0,1
20901,29797,28154,0,3
20902,29798,28155,0,2
20903,29801,28158,0,4
20904,29802,28159,0,2
20905,29803,28160,0,3
20906,29804,28161,0,3
20907,29805,28162,0,5
20908,29806,28163,0,2
20909,29807,28164,0,1
20910,29808,28165,1,5
20911,29812,28169,0,3
20912,29813,28170,0,1
20913,29815,28172,0,1
20914,29816,28173,0,5
20915,29817,28174,0,5
20916,29818,28175,0,1
20917,29820,28177,1,2
20918,29822,28179,0,3
20919,29823,28180,1,3
20920,29824,28181,1,3
20921,29827,28184,0,1
20922,29830,28187,0,5
20923,29831,28188,0,1
20924,29832,28189,0,5
20925,29833,28190,1,4
20926,29834,28191,0,4
20927,29835,28192,0,1
20928,29837,28194,0,4
20929,29839,28196,0,2
20930,29840,28197,0,2
20931,29841,28198,0,4
20932,29844,28201,0,4
20933,29845,28202,0,2
20934,29847,28204,0,2
20935,29848,28205,0,3
20936,29849,28206,0,1
20937,29850,28207,0,1
20938,29852,28209,0,2
20939,29855,28211,0,1
20940,29857,28213,0,3
20941,29858,28214,0,3
20942,29859,28215,0,1
20943,29861,28216,0,1
20944,29862,28217,0,3
20945,29863,28218,0,2
20946,29865,28220,0,2
20947,29866,28221,0,2
20948,29870,28225,0,4
20949,29871,28226,0,3
20950,29872,28227,0,4
20951,29873,28228,0,1
20952,29874,28229,0,3
20953,29875,27768,0,4
20954,29877,28231,0,2
20955,29879,28233,0,1
20956,29880,28234,0,3
20957,29881,28235,0,5
20958,29883,28237,0,2
20959,29884,28238,0,2
20960,29885,28239,0,5
20961,29886,28240,0,1
20962,29887,28241,0,4
20963,29889,28243,0,4
20964,29890,28244,0,5
20965,29891,28245,0,3
20966,29892,28246,0,3
20967,29894,28248,0,4
20968,29896,28250,0,1
20969,29898,28252,0,1
20970,29902,28256,0,5
20971,29903,28257,0,5
20972,29904,28258,0,1
20973,29905,28259,0,1
20974,29906,28260,0,1
20975,29907,28261,0,1
20976,29908,28262,0,1
20977,29909,28263,0,2
20978,29910,28264,0,1
20979,29911,28265,0,4
20980,29912,28266,0,1
20981,29914,28268,0,4
20982,29915,28269,0,3
20983,29916,28270,0,3
20984,29917,28271,0,5
20985,29918,28272,0,3
20986,29920,28274,0,3
20987,29924,28278,0,3
20988,29925,28279,0,2
20989,29926,28280,0,4
20990,29928,28282,0,1
20991,29929,28283,0,1
20992,29930,28284,0,3
20993,29932,28286,0,2
20994,29933,28287,0,4
20995,29935,28289,0,1
20996,29938,28292,0,4
20997,29939,28293,0,4
20998,29941,28295,0,1
20999,29942,28296,0,3
21000,29945,28299,0,1
21001,29949,28303,0,1
21002,29951,28305,0,2
21003,29952,28306,0,1
21004,29953,28307,0,2
21005,29956,28310,0,1
21006,29957,28311,0,2
21007,29958,28312,0,1
21008,29959,28313,0,4
21009,29960,28314,0,2
21010,29961,28315,0,3
21011,29962,28316,0,1
21012,29963,28317,0,1
21013,29964,28318,0,3
21014,29965,28319,0,3
21015,29966,28320,0,3
21016,29968,28322,0,2
21017,29970,28324,1,5
21018,29971,28325,1,1
21019,29972,28326,1,5
21020,29973,28327,0,1
21021,29974,28328,0,4
21022,29975,28329,0,5
21023,29977,28331,1,3
21024,29978,28332,1,1
21025,29980,28334,1,5
21026,29982,28336,0,4
21027,29983,28337,0,4
21028,29986,28340,1,5
21029,29987,28341,0,3
21030,29989,28342,1,1
21031,29990,28343,0,5
21032,29992,28345,0,3
21033,29993,28346,0,4
21034,29994,28347,1,4
21035,29997,28350,0,4
21036,29999,28352,0,5
21037,30000,28353,1,4
21038,30001,28354,1,2
21039,30002,28355,1,2
21040,30004,28357,1,4
21041,30005,28358,1,4
21042,30006,28359,1,2
21043,30007,28360,1,3
21044,30008,28361,1,5
21045,30009,28362,0,4
21046,30011,28364,0,5
21047,30012,28365,0,1
21048,30013,28366,0,3
21049,30017,28370,1,4
21050,30021,28373,1,2
21051,30022,28374,0,4
21052,30023,28375,1,1
21053,30025,28377,1,2
21054,30027,28379,1,1
21055,30028,28380,1,4
21056,30029,28381,0,5
21057,30030,28382,1,2
21058,30031,28383,1,2
21059,30032,28384,1,4
21060,30034,28386,1,4
21061,30036,28388,1,2
21062,30039,28391,1,4
21063,30040,28392,1,5
21064,30041,28393,1,1
21065,30042,28394,0,1
21066,30043,28395,0,2
21067,30044,28396,0,3
21068,30045,28397,1,4
21069,30048,28400,1,1
21070,30049,28401,1,4
21071,30050,28402,1,5
21072,30052,28404,0,4
21073,30053,28405,0,2
21074,30055,28407,1,3
21075,30056,28408,1,5
21076,30057,28409,0,5
21077,30058,28410,1,1
21078,30060,28412,1,4
21079,30063,28415,1,4
21080,30064,28416,0,2
21081,30065,28417,1,3
21082,30067,28419,0,3
21083,30068,28420,0,1
21084,30070,28422,0,1
21085,30071,28423,0,2
21086,30074,28426,0,5
21087,30075,28427,0,5
21088,30076,28428,1,3
21089,30078,28430,0,5
21090,30080,28432,0,3
21091,30081,28433,1,5
21092,30082,28434,1,5
21093,30083,28435,1,4
21094,30085,28437,0,3
21095,30086,28438,0,5
21096,30088,28440,0,4
21097,30089,28441,1,4
21098,30090,28442,0,1
21099,30091,28443,0,3
21100,30092,28444,1,1
21101,30093,28445,0,4
21102,30094,28445,0,4
21103,30096,28447,1,2
21104,30097,28442,1,1
21105,30099,28449,0,2
21106,30100,28450,0,2
21107,30101,28451,1,1
21108,30102,28451,0,1
21109,30103,28452,0,2
21110,30104,28453,0,5
21111,30105,28454,1,5
21112,30106,28455,0,4
21113,30112,28461,1,2
21114,30115,28464,0,4
21115,30116,28465,0,4
21116,30117,28466,0,1
21117,30118,28467,1,1
21118,30119,28468,1,5
21119,30120,28469,1,2
21120,30121,28470,0,2
21121,30124,28473,0,1
21122,30125,28474,0,4
21123,30126,28475,0,2
21124,30127,28476,0,3
21125,30128,28477,0,4
21126,30129,28476,0,3
21127,30130,28478,0,4
21128,30132,28480,1,4
21129,30133,28481,1,3
21130,30134,28482,1,2
21131,30135,28483,1,4
21132,30136,28484,0,2
21133,30137,28485,0,1
21134,30138,28486,1,5
21135,30140,28488,1,4
21136,30143,28491,1,5
21137,30144,28492,0,3
21138,30145,28493,0,1
21139,30146,28494,1,2
21140,30148,28494,1,2
21141,30149,28496,1,1
21142,30150,28497,0,2
21143,30151,28498,0,1
21144,30152,28499,0,1
21145,30154,28501,0,2
21146,30155,28502,0,5
21147,30157,28504,1,2
21148,30158,28505,1,3
21149,30159,28506,1,5
21150,30161,28508,1,4
21151,30162,28509,0,2
21152,30163,28510,0,2
21153,30166,28512,0,5
21154,30167,28513,1,3
21155,30168,28514,1,3
21156,30169,28512,0,5
21157,30170,28515,0,1
21158,30171,28516,0,1
21159,30173,28518,0,3
21160,30175,28520,1,1
21161,30177,28522,1,3
21162,30178,28523,0,3
21163,30180,28525,1,4
21164,30182,28527,1,3
21165,30183,28528,1,5
21166,30184,28529,1,3
21167,30185,28530,1,2
21168,30187,28532,0,2
21169,30188,28533,1,2
21170,30189,28534,1,5
21171,30190,28535,1,5
21172,30193,28494,0,2
21173,30194,28538,1,4
21174,30195,28539,1,1
21175,30196,28540,0,5
21176,30197,28541,1,4
21177,30198,28494,1,2
21178,30199,28542,0,4
21179,30201,28544,0,2
21180,30202,28545,1,5
21181,30203,28546,1,2
21182,30205,28548,0,2
21183,30207,28550,1,1
21184,30209,28552,1,3
21185,30211,28554,0,2
21186,30212,28555,1,1
21187,30213,28556,0,5
21188,30216,28559,0,4
21189,30217,28560,1,2
21190,30218,28556,1,5
21191,30219,28561,1,2
21192,30220,28562,1,5
21193,30221,28563,0,3
21194,30222,28563,0,3
21195,30224,28565,0,1
21196,30225,28566,0,2
21197,30226,28567,0,5
21198,30227,28568,0,5
21199,30228,28569,0,4
21200,30232,28573,0,2
21201,30233,28574,1,5
21202,30234,28573,1,2
21203,30237,28577,0,5
21204,30238,28578,1,5
21205,30243,28583,1,5
21206,30244,28584,0,5
21207,30245,28585,0,3
21208,30246,28586,0,3
21209,30248,28588,0,4
21210,30250,28590,0,2
21211,30252,28592,1,2
21212,30253,28593,1,5
21213,30255,28595,0,3
21214,30259,28599,0,3
21215,30261,28595,0,3
21216,30262,28595,0,3
21217,30264,28595,0,3
21218,30265,28601,0,3
21219,30266,28602,0,4
21220,30268,28604,1,5
21221,30270,28606,1,3
21222,30271,28607,0,2
21223,30272,28608,0,4
21224,30273,28609,1,4
21225,30274,28610,1,5
21226,30275,28611,0,2
21227,30277,28613,1,5
21228,30280,28615,0,1
21229,30281,28616,0,4
21230,30282,28617,1,4
21231,30283,28601,1,3
21232,30284,28618,1,3
21233,30285,28619,0,1
21234,30288,28622,1,4
21235,30289,28623,1,5
21236,30290,28624,0,2
21237,30292,28626,1,1
21238,30293,28627,0,1
21239,30294,28628,1,1
21240,30297,28631,1,4
21241,30301,28634,1,5
21242,30303,28636,1,3
21243,30304,28637,0,3
21244,30305,28638,0,4
21245,30306,28552,0,3
21246,30307,28639,0,5
21247,30308,28640,0,1
21248,30309,28641,1,1
21249,30310,28642,1,4
21250,30311,28643,1,5
21251,30313,28645,0,2
21252,30316,28648,1,1
21253,30317,28649,0,2
21254,30318,28650,0,2
21255,30319,28651,1,4
21256,30320,28652,0,3
21257,30321,28653,0,5
21258,30323,28655,1,3
21259,30324,28640,0,1
21260,30325,28494,0,2
21261,30326,28656,1,5
21262,30327,28657,0,5
21263,30328,28658,0,3
21264,30329,28659,1,4
21265,30330,28660,1,1
21266,30331,28661,0,1
21267,30332,28662,1,4
21268,30333,28663,0,5
21269,30334,28664,0,2
21270,30336,28666,1,5
21271,30337,28667,1,2
21272,30338,28668,0,1
21273,30339,28669,1,3
21274,30344,28674,0,4
21275,30347,28677,0,1
21276,30348,28678,1,4
21277,30349,28679,0,3
21278,30350,28680,1,5
21279,30351,28681,0,2
21280,30352,28682,0,2
21281,30353,28683,0,1
21282,30354,28684,0,1
21283,30355,28685,0,4
21284,30356,28686,1,4
21285,30357,28476,1,3
21286,30360,28689,1,4
21287,30361,28690,1,5
21288,30362,28691,1,1
21289,30363,28692,0,5
21290,30364,28693,0,5
21291,30366,28694,1,4
21292,30367,28695,0,2
21293,30368,28696,1,3
21294,30369,28697,0,1
21295,30370,28698,0,4
21296,30371,28699,0,1
21297,30372,28700,1,4
21298,30374,28702,0,1
21299,30375,28703,0,2
21300,30376,28704,0,3
21301,30377,28705,1,4
21302,30380,28708,0,5
21303,30383,28711,1,5
21304,30384,28712,0,1
21305,30390,28718,0,4
21306,30391,28719,0,3
21307,30392,28720,0,4
21308,30393,28721,1,5
21309,30398,28725,0,2
21310,30399,28726,1,2
21311,30400,28727,1,2
21312,30401,28728,1,1
21313,30403,28730,1,1
21314,30405,28732,0,4
21315,30406,28733,1,3
21316,30407,28734,1,5
21317,30408,28735,1,4
21318,30409,28482,0,2
21319,30410,28736,0,5
21320,30411,28737,1,2
21321,30413,28739,1,2
21322,30417,28741,1,1
21323,30418,28742,1,2
21324,30419,28743,0,3
21325,30420,28744,0,2
21326,30422,28592,1,2
21327,30425,28748,0,4
21328,30427,28617,0,4
21329,30428,28750,1,4
21330,30431,28753,0,1
21331,30432,28754,0,5
21332,30433,28755,0,3
21333,30434,28756,1,3
21334,30436,28758,1,1
21335,30438,28760,0,5
21336,30439,28761,1,5
21337,30442,28764,0,5
21338,30443,28765,0,3
21339,30444,28766,0,3
21340,30445,28767,0,3
21341,30446,28768,0,3
21342,30447,28769,0,4
21343,30451,28773,1,1
21344,30452,28774,1,5
21345,30454,28776,1,1
21346,30456,28778,0,1
21347,30458,28780,1,5
21348,30459,28781,1,5
21349,30461,28783,1,2
21350,30462,28784,1,5
21351,30463,28785,1,2
21352,30464,28786,1,5
21353,30465,28787,0,4
21354,30466,28788,0,2
21355,30467,28789,1,2
21356,30468,28790,1,1
21357,30469,28791,0,3
21358,30470,28792,0,1
21359,30471,28793,1,4
21360,30472,28794,1,4
21361,30473,28795,1,4
21362,30474,28796,0,1
21363,30475,28797,0,5
21364,30476,28798,0,3
21365,30477,28799,0,4
21366,30479,28801,0,4
21367,30481,28803,0,2
21368,30483,28805,0,4
21369,30484,28806,0,1
21370,30486,28808,0,1
21371,30489,28811,0,4
21372,30491,28813,0,3
21373,30492,28814,0,1
21374,30493,28815,1,2
21375,30494,28816,0,2
21376,30495,28817,0,4
21377,30496,28818,1,1
21378,30497,28819,1,5
21379,30498,28820,0,3
21380,30499,28821,0,2
21381,30501,28823,1,2
21382,30502,28824,1,2
21383,30503,28825,0,5
21384,30507,28829,0,1
21385,30511,28833,0,3
21386,30512,28834,0,1
21387,30513,28835,0,5
21388,30515,28837,0,2
21389,30516,28838,1,3
21390,30517,28839,0,2
21391,30519,28841,0,5
21392,30520,28842,0,1
21393,30521,28843,0,1
21394,30522,28844,0,4
21395,30523,28845,0,1
21396,30524,28846,0,1
21397,30525,28847,0,1
21398,30528,28850,0,1
21399,30530,28852,0,4
21400,30532,28854,0,2
21401,30534,28856,0,2
21402,30535,28857,1,1
21403,30539,28861,0,2
21404,30541,28863,0,2
21405,30542,28864,1,3
21406,30543,28865,0,2
21407,30544,28866,1,1
21408,30546,28868,0,2
21409,30547,28869,0,2
21410,30548,28870,0,1
21411,30551,28873,0,2
21412,30553,28874,0,2
21413,30554,28875,0,1
21414,30555,28876,1,4
21415,30558,28879,0,5
21416,30560,28881,0,1
21417,30561,28882,0,2
21418,30562,28883,0,2
21419,30563,28884,0,1
21420,30564,28885,0,4
21421,30565,28886,1,5
21422,30566,28887,0,3
21423,30568,28889,1,3
21424,30570,28891,0,2
21425,30574,28854,0,2
21426,30576,28792,0,1
21427,30577,28896,0,3
21428,30578,28897,0,2
21429,30579,28898,0,1
21430,30580,28899,0,5
21431,30582,28901,0,4
21432,30584,28903,0,2
21433,30586,28905,1,4
21434,30588,28907,0,4
21435,30589,28908,1,3
21436,30590,28909,0,2
21437,30591,28910,1,5
21438,30593,28912,1,5
21439,30594,28913,0,1
21440,30595,28914,1,3
21441,30598,28917,1,3
21442,30599,28918,1,1
21443,30600,28919,0,3
21444,30602,28921,0,1
21445,30604,28923,0,4
21446,30605,28924,0,5
21447,30606,28925,0,4
21448,30608,28927,0,1
21449,30609,28928,0,3
21450,30610,28929,1,1
21451,30611,28930,0,1
21452,30613,28932,0,4
21453,30614,28933,1,4
21454,30621,28940,1,3
21455,30622,28941,0,2
21456,30623,28942,0,5
21457,30625,28944,0,5
21458,30627,28946,1,2
21459,30628,28947,0,4
21460,30629,28948,0,3
21461,30630,28949,0,1
21462,30631,28950,0,1
21463,30632,28951,0,5
21464,30633,28952,0,2
21465,30634,28953,0,3
21466,30635,28954,1,4
21467,30636,28955,0,1
21468,30637,28956,0,3
21469,30638,28957,1,4
21470,30639,28958,0,5
21471,30641,28960,0,1
21472,30642,28961,0,4
21473,30643,28962,0,4
21474,30645,28964,0,4
21475,30646,28965,0,5
21476,30647,28966,0,4
21477,30648,28967,0,1
21478,30649,28968,0,5
21479,30652,28971,0,4
21480,30653,28972,0,1
21481,30655,28974,0,5
21482,30656,28975,0,3
21483,30657,28976,0,1
21484,30658,28977,0,2
21485,30660,28979,0,1
21486,30662,28981,0,4
21487,30663,28982,0,2
21488,30665,28984,0,2
21489,30666,28985,0,4
21490,30668,28987,0,1
21491,30669,28988,0,1
21492,30671,28990,0,5
21493,30672,28991,0,2
21494,30673,28992,0,1
21495,30678,28997,0,2
21496,30679,28998,0,4
21497,30680,28999,0,2
21498,30682,29001,0,3
21499,30683,29002,0,3
21500,30684,29003,0,1
21501,30686,29004,0,3
21502,30687,29005,0,3
21503,30689,29007,0,3
21504,30690,29008,0,4
21505,30693,29011,0,4
21506,30695,29012,0,2
21507,30696,29013,0,4
21508,30697,29013,0,4
21509,30698,29014,0,5
21510,30699,29012,0,2
21511,30701,29016,0,4
21512,30702,29014,0,5
21513,30703,29017,0,4
21514,30705,29019,0,4
21515,30706,29019,0,4
21516,30707,29020,0,1
21517,30708,29021,0,5
21518,30710,29023,0,1
21519,30712,29025,0,3
21520,30713,29026,0,1
21521,30714,29027,0,5
21522,30715,29028,0,2
21523,30716,29029,0,1
21524,30718,29031,0,5
21525,30720,29032,0,2
21526,30721,29033,1,3
21527,30722,29034,0,5
21528,30723,29035,1,2
21529,30725,29037,0,4
21530,30726,29038,0,2
21531,30727,29039,1,1
21532,30729,29041,1,4
21533,30731,29042,0,3
21534,30739,29050,0,5
21535,30741,29052,0,4
21536,30742,29053,0,3
21537,30743,29054,0,2
21538,30744,29055,1,2
21539,30745,29056,0,1
21540,30746,29057,0,1
21541,30747,29058,0,4
21542,30751,29004,0,3
21543,30753,29062,0,3
21544,30754,29063,0,5
21545,30755,29064,0,1
21546,30756,29065,0,3
21547,30757,29066,0,3
21548,30758,29067,0,5
21549,30760,29069,1,3
21550,30761,29070,0,2
21551,30762,29071,0,2
21552,30763,29072,0,1
21553,30764,29073,0,3
21554,30765,29074,0,2
21555,30767,29076,0,3
21556,30769,29078,1,4
21557,30770,29079,0,5
21558,30771,29080,0,3
21559,30772,29081,0,2
21560,30773,29082,0,2
21561,30774,29083,0,1
21562,30775,29082,0,2
21563,30776,29084,0,5
21564,30778,29013,0,4
21565,30780,29087,0,3
21566,30782,29089,0,4
21567,30783,29090,0,4
21568,30784,29091,0,4
21569,30785,29076,0,3
21570,30786,29092,0,4
21571,30787,29093,0,4
21572,30788,29094,1,4
21573,30790,29096,0,3
21574,30792,29098,0,3
21575,30793,29099,0,3
21576,30796,29102,0,2
21577,30798,29104,0,5
21578,30799,29105,0,1
21579,30800,29106,0,5
21580,30801,29107,0,3
21581,30804,29110,0,4
21582,30805,29111,0,2
21583,30806,29112,0,2
21584,30807,29025,0,3
21585,30808,29110,0,4
21586,30809,29113,0,3
21587,30810,29113,0,3
21588,30811,29113,0,3
21589,30812,29114,0,1
21590,30813,29115,0,1
21591,30815,29117,0,2
21592,30816,29118,0,4
21593,30817,29119,0,1
21594,30818,29120,0,4
21595,30819,29121,0,1
21596,30820,29122,0,2
21597,30821,29123,0,4
21598,30822,29124,0,4
21599,30823,29125,0,5
21600,30824,29124,0,4
21601,30828,29128,0,5
21602,30829,29129,0,2
21603,30830,29130,0,5
21604,30831,29131,0,1
21605,30833,29133,0,4
21606,30834,29134,0,2
21607,30835,29135,0,1
21608,30836,29136,0,1
21609,30837,29137,0,5
21610,30839,29139,0,5
21611,30840,29140,0,4
21612,30841,29141,0,5
21613,30843,29143,1,1
21614,30844,29144,1,1
21615,30846,29146,0,3
21616,30847,29147,0,5
21617,30848,29146,0,3
21618,30850,29149,0,2
21619,30851,29150,0,1
21620,30852,29151,0,1
21621,30855,29154,0,3
21622,30857,29156,0,1
21623,30860,29159,0,4
21624,30861,29160,0,3
21625,30862,29161,0,3
21626,30863,29162,0,5
21627,30864,29163,0,3
21628,30865,29164,0,4
21629,30867,29166,0,2
21630,30868,29164,0,4
21631,30869,29167,0,3
21632,30870,29168,0,4
21633,30871,29169,0,2
21634,30872,29170,1,1
21635,30874,29172,0,3
21636,30876,29174,0,3
21637,30880,29178,0,4
21638,30883,29179,0,2
21639,30884,29180,0,1
21640,30885,29181,0,3
21641,30887,29183,1,2
21642,30888,29184,0,1
21643,30889,29185,0,2
21644,30891,29187,0,1
21645,30892,29188,0,5
21646,30893,29080,0,3
21647,30894,29189,0,3
21648,30895,29190,0,2
21649,30896,29019,0,4
21650,30898,29192,0,1
21651,30901,29195,0,3
21652,30902,29196,0,5
21653,30903,29197,0,3
21654,30905,29199,0,2
21655,30907,29201,0,1
21656,30909,29203,0,3
21657,30910,29204,0,1
21658,30911,29205,0,5
21659,30912,29206,0,3
21660,30913,29207,0,2
21661,30914,29208,0,5
21662,30915,29209,0,3
21663,30919,29213,0,3
21664,30920,29214,0,4
21665,30921,29215,0,4
21666,30922,29216,0,2
21667,30923,29217,0,5
21668,30924,29218,0,4
21669,30926,29220,0,4
21670,30927,29221,0,2
21671,30928,29222,0,2
21672,30929,29223,0,4
21673,30930,29224,0,3
21674,30931,29225,0,1
21675,30932,29226,0,1
21676,30933,29227,0,1
21677,30934,29228,0,4
21678,30935,29013,0,4
21679,30936,29229,1,5
21680,30937,29230,0,3
21681,30938,29231,0,5
21682,30939,29232,0,3
21683,30940,29233,0,2
21684,30941,29234,1,3
21685,30942,29234,0,3
21686,30943,29235,0,5
21687,30944,29236,0,4
21688,30945,29237,0,1
21689,30947,29239,0,5
21690,30948,29240,0,3
21691,30949,29241,0,5
21692,30950,29242,0,3
21693,30952,29244,0,5
21694,30954,29246,0,3
21695,30955,29247,0,2
21696,30956,29248,0,5
21697,30957,29249,0,2
21698,30959,29251,0,3
21699,30960,29252,0,2
21700,30961,29253,0,5
21701,30962,29254,0,2
21702,30964,29256,0,5
21703,30965,29257,1,1
21704,30969,29260,0,4
21705,30971,29261,0,5
21706,30972,29262,0,2
21707,30973,29263,0,4
21708,30974,29264,0,3
21709,30977,29267,1,1
21710,30978,29268,0,1
21711,30979,29269,0,3
21712,30980,29270,0,4
21713,30981,29271,0,4
21714,30982,29272,0,3
21715,30983,29273,0,4
21716,30984,29274,0,1
21717,30986,29239,0,5
21718,30987,29276,0,2
21719,30988,29277,0,1
21720,30989,29278,0,3
21721,30990,29279,0,2
21722,30991,29280,0,4
21723,30992,29281,1,3
21724,30994,29225,0,1
21725,30995,29283,0,3
21726,30996,29284,0,1
21727,30997,29285,0,3
21728,30998,29286,0,3
21729,30999,29287,0,2
21730,31000,29288,0,5
21731,31001,29289,0,2
21732,31003,29160,0,3
21733,31006,29293,0,5
21734,31007,29294,0,4
21735,31008,29295,0,4
21736,31010,29297,0,2
21737,31014,29301,0,5
21738,31015,29302,0,5
21739,31016,29303,0,5
21740,31018,29305,0,4
21741,31019,29306,0,5
21742,31022,29309,0,2
21743,31023,29310,0,3
21744,31024,29311,0,2
21745,31025,29312,0,4
21746,31026,29313,0,5
21747,31027,29314,0,1
21748,31029,29316,0,1
21749,31030,29317,0,1
21750,31033,29320,0,4
21751,31034,29321,0,4
21752,31035,29322,0,2
21753,31036,29323,0,2
21754,31037,29324,0,3
21755,31039,29326,0,4
21756,31040,29327,0,2
21757,31041,29328,0,3
21758,31042,29329,0,5
21759,31043,29330,0,1
21760,31044,29331,0,3
21761,31045,29332,0,4
21762,31046,29333,0,1
21763,31047,29334,0,4
21764,31048,29335,0,2
21765,31049,29336,0,3
21766,31050,29337,0,1
21767,31051,29338,0,2
21768,31052,29339,0,4
21769,31053,29340,1,2
21770,31054,29341,0,4
21771,31055,29342,0,1
21772,31056,29343,0,1
21773,31057,29344,0,4
21774,31059,29346,0,4
21775,31060,29347,0,5
21776,31061,29348,0,4
21777,31062,29349,0,1
21778,31063,29350,0,1
21779,31064,29341,0,4
21780,31065,29351,0,3
21781,31066,29352,0,4
21782,31067,29353,0,3
21783,31068,29354,0,3
21784,31070,29356,0,1
21785,31071,29357,0,3
21786,31074,29360,0,2
21787,31076,29362,0,3
21788,31077,29363,0,2
21789,31078,29364,0,2
21790,31079,29365,0,2
21791,31080,29366,0,4
21792,31086,29372,0,5
21793,31087,29373,0,5
21794,31088,29374,1,4
21795,31092,29378,0,3
21796,31093,29379,0,5
21797,31094,29380,0,5
21798,31096,29382,0,2
21799,31097,29383,0,1
21800,31099,29385,0,5
21801,31100,29386,0,2
21802,31101,29387,0,3
21803,31102,29388,1,3
21804,31103,29389,0,2
21805,31104,29390,0,1
21806,31105,29391,0,4
21807,31106,29392,0,4
21808,31107,29393,0,2
21809,31108,29394,0,4
21810,31109,29395,0,3
21811,31110,29396,0,1
21812,31111,29397,0,2
21813,31112,29398,0,1
21814,31113,29399,0,3
21815,31118,29404,1,3
21816,31120,29406,0,3
21817,31121,29407,1,5
21818,31125,29410,0,2
21819,31126,29411,0,5
21820,31127,29412,0,2
21821,31128,29413,0,1
21822,31129,29414,0,4
21823,31132,29416,0,5
21824,31133,29417,0,4
21825,31134,29418,0,4
21826,31135,29419,0,1
21827,31136,29420,0,2
21828,31137,29421,0,3
21829,31139,29423,1,3
21830,31140,29420,0,2
21831,31141,29424,0,1
21832,31142,29425,0,2
21833,31146,29429,0,3
21834,31147,29419,0,1
21835,31148,29430,0,5
21836,31149,29431,0,5
21837,31153,29435,0,1
21838,31154,29436,0,4
21839,31156,29431,0,5
21840,31159,29440,0,1
21841,31162,29443,0,5
21842,31163,29444,1,1
21843,31164,29445,0,3
21844,31166,29447,0,1
21845,31167,29448,0,2
21846,31168,29449,0,2
21847,31169,29450,0,3
21848,31170,29451,0,4
21849,31172,29453,0,5
21850,31174,29455,0,4
21851,31175,29456,0,5
21852,31179,29460,0,3
21853,31180,29461,1,5
21854,31181,29462,0,4
21855,31182,29463,1,1
21856,31183,29464,0,5
21857,31185,29466,0,1
21858,31186,29467,0,4
21859,31187,29468,0,3
21860,31189,29470,0,5
21861,31190,29471,0,1
21862,31191,29471,0,1
21863,31192,29472,0,5
21864,31194,29474,0,3
21865,31196,29476,0,1
21866,31197,29477,0,1
21867,31201,29481,0,1
21868,31202,29482,0,1
21869,31206,29485,0,3
21870,31208,29487,0,3
21871,31209,29488,0,2
21872,31210,29489,0,3
21873,31214,29493,0,5
21874,31215,29494,0,2
21875,31216,29495,0,5
21876,31217,29496,0,1
21877,31218,29497,0,2
21878,31219,29456,0,5
21879,31220,29498,0,1
21880,31221,29499,0,2
21881,31223,29501,0,2
21882,31226,29504,0,4
21883,31227,29505,0,3
21884,31229,29507,0,5
21885,31230,29508,0,2
21886,31231,29509,0,4
21887,31233,29511,0,4
21888,31238,29516,0,2
21889,31240,29518,0,3
21890,31241,29519,1,5
21891,31244,29522,0,5
21892,31245,29523,0,5
21893,31247,29525,0,4
21894,31249,29527,0,3
21895,31250,29528,0,1
21896,31251,29529,0,4
21897,31252,29530,0,3
21898,31254,29532,0,4
21899,31255,29533,0,2
21900,31256,29534,0,5
21901,31257,29535,0,4
21902,31258,29536,1,2
21903,31261,29539,0,2
21904,31263,29541,0,4
21905,31264,29542,0,1
21906,31266,29544,0,4
21907,31267,29545,0,5
21908,31268,29546,0,4
21909,31269,29547,0,5
21910,31270,29548,0,1
21911,31271,29549,0,2
21912,31272,29550,0,1
21913,31273,29551,1,5
21914,31277,29555,0,2
21915,31278,29556,0,2
21916,31280,29558,0,4
21917,31281,29559,0,3
21918,31283,29561,0,5
21919,31284,29562,0,3
21920,31285,29563,0,3
21921,31286,29563,0,3
21922,31289,29566,0,2
21923,31290,29567,0,2
21924,31291,29568,0,2
21925,31292,29569,1,3
21926,31293,29570,0,1
21927,31294,29571,0,1
21928,31295,29571,0,1
21929,31296,29572,0,2
21930,31298,29574,0,1
21931,31299,29349,0,1
21932,31300,29575,0,4
21933,31301,29576,0,4
21934,31302,29577,0,3
21935,31303,29578,0,5
21936,31307,29582,1,5
21937,31308,29583,0,3
21938,31309,29584,0,4
21939,31310,29585,0,2
21940,31311,29586,0,4
21941,31313,29588,0,1
21942,31315,29590,0,1
21943,31316,29591,0,2
21944,31317,29592,0,2
21945,31319,29519,0,5
21946,31320,29594,0,4
21947,31321,29595,0,5
21948,31322,29596,1,2
21949,31323,29597,0,1
21950,31324,29598,0,3
21951,31325,29481,0,1
21952,31326,29599,0,2
21953,31327,29600,0,5
21954,31328,29601,0,1
21955,31330,29603,0,3
21956,31331,29604,0,4
21957,31332,29605,1,1
21958,31333,29606,0,3
21959,31334,29607,0,2
21960,31335,29608,0,5
21961,31338,29611,0,1
21962,31339,29611,0,1
21963,31341,29613,0,3
21964,31343,29614,0,5
21965,31344,29615,0,5
21966,31345,29616,0,2
21967,31346,29617,0,4
21968,31347,29618,0,1
21969,31348,29619,0,2
21970,31349,29620,0,5
21971,31350,29621,0,1
21972,31351,29622,0,2
21973,31352,29623,0,1
21974,31354,29624,0,3
21975,31355,29625,0,2
21976,31356,29626,0,4
21977,31357,29627,0,3
21978,31358,29628,0,1
21979,31359,29629,0,4
21980,31360,29630,0,1
21981,31361,29631,0,5
21982,31362,29632,0,5
21983,31363,29633,0,5
21984,31365,29635,0,1
21985,31366,29636,0,3
21986,31367,29637,1,3
21987,31368,29493,0,5
21988,31370,29639,0,1
21989,31371,29640,0,2
21990,31372,29641,0,4
21991,31374,29643,0,3
21992,31375,29644,0,1
21993,31376,29645,0,3
21994,31378,29647,0,4
21995,31379,29648,0,2
21996,31382,29651,0,1
21997,31384,29653,0,4
21998,31386,29655,0,4
21999,31387,29391,0,4
22000,31389,29657,0,3
22001,31390,29658,0,3
22002,31391,29659,0,4
22003,31392,29660,0,3
22004,31394,29662,0,2
22005,31395,29663,0,2
22006,31396,29664,0,5
22007,31399,29667,0,4
22008,31400,29668,1,4
22009,31401,29669,0,5
22010,31402,29670,0,3
22011,31403,29671,0,1
22012,31404,29672,1,3
22013,31406,29674,0,2
22014,31407,29675,1,4
22015,31408,29676,0,1
22016,31409,29677,0,2
22017,31410,29678,0,5
22018,31411,29679,0,2
22019,31412,29680,0,2
22020,31414,29682,0,3
22021,31415,29683,0,5
22022,31416,29684,0,5
22023,31417,29685,0,4
22024,31418,29686,0,1
22025,31419,29687,0,2
22026,31420,29688,0,4
22027,31424,29692,0,2
22028,31425,29693,0,2
22029,31426,29694,0,4
22030,31428,29696,0,5
22031,31429,29697,0,1
22032,31430,29698,0,1
22033,31432,29563,0,3
22034,31433,29700,0,2
22035,31434,29701,0,2
22036,31435,29702,0,1
22037,31436,29703,1,2
22038,31439,29706,0,1
22039,31446,29713,0,1
22040,31447,29714,0,5
22041,31448,29715,0,3
22042,31449,29716,0,2
22043,31450,29717,0,4
22044,31451,29718,0,2
22045,31452,29719,0,2
22046,31453,29720,0,2
22047,31454,29721,0,3
22048,31455,29722,0,3
22049,31456,29723,0,1
22050,31457,29724,0,3
22051,31460,29727,0,4
22052,31461,29728,0,5
22053,31462,29729,0,1
22054,31464,29731,0,1
22055,31465,29732,0,4
22056,31466,29733,0,3
22057,31469,29736,0,4
22058,31470,29737,0,4
22059,31471,29738,0,2
22060,31472,29662,0,2
22061,31477,29742,0,5
22062,31478,29743,0,4
22063,31480,29745,0,2
22064,31482,29747,0,5
22065,31483,29748,0,4
22066,31484,29749,0,2
22067,31485,29750,0,1
22068,31487,29752,0,4
22069,31488,29335,0,2
22070,31489,29753,0,5
22071,31492,29756,0,1
22072,31493,29757,0,3
22073,31495,29759,0,5
22074,31497,29761,0,5
22075,31498,29762,0,5
22076,31500,29764,0,3
22077,31502,29766,0,2
22078,31503,29767,1,4
22079,31504,29768,0,3
22080,31505,29769,0,3
22081,31506,29770,0,5
22082,31508,29772,0,4
22083,31509,29773,1,3
22084,31512,29775,0,2
22085,31513,29776,0,3
22086,31514,29777,0,5
22087,31515,29778,0,3
22088,31519,29782,0,1
22089,31520,29783,0,4
22090,31521,29784,1,2
22091,31522,29785,0,2
22092,31523,29786,0,5
22093,31525,29788,0,1
22094,31526,29789,0,3
22095,31527,29790,0,1
22096,31528,29791,0,4
22097,31529,29792,0,4
22098,31532,29795,0,1
22099,31533,29796,0,3
22100,31534,29797,0,4
22101,31536,29799,0,2
22102,31537,29800,0,3
22103,31539,29802,0,5
22104,31540,29803,0,4
22105,31541,29804,0,4
22106,31543,29806,0,2
22107,31544,29807,0,2
22108,31545,29808,0,1
22109,31546,29809,0,5
22110,31547,29810,0,5
22111,31548,29811,0,4
22112,31549,29810,0,5
22113,31550,29812,0,1
22114,31551,29813,0,4
22115,31552,29814,0,3
22116,31553,29815,0,5
22117,31554,29816,0,2
22118,31555,29817,0,3
22119,31558,29820,1,3
22120,31560,29822,0,5
22121,31561,29823,0,1
22122,31562,29824,0,5
22123,31563,29825,0,4
22124,31566,29828,0,1
22125,31567,29829,0,2
22126,31568,29830,0,5
22127,31569,29831,0,3
22128,31570,29832,0,1
22129,31571,29833,0,3
22130,31572,29834,0,1
22131,31573,29835,0,4
22132,31574,29836,0,3
22133,31577,29839,0,5
22134,31578,29833,0,3
22135,31579,29840,0,3
22136,31580,29841,0,5
22137,31582,29843,0,4
22138,31583,29844,0,4
22139,31585,29846,0,3
22140,31587,29848,0,5
22141,31588,29849,0,2
22142,31589,29850,0,4
22143,31590,29851,1,1
22144,31591,29852,0,5
22145,31592,29850,0,4
22146,31594,29854,0,1
22147,31595,29855,0,5
22148,31596,29852,0,5
22149,31597,29856,0,1
22150,31598,29857,0,1
22151,31599,29858,0,1
22152,31600,29859,0,5
22153,31601,29860,0,4
22154,31604,29863,0,3
22155,31605,29864,0,1
22156,31606,29865,0,3
22157,31607,29866,0,5
22158,31608,29867,0,3
22159,31609,29868,0,5
22160,31610,29869,0,5
22161,31612,29871,0,2
22162,31613,29872,0,2
22163,31614,29873,0,2
22164,31616,29875,0,3
22165,31617,29876,0,4
22166,31618,29877,0,1
22167,31622,29881,0,1
22168,31623,29882,0,5
22169,31626,29885,0,5
22170,31627,29886,0,5
22171,31628,29886,0,5
22172,31629,29887,0,1
22173,31630,29888,0,5
22174,31633,29891,0,4
22175,31634,29892,0,5
22176,31635,29893,0,2
22177,31636,29894,0,3
22178,31638,29896,0,1
22179,31639,29897,0,2
22180,31640,29898,0,3
22181,31641,29898,0,3
22182,31642,29899,0,3
22183,31643,29900,0,2
22184,31644,29901,0,5
22185,31645,29902,0,2
22186,31646,29903,0,3
22187,31647,29904,0,3
22188,31648,29905,1,5
22189,31649,29906,0,2
22190,31650,29907,0,3
22191,31651,29908,0,3
22192,31655,29912,0,2
22193,31657,29913,1,1
22194,31658,29914,1,5
22195,31659,29915,0,5
22196,31660,29916,0,3
22197,31661,29917,0,2
22198,31662,29918,0,2
22199,31663,29915,0,5
22200,31664,29919,0,4
22201,31665,29920,1,4
22202,31667,29922,0,4
22203,31671,29926,0,2
22204,31672,29927,0,2
22205,31673,29928,0,3
22206,31675,29930,0,3
22207,31676,29931,0,5
22208,31677,29932,0,2
22209,31678,29933,0,3
22210,31679,29934,0,5
22211,31680,29935,0,4
22212,31681,29933,0,3
22213,31682,29936,0,4
22214,31684,29938,0,4
22215,31686,29940,0,1
22216,31687,29941,0,1
22217,31688,29942,0,2
22218,31690,29944,0,2
22219,31692,29946,0,4
22220,31693,29947,0,5
22221,31695,29949,0,2
22222,31697,29951,0,2
22223,31698,29952,0,1
22224,31700,29954,1,3
22225,31701,29951,0,2
22226,31704,29957,0,4
22227,31705,29958,1,3
22228,31706,29959,0,5
22229,31707,29960,0,2
22230,31708,29961,0,4
22231,31709,29962,0,3
22232,31710,29963,0,5
22233,31712,29965,0,4
22234,31714,29965,0,4
22235,31715,29967,0,3
22236,31717,29969,0,4
22237,31718,29970,0,3
22238,31720,29972,0,1
22239,31721,29973,0,4
22240,31722,29974,0,5
22241,31723,29975,0,5
22242,31726,29978,0,2
22243,31727,29979,0,5
22244,31728,29980,0,4
22245,31729,29981,0,1
22246,31731,29983,0,4
22247,31732,29984,0,5
22248,31734,29986,0,5
22249,31735,29987,0,5
22250,31736,29984,0,5
22251,31738,29989,0,4
22252,31739,29990,0,3
22253,31743,29994,0,1
22254,31745,29996,0,2
22255,31747,29997,0,5
22256,31748,29998,0,5
22257,31750,30000,0,5
22258,31751,30001,0,2
22259,31753,30003,0,4
22260,31754,30004,1,5
22261,31755,30005,0,5
22262,31758,30008,0,4
22263,31759,30009,0,4
22264,31760,30010,0,4
22265,31761,30011,0,2
22266,31762,30012,0,4
22267,31763,30013,0,3
22268,31764,30014,0,3
22269,31765,30015,0,2
22270,31766,30016,0,4
22271,31767,30017,0,1
22272,31770,30020,0,4
22273,31771,30021,0,3
22274,31773,30023,0,5
22275,31774,30024,1,2
22276,31775,30025,0,1
22277,31776,30026,0,3
22278,31777,30027,0,4
22279,31778,30028,0,3
22280,31779,30029,0,5
22281,31780,30030,0,1
22282,31781,30031,0,2
22283,31782,29867,0,3
22284,31783,30032,0,1
22285,31784,30033,0,3
22286,31786,30035,0,1
22287,31788,30037,0,1
22288,31789,30038,0,2
22289,31790,30039,0,5
22290,31791,30040,1,1
22291,31792,30041,0,3
22292,31794,30042,0,1
22293,31795,30042,0,1
22294,31796,30043,0,2
22295,31797,30044,0,2
22296,31800,30047,0,4
22297,31801,30048,0,4
22298,31802,30048,0,4
22299,31803,30049,0,3
22300,31804,30048,0,4
22301,31805,30050,0,5
22302,31806,30043,1,2
22303,31808,30052,0,1
22304,31809,30052,0,1
22305,31810,30053,0,3
22306,31811,30054,0,1
22307,31813,30056,0,3
22308,31814,30057,0,1
22309,31815,30058,0,4
22310,31816,30059,1,1
22311,31817,30060,0,2
22312,31818,30061,0,4
22313,31820,30063,0,2
22314,31821,30064,0,5
22315,31822,30065,0,4
22316,31823,30066,0,3
22317,31824,30067,0,3
22318,31826,30069,0,1
22319,31828,30071,0,2
22320,31829,30072,1,4
22321,31830,30073,0,3
22322,31831,30074,0,2
22323,31832,30075,0,5
22324,31834,29871,0,2
22325,31835,30077,0,2
22326,31837,30079,0,4
22327,31838,30080,0,3
22328,31840,30082,0,3
22329,31842,30084,0,2
22330,31843,30085,0,1
22331,31844,30086,0,4
22332,31845,30087,0,1
22333,31847,30089,0,4
22334,31848,30090,0,1
22335,31849,30091,0,5
22336,31850,30092,0,1
22337,31851,30093,0,5
22338,31852,30094,0,3
22339,31853,30095,0,3
22340,31854,30096,0,3
22341,31855,30097,0,4
22342,31857,30099,0,1
22343,31858,30100,0,2
22344,31859,30101,0,1
22345,31861,30103,0,1
22346,31862,30104,0,2
22347,31863,30105,0,4
22348,31864,30106,0,2
22349,31866,30108,0,1
22350,31867,30109,1,3
22351,31868,30110,0,4
22352,31870,30112,1,5
22353,31871,30113,0,1
22354,31872,30114,0,1
22355,31873,30115,0,3
22356,31874,30116,0,1
22357,31875,30117,1,3
22358,31879,30121,0,3
22359,31881,30123,0,3
22360,31882,30124,0,5
22361,31883,30125,0,5
22362,31884,30126,0,1
22363,31885,30127,1,3
22364,31887,30129,0,2
22365,31888,30130,0,1
22366,31890,30132,0,5
22367,31891,30133,0,3
22368,31892,30134,0,1
22369,31893,30135,0,2
22370,31894,30136,0,5
22371,31895,30137,0,5
22372,31896,30138,1,1
22373,31897,30139,0,4
22374,31898,30140,0,4
22375,31900,30142,0,2
22376,31901,30143,0,3
22377,31902,30144,0,2
22378,31903,30145,0,1
22379,31904,30146,0,3
22380,31906,30148,0,2
22381,31907,29904,0,3
22382,31908,30149,0,3
22383,31909,30150,0,3
22384,31910,30151,0,3
22385,31912,30153,0,1
22386,31914,30155,0,5
22387,31915,30156,0,3
22388,31916,30157,0,5
22389,31917,30158,0,4
22390,31919,30160,0,5
22391,31921,30162,0,3
22392,31922,30163,0,3
22393,31923,30164,0,4
22394,31924,30165,0,4
22395,31925,30166,0,5
22396,31926,30167,0,1
22397,31928,30169,0,5
22398,31929,30170,0,3
22399,31932,30173,1,2
22400,31933,30174,0,1
22401,31935,30176,0,1
22402,31936,30177,0,3
22403,31937,30178,0,2
22404,31938,30179,0,5
22405,31940,30181,0,5
22406,31941,30182,0,4
22407,31942,30183,0,3
22408,31943,30184,0,2
22409,31944,30185,1,4
22410,31946,30187,0,5
22411,31947,30188,0,3
22412,31949,30190,0,5
22413,31950,30191,0,2
22414,31951,30192,0,1
22415,31952,30193,0,3
22416,31953,30194,0,4
22417,31955,30196,0,4
22418,31956,30197,0,5
22419,31957,30198,0,2
22420,31958,30199,0,4
22421,31960,30201,0,4
22422,31961,30202,0,1
22423,31962,30146,0,3
22424,31964,30204,0,2
22425,31969,30209,0,5
22426,31972,30212,0,5
22427,31973,30213,0,5
22428,31974,30214,0,4
22429,31975,30215,0,5
22430,31976,30216,0,3
22431,31977,30217,0,2
22432,31978,30218,0,1
22433,31981,30221,1,2
22434,31983,30223,0,1
22435,31985,30225,0,1
22436,31986,30150,0,3
22437,31988,30227,0,2
22438,31989,30228,1,2
22439,31991,30230,0,5
22440,31992,30231,0,2
22441,31993,30232,0,3
22442,31994,30233,0,5
22443,31995,30234,0,3
22444,31996,30235,0,2
22445,31999,30238,0,1
22446,32000,30239,0,2
22447,32001,30240,0,1
22448,32002,30241,0,1
22449,32007,30246,0,2
22450,32008,30247,0,2
22451,32009,30248,0,2
22452,32010,30249,0,5
22453,32011,30250,0,1
22454,32012,30251,0,1
22455,32013,30252,1,3
22456,32015,30254,0,3
22457,32016,30255,0,2
22458,32017,30256,0,4
22459,32018,30257,0,5
22460,32020,30259,0,3
22461,32021,30260,0,5
22462,32023,30262,0,3
22463,32025,30264,0,4
22464,32027,30266,0,3
22465,32028,29965,0,4
22466,32029,30267,1,3
22467,32031,30269,1,5
22468,32033,30271,0,2
22469,32035,30273,0,2
22470,32036,30274,0,3
22471,32037,30275,0,5
22472,32039,30277,0,2
22473,32040,30278,0,1
22474,32041,30279,0,5
22475,32042,30031,0,2
22476,32043,30280,0,5
22477,32044,30281,0,2
22478,32045,30282,0,4
22479,32047,30284,0,2
22480,32048,30285,0,2
22481,32051,30287,0,2
22482,32052,29897,0,2
22483,32054,30288,0,2
22484,32055,30289,0,1
22485,32056,30290,0,2
22486,32059,30293,0,3
22487,32060,30294,0,5
22488,32061,30295,0,2
22489,32062,30296,0,3
22490,32066,30300,0,5
22491,32067,30301,0,3
22492,32068,30302,0,1
22493,32070,30304,0,3
22494,32071,30305,0,1
22495,32072,30306,0,4
22496,32074,30308,0,5
22497,32075,30309,1,3
22498,32077,30311,0,4
22499,32078,30312,0,3
22500,32079,30313,0,4
22501,32081,30315,0,4
22502,32083,30317,0,3
22503,32084,30317,0,3
22504,32086,30319,0,2
22505,32087,30320,0,2
22506,32088,30321,0,1
22507,32089,30322,0,2
22508,32091,30324,0,2
22509,32092,30325,0,3
22510,32093,30326,1,4
22511,32094,30327,0,2
22512,32095,30328,0,4
22513,32099,30332,0,4
22514,32100,30333,0,3
22515,32101,30334,0,1
22516,32102,30335,0,2
22517,32103,30336,0,5
22518,32105,30326,0,4
22519,32106,30338,1,4
22520,32107,30339,0,1
22521,32108,30340,0,1
22522,32110,30342,0,3
22523,32111,30343,0,1
22524,32112,30344,0,5
22525,32114,30346,0,1
22526,32115,30347,0,4
22527,32116,30348,0,4
22528,32118,30350,0,2
22529,32120,30352,0,2
22530,32121,30353,0,3
22531,32122,30354,0,4
22532,32123,30355,0,4
22533,32124,30356,0,3
22534,32125,30357,0,2
22535,32126,30358,0,3
22536,32127,30359,0,5
22537,32128,30360,0,5
22538,32129,30361,0,3
22539,32130,30358,0,3
22540,32131,30361,0,3
22541,32132,30362,0,3
22542,32133,30363,0,2
22543,32135,30365,0,4
22544,32136,30366,0,1
22545,32137,30367,0,3
22546,32138,30368,1,5
22547,32140,30370,0,4
22548,32142,30372,0,1
22549,32144,30374,0,2
22550,32148,30377,0,1
22551,32149,30378,0,5
22552,32150,30379,0,3
22553,32152,30381,0,4
22554,32154,30383,0,2
22555,32155,30384,0,3
22556,32156,30385,0,4
22557,32157,30386,0,3
22558,32158,30387,0,1
22559,32159,30388,0,3
22560,32160,30389,0,5
22561,32161,30390,0,2
22562,32162,30391,0,3
22563,32163,30392,0,2
22564,32164,30393,0,2
22565,32167,30396,0,3
22566,32168,30397,0,3
22567,32169,30398,0,4
22568,32170,30399,0,4
22569,32175,30404,0,4
22570,32176,30405,0,5
22571,32177,30406,0,4
22572,32178,30407,0,5
22573,32179,30408,0,1
22574,32180,30409,0,1
22575,32181,30410,0,1
22576,32182,30411,0,2
22577,32183,30412,0,2
22578,32185,30414,0,4
22579,32186,30415,0,4
22580,32187,30416,0,5
22581,32188,30417,0,5
22582,32189,30418,0,5
22583,32190,30419,0,1
22584,32191,30420,1,4
22585,32193,30422,0,5
22586,32194,30423,0,1
22587,32195,30424,0,5
22588,32196,30425,0,2
22589,32199,30428,0,2
22590,32200,30429,0,3
22591,32201,30430,1,1
22592,32202,30431,0,4
22593,32204,30433,0,2
22594,32205,30434,0,5
22595,32206,30435,0,4
22596,32208,30437,1,3
22597,32209,30438,0,4
22598,32211,30440,0,2
22599,32212,30441,0,4
22600,32216,30445,0,2
22601,32217,30446,0,3
22602,32218,30447,0,3
22603,32219,30448,0,4
22604,32220,30449,0,4
22605,32223,30452,0,5
22606,32224,30453,0,2
22607,32227,30455,0,5
22608,32228,30456,0,4
22609,32229,30457,0,3
22610,32230,30458,0,4
22611,32231,30459,0,3
22612,32232,30460,0,3
22613,32234,30462,0,3
22614,32237,30465,0,2
22615,32239,30467,0,3
22616,32240,30437,0,3
22617,32241,30468,0,3
22618,32242,30469,0,3
22619,32243,30470,0,1
22620,32244,30471,0,2
22621,32249,30475,0,2
22622,32250,30476,0,3
22623,32251,30477,0,1
22624,32252,30478,0,4
22625,32255,30481,0,2
22626,32256,30482,0,3
22627,32257,30483,0,5
22628,32258,30484,1,4
22629,32262,30488,0,3
22630,32263,30489,0,2
22631,32267,30493,0,5
22632,32268,30494,0,1
22633,32269,30495,0,4
22634,32271,30497,0,1
22635,32273,30499,0,4
22636,32274,30500,0,5
22637,32275,30501,0,1
22638,32279,30505,0,2
22639,32281,30507,0,5
22640,32282,30508,0,2
22641,32283,30509,0,4
22642,32284,30510,0,2
22643,32286,30512,0,3
22644,32288,30514,1,5
22645,32289,30515,0,2
22646,32290,30516,0,3
22647,32291,30517,0,4
22648,32293,30519,0,2
22649,32294,30520,0,3
22650,32295,30521,0,2
22651,32297,30523,0,4
22652,32298,30524,0,3
22653,32299,30525,0,5
22654,32301,30527,1,2
22655,32302,30528,0,5
22656,32303,30529,0,2
22657,32304,30530,0,5
22658,32306,30532,0,1
22659,32307,30533,0,1
22660,32308,30534,0,3
22661,32309,30534,0,3
22662,32310,30535,0,3
22663,32312,30537,0,4
22664,32313,30538,0,1
22665,32315,30540,0,1
22666,32316,30541,0,5
22667,32317,30542,1,5
22668,32318,30543,0,5
22669,32319,30544,0,5
22670,32321,30546,0,3
22671,32322,30547,0,2
22672,32324,30549,0,1
22673,32325,30550,0,4
22674,32326,30551,0,2
22675,32327,30552,0,3
22676,32329,30554,0,3
22677,32330,30555,0,5
22678,32331,30321,0,1
22679,32333,30557,0,1
22680,32336,30560,0,1
22681,32337,30561,0,3
22682,32338,30562,0,4
22683,32340,30564,0,5
22684,32341,30565,1,5
22685,32342,30566,0,4
22686,32343,30567,0,1
22687,32344,30568,0,5
22688,32345,30569,0,5
22689,32346,30570,0,5
22690,32347,30571,0,4
22691,32348,30572,1,3
22692,32349,30570,1,5
22693,32350,30573,0,3
22694,32351,30572,1,3
22695,32352,30574,0,3
22696,32353,30434,0,5
22697,32354,30575,0,5
22698,32355,30576,0,1
22699,32356,30577,0,1
22700,32360,30435,0,4
22701,32362,30582,0,2
22702,32363,30583,0,1
22703,32364,30584,0,2
22704,32365,30585,0,3
22705,32369,30589,0,3
22706,32370,30590,0,4
22707,32371,30591,0,4
22708,32375,30594,0,2
22709,32376,30595,0,2
22710,32377,30596,0,1
22711,32378,30597,0,1
22712,32379,30598,0,1
22713,32381,30600,0,5
22714,32383,30602,0,1
22715,32384,30603,0,1
22716,32385,30604,0,2
22717,32386,30605,0,3
22718,32388,30607,0,2
22719,32389,30608,0,5
22720,32390,30609,0,3
22721,32391,30610,0,1
22722,32392,30611,0,4
22723,32393,30612,0,1
22724,32394,30613,0,4
22725,32395,30614,0,4
22726,32399,30618,0,5
22727,32400,30619,0,5
22728,32402,30621,0,2
22729,32403,30622,0,4
22730,32404,30623,0,2
22731,32405,30624,0,3
22732,32406,30625,0,1
22733,32407,30626,0,5
22734,32408,30627,0,1
22735,32409,30628,0,2
22736,32410,30629,0,4
22737,32411,30630,0,4
22738,32413,30632,0,1
22739,32414,30633,0,2
22740,32415,30634,0,5
22741,32416,30635,0,1
22742,32418,30637,0,2
22743,32419,30638,0,4
22744,32420,30639,0,4
22745,32421,30640,0,5
22746,32422,30641,0,4
22747,32424,30643,0,1
22748,32427,30645,0,5
22749,32428,30646,0,3
22750,32429,30647,0,2
22751,32430,30648,0,3
22752,32433,30651,0,3
22753,32435,30653,0,1
22754,32436,30654,0,2
22755,32439,30657,0,5
22756,32440,30658,0,3
22757,32441,30659,0,3
22758,32442,30660,0,3
22759,32445,30663,0,5
22760,32446,30664,0,4
22761,32447,30665,0,2
22762,32448,30666,0,3
22763,32449,30667,0,4
22764,32452,30670,0,3
22765,32453,30671,0,4
22766,32454,30672,0,5
22767,32455,30673,0,4
22768,32457,30675,0,2
22769,32459,30677,0,5
22770,32460,30678,0,5
22771,32461,30679,0,5
22772,32463,30681,0,5
22773,32465,30683,0,1
22774,32466,30684,0,1
22775,32468,30686,0,1
22776,32471,30689,0,1
22777,32473,30691,0,3
22778,32474,30321,0,1
22779,32475,30692,0,5
22780,32476,30693,0,2
22781,32478,30695,0,5
22782,32481,30698,0,2
22783,32482,30699,0,2
22784,32483,30700,1,4
22785,32485,30702,0,1
22786,32486,30703,0,4
22787,32487,30704,0,3
22788,32489,30706,0,1
22789,32491,30708,0,3
22790,32492,30709,0,3
22791,32493,30710,0,5
22792,32494,30711,0,1
22793,32495,30712,1,2
22794,32496,30713,0,2
22795,32498,30715,0,2
22796,32499,30716,0,5
22797,32500,30717,1,1
22798,32503,30720,0,4
22799,32504,30721,0,5
22800,32505,30722,0,1
22801,32506,30723,0,1
22802,32507,30724,0,2
22803,32508,30725,0,1
22804,32510,30727,0,3
22805,32511,30728,0,4
22806,32512,30729,0,3
22807,32513,30730,0,1
22808,32514,30731,0,2
22809,32515,30732,0,1
22810,32518,30734,0,3
22811,32519,30638,0,4
22812,32520,30735,0,3
22813,32521,30736,0,4
22814,32522,30737,0,1
22815,32523,30738,0,4
22816,32524,30739,0,4
22817,32525,30740,0,2
22818,32526,30741,0,4
22819,32528,30743,0,1
22820,32530,30745,0,5
22821,32532,30746,0,2
22822,32537,30749,0,4
22823,32538,30750,0,2
22824,32539,30751,0,3
22825,32540,30752,0,4
22826,32542,30754,0,5
22827,32543,30755,0,1
22828,32544,30756,0,2
22829,32547,30759,0,2
22830,32548,30760,0,3
22831,32549,30750,0,2
22832,32550,30761,0,1
22833,32552,30763,0,1
22834,32553,30764,0,4
22835,32554,30765,0,2
22836,32555,30766,0,4
22837,32556,30767,0,4
22838,32557,30768,0,2
22839,32558,30769,0,2
22840,32560,30771,0,3
22841,32562,30773,0,2
22842,32563,30774,0,2
22843,32564,30775,0,3
22844,32565,30776,0,1
22845,32566,30777,0,1
22846,32568,30779,0,2
22847,32570,30781,0,1
22848,32571,30782,0,5
22849,32572,30783,0,2
22850,32573,30784,0,5
22851,32574,30785,0,5
22852,32575,30786,0,3
22853,32576,30787,0,5
22854,32580,30791,0,5
22855,32581,30792,0,2
22856,32582,30793,0,2
22857,32583,30794,0,3
22858,32585,30796,0,3
22859,32586,30797,0,3
22860,32588,30799,0,1
22861,32589,30800,0,5
22862,32590,30801,0,5
22863,32591,30802,0,1
22864,32592,30803,1,2
22865,32593,30804,0,4
22866,32594,30805,0,5
22867,32595,30804,0,4
22868,32597,30807,0,1
22869,32598,30808,0,2
22870,32600,30810,0,4
22871,32601,30811,0,1
22872,32602,30812,0,4
22873,32603,30813,0,5
22874,32604,30812,0,4
22875,32605,30814,0,3
22876,32607,30816,0,1
22877,32611,30820,0,2
22878,32612,30821,0,3
22879,32613,30821,0,3
22880,32615,30823,0,3
22881,32619,30823,0,3
22882,32620,30827,0,1
22883,32621,30828,0,5
22884,32622,30829,0,3
22885,32623,30830,0,1
22886,32624,30831,0,2
22887,32625,30832,0,3
22888,32626,30833,0,5
22889,32627,30834,0,5
22890,32629,30836,0,2
22891,32630,30837,0,3
22892,32631,30838,0,4
22893,32632,30839,0,1
22894,32633,30840,0,3
22895,32634,30841,0,2
22896,32635,30842,0,3
22897,32636,30843,0,5
22898,32637,30844,0,4
22899,32638,30828,1,5
22900,32639,30836,1,2
22901,32641,30846,0,3
22902,32642,30847,0,5
22903,32643,30848,0,1
22904,32644,30849,0,4
22905,32646,30851,0,2
22906,32648,30853,0,3
22907,32649,30854,0,5
22908,32650,30855,0,2
22909,32652,30857,0,3
22910,32653,30858,0,1
22911,32654,30859,1,2
22912,32655,30860,0,4
22913,32657,30862,0,5
22914,32658,30863,0,3
22915,32659,30864,0,4
22916,32660,30864,0,4
22917,32661,30865,0,1
22918,32663,30867,0,5
22919,32664,30868,1,2
22920,32665,30869,1,5
22921,32666,30870,0,2
22922,32667,30871,0,5
22923,32668,30872,1,1
22924,32669,30873,0,4
22925,32670,30874,0,5
22926,32671,30875,0,1
22927,32672,30876,0,2
22928,32674,30878,0,1
22929,32675,30879,0,1
22930,32676,30878,0,1
22931,32677,30880,0,1
22932,32678,30881,0,1
22933,32680,30883,0,5
22934,32681,30884,0,4
22935,32682,30885,0,4
22936,32683,30886,0,4
22937,32685,30888,0,3
22938,32688,30891,0,3
22939,32690,30893,0,5
22940,32691,30894,0,5
22941,32692,30895,0,5
22942,32693,30896,0,3
22943,32694,30897,0,1
22944,32695,30898,0,3
22945,32698,30901,0,1
22946,32699,30902,0,1
22947,32701,30904,0,2
22948,32702,30905,0,1
22949,32703,30906,0,2
22950,32704,30907,0,4
22951,32705,30908,0,5
22952,32706,30909,0,4
22953,32707,30910,0,1
22954,32709,30912,0,2
22955,32710,30913,0,4
22956,32711,30914,0,1
22957,32712,30915,0,3
22958,32713,30913,0,4
22959,32714,30916,0,4
22960,32716,30918,0,5
22961,32717,30919,1,2
22962,32718,30920,0,5
22963,32719,30921,0,4
22964,32720,30922,1,2
22965,32721,30923,0,4
22966,32723,30923,0,4
22967,32724,30925,0,4
22968,32726,30927,0,3
22969,32727,30928,0,2
22970,32728,30929,1,5
22971,32731,30932,0,2
22972,32732,30933,0,5
22973,32733,30934,0,3
22974,32734,30935,0,2
22975,32737,30938,0,2
22976,32738,30939,0,5
22977,32739,30940,0,2
22978,32740,30941,0,1
22979,32742,30943,0,2
22980,32743,30944,0,5
22981,32744,30945,0,1
22982,32745,30943,0,2
22983,32746,30946,0,2
22984,32747,30947,0,1
22985,32748,30948,0,4
22986,32749,30949,0,5
22987,32750,30950,0,1
22988,32751,30951,0,5
22989,32752,30952,0,3
22990,32754,30954,0,4
22991,32755,30955,0,3
22992,32756,30956,0,4
22993,32757,30957,0,5
22994,32758,30958,0,3
22995,32759,30959,0,3
22996,32760,30960,0,3
22997,32761,30961,0,4
22998,32762,30962,0,4
22999,32763,30963,0,5
23000,32765,30965,0,3
23001,32766,30966,0,3
23002,32767,30960,0,3
23003,32768,30967,0,3
23004,32769,30968,0,3
23005,32770,30969,0,3
23006,32773,30972,0,2
23007,32775,30974,0,3
23008,32777,30976,0,5
23009,32778,30977,0,4
23010,32780,30979,0,2
23011,32781,30980,0,1
23012,32782,30981,0,2
23013,32785,30984,0,4
23014,32788,30987,0,5
23015,32789,30988,0,4
23016,32790,30989,1,3
23017,32794,30992,0,5
23018,32796,30993,0,4
23019,32797,30994,0,5
23020,32798,30995,0,2
23021,32799,30996,0,4
23022,32801,30998,0,4
23023,32802,30999,0,3
23024,32803,31000,0,1
23025,32804,31001,0,4
23026,32807,31004,0,3
23027,32809,31006,0,3
23028,32810,31007,0,3
23029,32811,31008,0,3
23030,32812,31009,0,5
23031,32814,31011,1,4
23032,32815,31012,0,5
23033,32816,31013,0,5
23034,32817,31014,0,1
23035,32819,31016,0,2
23036,32820,31017,0,2
23037,32821,31018,0,5
23038,32824,31021,0,1
23039,32826,30885,0,4
23040,32827,31023,0,4
23041,32828,31024,0,2
23042,32830,30836,1,2
23043,32831,31026,0,3
23044,32832,31027,0,4
23045,32833,31028,0,2
23046,32834,31029,0,5
23047,32835,31030,0,3
23048,32836,31031,0,4
23049,32837,31031,0,4
23050,32839,31033,0,1
23051,32840,31034,0,2
23052,32841,31035,0,3
23053,32844,31038,0,2
23054,32846,31040,0,3
23055,32847,31041,0,5
23056,32848,31042,0,4
23057,32849,31043,0,1
23058,32850,31044,0,5
23059,32851,30952,0,3
23060,32852,31045,0,3
23061,32853,31046,0,1
23062,32854,31047,0,5
23063,32855,31048,0,4
23064,32856,31049,0,1
23065,32857,31050,0,4
23066,32858,31051,0,3
23067,32859,30952,0,3
23068,32860,31049,0,1
23069,32861,31052,0,3
23070,32862,31053,1,5
23071,32864,31055,0,1
23072,32865,31056,0,1
23073,32866,30898,0,3
23074,32867,31057,0,1
23075,32868,31058,0,4
23076,32870,30863,0,3
23077,32872,31061,1,3
23078,32875,31064,0,3
23079,32876,31065,0,4
23080,32877,31066,0,4
23081,32879,31068,0,2
23082,32880,31069,0,2
23083,32881,31070,1,4
23084,32882,31071,0,2
23085,32886,31075,0,5
23086,32887,31076,0,2
23087,32889,31078,0,2
23088,32890,31079,0,3
23089,32891,31080,0,2
23090,32894,31083,0,5
23091,32895,31084,0,5
23092,32896,31085,0,1
23093,32898,31087,0,1
23094,32899,31088,0,2
23095,32901,31090,0,2
23096,32903,31092,0,3
23097,32904,31093,0,4
23098,32905,31094,0,4
23099,32906,31092,0,3
23100,32907,31095,0,2
23101,32908,31096,0,5
23102,32909,31097,0,5
23103,32910,31098,0,1
23104,32911,31099,0,5
23105,32912,31100,0,5
23106,32914,31102,0,4
23107,32915,31103,0,5
23108,32916,31104,0,1
23109,32918,31106,0,2
23110,32919,31107,0,3
23111,32920,31108,0,3
23112,32921,31109,0,1
23113,32922,31110,0,3
23114,32924,31112,0,5
23115,32926,31114,0,3
23116,32927,31115,0,3
23117,32928,31116,0,1
23118,32930,31118,0,1
23119,32931,31119,0,4
23120,32932,31120,0,1
23121,32935,31122,0,2
23122,32937,31124,0,2
23123,32938,31125,0,2
23124,32939,31126,0,3
23125,32940,31127,0,4
23126,32941,31128,0,4
23127,32942,31129,0,5
23128,32943,31130,0,1
23129,32944,31131,0,2
23130,32945,31132,0,4
23131,32947,31134,0,4
23132,32948,31135,0,5
23133,32949,31136,0,3
23134,32951,31138,0,1
23135,32952,31139,0,4
23136,32954,31141,0,3
23137,32956,31143,0,4
23138,32958,31144,0,1
23139,32960,31146,0,5
23140,32961,31147,0,1
23141,32962,31148,0,1
23142,32964,31150,0,5
23143,32965,31151,0,4
23144,32966,31152,0,5
23145,32967,31153,0,5
23146,32969,31155,0,2
23147,32971,31157,0,4
23148,32972,31158,0,1
23149,32977,31163,0,1
23150,32978,31164,0,4
23151,32979,31165,0,3
23152,32980,31166,0,2
23153,32981,31167,0,3
23154,32985,31171,0,3
23155,32987,31173,0,3
23156,32988,31174,1,3
23157,32989,31175,0,4
23158,32990,31176,0,5
23159,32993,31179,0,5
23160,32994,31180,0,2
23161,32996,31182,0,5
23162,32997,31183,0,2
23163,32998,31184,0,3
23164,33005,31191,0,1
23165,33007,31193,0,3
23166,33008,31194,0,5
23167,33014,31200,0,1
23168,33015,31201,0,5
23169,33018,31204,0,2
23170,33019,31205,0,3
23171,33021,31207,0,2
23172,33022,31208,0,4
23173,33023,31209,0,1
23174,33024,31109,0,1
23175,33025,31210,0,3
23176,33027,31212,0,1
23177,33028,31213,0,5
23178,33029,31214,0,3
23179,33030,31215,0,4
23180,33031,31216,0,5
23181,33032,31217,0,4
23182,33033,31218,0,3
23183,33034,31219,0,3
23184,33037,31222,0,2
23185,33038,31223,0,5
23186,33039,31224,0,2
23187,33040,31225,0,4
23188,33041,31226,0,5
23189,33044,31229,0,1
23190,33045,31230,0,4
23191,33046,31231,1,4
23192,33047,31232,0,1
23193,33048,31233,0,4
23194,33049,31234,0,1
23195,33052,31237,0,3
23196,33055,31240,0,1
23197,33056,31241,0,4
23198,33057,31242,0,1
23199,33059,31244,0,5
23200,33060,31245,1,1
23201,33061,31246,0,4
23202,33062,31155,0,2
23203,33063,31247,0,3
23204,33064,31248,0,2
23205,33067,31251,0,3
23206,33068,31252,0,5
23207,33070,31254,0,1
23208,33072,31256,0,5
23209,33073,31257,0,5
23210,33075,31259,0,3
23211,33081,31265,0,3
23212,33082,31266,0,5
23213,33083,31267,0,5
23214,33084,31268,0,4
23215,33085,31269,0,2
23216,33086,31270,0,5
23217,33090,31274,0,3
23218,33092,31276,0,2
23219,33094,31278,0,4
23220,33095,31279,0,5
23221,33096,31280,0,3
23222,33097,31281,0,3
23223,33099,31283,0,5
23224,33101,31285,0,2
23225,33102,31286,0,5
23226,33103,31287,0,2
23227,33104,31288,0,4
23228,33105,31289,0,4
23229,33106,31290,0,2
23230,33108,31292,0,3
23231,33109,31293,0,4
23232,33110,31294,0,5
23233,33111,31295,0,3
23234,33113,31297,0,3
23235,33115,31299,0,4
23236,33116,31300,0,1
23237,33117,31301,0,4
23238,33119,31303,0,1
23239,33120,31304,0,3
23240,33121,31305,0,1
23241,33124,31308,1,3
23242,33125,31309,0,1
23243,33126,31310,0,1
23244,33128,31312,0,3
23245,33129,31313,1,3
23246,33131,31315,0,3
23247,33132,31316,0,3
23248,33133,31317,0,3
23249,33134,31318,0,3
23250,33137,31321,0,2
23251,33140,31324,0,2
23252,33141,31325,0,5
23253,33147,31331,0,5
23254,33148,31332,0,5
23255,33151,31335,0,1
23256,33153,31337,0,4
23257,33154,31338,1,2
23258,33156,31340,0,3
23259,33158,31342,0,5
23260,33159,31343,0,2
23261,33160,31344,0,1
23262,33161,31345,0,1
23263,33162,31346,0,2
23264,33163,31347,0,1
23265,33165,31349,0,4
23266,33166,31350,0,3
23267,33167,31351,0,3
23268,33168,31352,0,3
23269,33169,31353,0,4
23270,33170,31350,0,3
23271,33171,31354,0,4
23272,33173,31356,0,3
23273,33174,31357,1,1
23274,33177,31360,0,4
23275,33178,31361,1,3
23276,33179,31347,0,1
23277,33180,31362,0,1
23278,33181,31363,0,2
23279,33182,31364,0,5
23280,33183,31365,0,1
23281,33186,31368,0,1
23282,33188,31370,0,5
23283,33189,31371,0,1
23284,33191,31373,1,2
23285,33192,31374,0,4
23286,33193,31375,0,2
23287,33195,31374,0,4
23288,33196,31377,0,1
23289,33197,31378,0,2
23290,33198,31379,0,5
23291,33199,31380,0,3
23292,33200,31381,1,2
23293,33201,31382,0,5
23294,33204,31385,0,3
23295,33206,31387,0,2
23296,33207,31388,0,3
23297,33208,31389,0,5
23298,33209,31390,0,5
23299,33211,31392,0,4
23300,33212,31393,0,4
23301,33214,31395,0,3
23302,33215,31396,1,2
23303,33216,31397,0,4
23304,33217,31398,1,5
23305,33219,31400,0,2
23306,33221,31402,1,1
23307,33222,31403,0,3
23308,33223,31404,0,3
23309,33224,31405,0,1
23310,33225,31406,0,3
23311,33226,31407,0,5
23312,33227,31408,0,2
23313,33228,31409,0,3
23314,33229,31410,1,5
23315,33230,31411,0,3
23316,33232,31413,0,4
23317,33233,31414,0,2
23318,33235,31416,0,4
23319,33237,31418,0,5
23320,33238,31419,0,2
23321,33239,31420,0,3
23322,33240,31421,0,2
23323,33245,31425,0,1
23324,33246,31426,0,5
23325,33247,31427,0,2
23326,33250,31430,0,3
23327,33251,31259,0,3
23328,33254,31433,0,1
23329,33255,31434,0,5
23330,33258,31437,0,3
23331,33260,31439,0,2
23332,33262,31441,0,2
23333,33263,31442,0,4
23334,33265,31444,0,4
23335,33266,31445,0,1
23336,33268,31447,0,2
23337,33270,31449,0,3
23338,33272,31451,0,1
23339,33273,31452,0,2
23340,33275,31454,0,2
23341,33276,31455,0,1
23342,33277,31456,0,5
23343,33278,31457,0,4
23344,33281,31460,0,3
23345,33282,31461,0,2
23346,33283,31462,0,1
23347,33284,31463,0,5
23348,33286,31465,0,4
23349,33287,31466,0,1
23350,33288,31467,0,1
23351,33289,31468,0,1
23352,33293,31472,0,2
23353,33295,31474,0,5
23354,33298,31477,0,4
23355,33299,31478,0,1
23356,33300,31479,0,5
23357,33303,31481,0,4
23358,33304,31482,0,4
23359,33305,31483,0,3
23360,33306,31484,0,1
23361,33307,31485,0,2
23362,33308,31486,0,3
23363,33309,31487,0,3
23364,33310,31488,0,2
23365,33313,31490,0,4
23366,33314,31491,0,3
23367,33315,31492,0,2
23368,33318,31495,1,5
23369,33320,31497,1,1
23370,33321,31498,0,4
23371,33322,31499,0,1
23372,33323,31500,0,1
23373,33324,31501,0,5
23374,33325,31502,0,2
23375,33326,31503,0,3
23376,33327,31501,0,5
23377,33329,31505,0,1
23378,33330,31506,0,2
23379,33331,31507,0,1
23380,33332,31508,0,3
23381,33333,31509,0,1
23382,33335,31511,0,2
23383,33336,31512,0,2
23384,33337,31513,0,3
23385,33338,31511,0,2
23386,33341,31516,0,2
23387,33342,31517,1,1
23388,33343,31518,0,3
23389,33345,31520,0,2
23390,33346,31521,0,4
23391,33347,31522,0,5
23392,33348,31523,0,4
23393,33349,31524,0,3
23394,33350,31525,0,1
23395,33351,31526,0,1
23396,33353,31528,0,5
23397,33354,31529,0,1
23398,33357,31532,0,4
23399,33358,31533,0,4
23400,33359,31529,1,1
23401,33363,31537,0,3
23402,33364,31538,0,5
23403,33365,31539,0,2
23404,33367,31541,0,4
23405,33368,31542,0,1
23406,33369,31543,0,5
23407,33371,31544,0,2
23408,33373,31546,0,4
23409,33374,31547,0,4
23410,33375,31548,0,3
23411,33377,31549,0,3
23412,33378,31550,0,5
23413,33379,31551,0,2
23414,33380,31552,0,3
23415,33381,31553,0,2
23416,33382,31554,1,3
23417,33384,31556,0,1
23418,33385,31557,0,5
23419,33386,31558,1,5
23420,33387,31559,0,1
23421,33388,31560,0,3
23422,33389,31561,0,5
23423,33390,31562,0,4
23424,33395,31567,0,1
23425,33396,31568,0,2
23426,33398,31505,1,1
23427,33399,31570,0,2
23428,33400,31571,0,3
23429,33401,31572,0,2
23430,33402,31573,0,4
23431,33404,31575,0,3
23432,33406,31577,0,3
23433,33407,31578,0,4
23434,33408,31579,0,3
23435,33410,31581,0,4
23436,33414,31585,0,3
23437,33415,31586,0,1
23438,33418,31589,0,1
23439,33419,31590,0,4
23440,33421,31591,0,4
23441,33422,31592,0,5
23442,33423,31593,0,4
23443,33424,31594,0,3
23444,33425,31595,1,2
23445,33426,31596,0,2
23446,33428,31598,0,4
23447,33429,31599,0,2
23448,33430,31600,0,4
23449,33432,31602,0,4
23450,33434,31604,0,4
23451,33435,31605,0,5
23452,33436,31606,0,1
23453,33437,31607,0,2
23454,33438,31608,1,3
23455,33442,31612,0,4
23456,33443,31613,0,1
23457,33444,31614,0,3
23458,33445,31615,0,1
23459,33449,31618,0,5
23460,33450,31619,0,3
23461,33451,31620,0,1
23462,33455,31624,0,1
23463,33456,31625,0,3
23464,33457,31626,0,3
23465,33459,31628,0,1
23466,33461,31630,0,4
23467,33462,31631,0,1
23468,33463,31632,0,2
23469,33464,31283,0,5
23470,33468,31636,1,4
23471,33469,31637,0,1
23472,33470,31638,0,3
23473,33471,31639,0,2
23474,33472,31640,0,4
23475,33473,31288,0,4
23476,33476,31643,0,2
23477,33479,31646,1,3
23478,33480,31647,0,4
23479,33484,31651,0,2
23480,33485,31652,0,5
23481,33486,31653,0,2
23482,33488,31655,0,2
23483,33490,31657,0,2
23484,33491,31658,1,1
23485,33492,31659,0,5
23486,33498,31665,0,4
23487,33499,31317,0,3
23488,33500,31666,0,2
23489,33501,31667,0,3
23490,33502,31668,1,4
23491,33503,31669,1,3
23492,33504,31670,0,3
23493,33505,31671,0,1
23494,33507,31673,1,5
23495,33508,31674,0,4
23496,33510,31676,0,4
23497,33511,31677,1,3
23498,33512,31678,0,5
23499,33513,31679,0,3
23500,33514,31680,0,2
23501,33515,31681,1,1
23502,33516,31682,0,3
23503,33518,31684,0,2
23504,33519,31685,0,4
23505,33520,31686,0,4
23506,33521,31687,0,5
23507,33522,31688,0,5
23508,33523,31689,0,1
23509,33526,31692,0,5
23510,33527,31693,0,3
23511,33529,31695,0,2
23512,33531,31677,0,3
23513,33532,31697,0,4
23514,33533,31698,0,3
23515,33534,31699,0,1
23516,33536,31701,0,1
23517,33537,31702,0,1
23518,33539,31703,0,2
23519,33540,31704,0,4
23520,33541,31705,0,1
23521,33542,31706,0,3
23522,33543,31707,0,3
23523,33544,31708,0,4
23524,33545,31709,0,4
23525,33548,31712,1,4
23526,33549,31713,0,2
23527,33554,31718,0,4
23528,33556,31720,0,1
23529,33559,31722,0,3
23530,33560,31723,0,2
23531,33561,31724,0,4
23532,33564,31727,1,5
23533,33565,31728,0,1
23534,33566,31729,0,4
23535,33567,31730,0,2
23536,33569,31732,0,5
23537,33571,31734,0,4
23538,33573,31736,0,5
23539,33577,31740,0,5
23540,33578,31741,0,2
23541,33579,31742,0,4
23542,33582,31745,0,1
23543,33583,31746,0,1
23544,33584,31747,0,4
23545,33585,31748,0,3
23546,33586,31749,0,2
23547,33587,31750,0,5
23548,33588,31751,0,1
23549,33590,31753,0,4
23550,33591,31754,0,2
23551,33592,31755,0,3
23552,33599,31762,0,2
23553,33602,31765,0,4
23554,33603,31766,0,3
23555,33604,31767,0,3
23556,33605,31768,0,5
23557,33610,31773,0,2
23558,33612,31775,0,3
23559,33613,31776,0,4
23560,33614,31777,0,1
23561,33615,31778,0,2
23562,33616,31779,0,4
23563,33617,31780,0,5
23564,33619,31782,0,1
23565,33621,31784,1,3
23566,33625,31788,0,2
23567,33628,31791,0,4
23568,33629,31792,0,3
23569,33630,31793,0,2
23570,33631,31794,0,4
23571,33632,31795,0,1
23572,33633,31796,0,3
23573,33634,31797,0,5
23574,33635,31798,0,4
23575,33636,31799,0,1
23576,33637,31800,0,3
23577,33638,31801,0,2
23578,33639,31802,0,2
23579,33641,31804,0,3
23580,33642,31805,0,3
23581,33643,31806,0,3
23582,33644,31807,0,2
23583,33645,31808,0,1
23584,33646,31809,0,3
23585,33648,31811,0,1
23586,33649,31812,0,5
23587,33650,31813,0,4
23588,33651,31814,0,3
23589,33654,31817,0,1
23590,33656,31818,0,2
23591,33657,31819,0,2
23592,33658,31820,0,4
23593,33659,31821,0,4
23594,33661,31823,0,3
23595,33662,31824,0,5
23596,33663,31825,0,4
23597,33664,31826,0,5
23598,33666,31828,1,2
23599,33668,31830,0,2
23600,33669,31831,0,5
23601,33670,31832,0,1
23602,33671,31833,0,4
23603,33672,31834,0,3
23604,33673,31835,0,3
23605,33674,31836,0,5
23606,33676,31838,0,1
23607,33677,31839,0,2
23608,33679,31841,0,4
23609,33681,31843,0,4
23610,33682,31844,0,4
23611,33683,31845,0,5
23612,33684,31846,0,2
23613,33685,31847,0,2
23614,33686,31848,0,2
23615,33687,31845,0,5
23616,33688,31847,0,2
23617,33690,31850,0,4
23618,33691,31851,0,1
23619,33693,31853,0,3
23620,33694,31854,0,5
23621,33695,31855,1,2
23622,33698,31858,0,5
23623,33699,31854,0,5
23624,33701,31860,0,5
23625,33702,31861,0,1
23626,33703,31862,0,3
23627,33704,31863,1,5
23628,33705,31864,0,2
23629,33706,31865,0,4
23630,33707,31866,0,2
23631,33709,31868,0,5
23632,33710,31869,0,5
23633,33711,31870,0,5
23634,33712,31871,0,1
23635,33713,31872,0,4
23636,33716,31875,0,5
23637,33718,31877,1,4
23638,33720,31879,0,4
23639,33721,31880,0,5
23640,33723,31882,0,4
23641,33724,31883,0,3
23642,33727,31886,0,5
23643,33728,31887,0,5
23644,33729,31888,0,3
23645,33733,31892,0,4
23646,33734,31893,0,2
23647,33735,31894,0,4
23648,33736,31895,0,3
23649,33737,31896,0,5
23650,33741,31900,0,1
23651,33745,31904,0,2
23652,33746,31905,1,5
23653,33747,31906,1,4
23654,33750,31908,0,5
23655,33751,31909,0,2
23656,33754,31912,0,4
23657,33756,31914,0,1
23658,33757,31915,0,1
23659,33758,31916,0,5
23660,33760,31918,1,3
23661,33763,31921,0,2
23662,33766,31924,0,4
23663,33767,31925,0,3
23664,33768,31926,0,5
23665,33770,31928,0,5
23666,33774,31932,0,4
23667,33775,31933,1,3
23668,33776,31934,0,4
23669,33778,31936,0,2
23670,33779,31937,0,4
23671,33781,31939,0,1
23672,33783,31941,0,2
23673,33784,31942,0,2
23674,33785,31943,0,3
23675,33787,31945,0,5
23676,33788,31946,0,1
23677,33789,31947,1,1
23678,33791,31949,0,2
23679,33792,31950,0,3
23680,33793,31951,0,4
23681,33794,31952,0,3
23682,33795,31953,0,1
23683,33796,31954,0,4
23684,33798,31956,1,1
23685,33799,31957,1,1
23686,33801,31959,0,2
23687,33802,31960,0,3
23688,33803,31961,0,1
23689,33806,31964,0,3
23690,33807,31965,0,4
23691,33808,31966,0,2
23692,33810,31968,0,1
23693,33812,31970,0,3
23694,33813,31906,0,4
23695,33814,31971,0,5
23696,33815,31972,0,2
23697,33817,31974,0,1
23698,33818,31975,1,4
23699,33819,31975,0,4
23700,33821,31977,0,2
23701,33822,31978,0,5
23702,33823,31979,0,5
23703,33824,31980,0,3
23704,33825,31981,0,4
23705,33826,31982,0,5
23706,33828,31984,0,2
23707,33829,31981,0,4
23708,33830,31985,0,4
23709,33831,31986,0,4
23710,33832,31987,0,2
23711,33834,31989,0,1
23712,33835,31990,0,3
23713,33836,31991,0,2
23714,33837,31992,0,3
23715,33838,31993,0,3
23716,33839,31994,0,3
23717,33840,31995,0,3
23718,33841,31996,0,3
23719,33843,31998,0,3
23720,33844,31999,0,4
23721,33845,32000,1,4
23722,33846,32001,0,3
23723,33848,32003,0,2
23724,33850,32005,1,3
23725,33851,32006,0,5
23726,33852,32007,0,2
23727,33853,32008,0,3
23728,33854,32009,0,4
23729,33855,32010,0,2
23730,33856,32011,0,2
23731,33857,32012,0,1
23732,33858,32013,0,1
23733,33859,32014,0,2
23734,33860,32010,0,2
23735,33861,32015,0,5
23736,33863,32017,0,3
23737,33865,32019,0,1
23738,33869,32023,0,5
23739,33871,32025,0,1
23740,33872,32026,0,4
23741,33873,32027,0,2
23742,33875,32029,0,1
23743,33877,32031,0,1
23744,33878,32032,0,5
23745,33879,32033,0,2
23746,33880,32034,0,5
23747,33881,32035,0,2
23748,33882,32036,0,1
23749,33883,32037,0,2
23750,33884,32038,1,5
23751,33885,32039,0,5
23752,33886,32040,0,5
23753,33888,32042,0,3
23754,33892,32046,0,2
23755,33894,32048,0,1
23756,33895,32049,0,2
23757,33896,32050,0,2
23758,33897,32051,0,2
23759,33898,32052,0,5
23760,33899,32053,0,5
23761,33901,31949,0,2
23762,33904,32057,0,3
23763,33905,32038,0,5
23764,33907,32059,0,2
23765,33908,32060,1,5
23766,33909,32061,0,4
23767,33911,32063,0,1
23768,33912,32064,0,1
23769,33913,32065,1,5
23770,33914,32066,0,3
23771,33916,32068,1,4
23772,33917,32069,0,3
23773,33918,32070,0,3
23774,33919,32071,0,3
23775,33921,32072,0,1
23776,33923,32074,0,5
23777,33924,32075,0,2
23778,33925,32076,0,5
23779,33926,32077,1,4
23780,33927,32078,0,2
23781,33928,32079,0,4
23782,33930,32081,0,4
23783,33932,32083,0,1
23784,33934,32085,0,5
23785,33935,32086,0,2
23786,33938,32088,0,1
23787,33939,32089,1,3
23788,33940,32032,0,5
23789,33941,32090,0,5
23790,33942,32091,0,1
23791,33943,32092,0,1
23792,33944,32093,0,5
23793,33946,32095,0,4
23794,33948,32097,0,3
23795,33949,32098,0,1
23796,33950,32099,0,4
23797,33951,32100,0,4
23798,33952,32101,0,3
23799,33954,32103,0,4
23800,33956,32105,0,2
23801,33957,32106,0,2
23802,33959,32108,0,3
23803,33960,32109,0,1
23804,33961,32110,0,2
23805,33962,32111,0,4
23806,33963,32112,0,3
23807,33964,32113,0,2
23808,33965,32114,0,3
23809,33966,32115,0,5
23810,33967,32116,0,5
23811,33968,32117,0,3
23812,33969,32117,0,3
23813,33971,32119,0,2
23814,33973,32121,0,3
23815,33978,32126,0,5
23816,33979,32127,0,1
23817,33982,32130,0,5
23818,33983,32131,0,3
23819,33984,32127,0,1
23820,33986,32133,0,4
23821,33987,32134,0,1
23822,33988,32135,0,5
23823,33989,32136,0,1
23824,33991,32138,0,2
23825,33992,32139,0,1
23826,33993,32140,0,5
23827,33994,32141,0,5
23828,33995,32142,0,2
23829,33996,32143,0,5
23830,33997,32144,1,1
23831,33998,32145,0,3
23832,33999,32146,0,3
23833,34000,32147,0,5
23834,34002,32077,0,4
23835,34004,32150,0,3
23836,34005,32151,0,4
23837,34006,32152,0,4
23838,34007,32153,0,2
23839,34009,32155,0,5
23840,34010,32156,0,3
23841,34011,32157,0,4
23842,34013,32159,0,1
23843,34015,32161,0,3
23844,34017,32163,0,1
23845,34020,32165,0,1
23846,34021,32166,0,1
23847,34023,32168,0,3
23848,34024,32169,0,3
23849,34025,32170,1,1
23850,34026,32171,0,2
23851,34027,32172,0,3
23852,34028,32173,0,2
23853,34031,32175,0,1
23854,34033,32177,0,2
23855,34034,32178,1,5
23856,34035,32179,0,5
23857,34036,32180,0,3
23858,34037,32181,0,5
23859,34042,32186,0,4
23860,34043,32187,0,3
23861,34044,32188,0,2
23862,34045,32189,0,2
23863,34051,32194,0,2
23864,34052,32195,0,1
23865,34054,32197,0,4
23866,34056,32199,0,5
23867,34058,32201,0,3
23868,34059,32202,0,1
23869,34060,32203,0,3
23870,34061,32037,0,2
23871,34062,32204,0,3
23872,34063,32205,0,2
23873,34064,32206,0,3
23874,34065,32207,1,1
23875,34066,32208,0,5
23876,34067,32209,0,3
23877,34068,32210,0,2
23878,34069,32211,0,2
23879,34072,32214,0,3
23880,34073,32215,0,3
23881,34075,32217,0,4
23882,34076,32218,0,1
23883,34077,32219,0,4
23884,34078,32220,0,2
23885,34079,32221,0,3
23886,34080,32222,0,3
23887,34081,32223,0,3
23888,34082,32224,0,1
23889,34083,32225,0,2
23890,34085,32214,0,3
23891,34086,32227,0,1
23892,34087,32228,0,5
23893,34089,32230,0,5
23894,34090,32231,0,5
23895,34092,32233,0,3
23896,34094,32235,1,3
23897,34096,32237,0,2
23898,34099,32240,0,3
23899,34100,32241,0,1
23900,34102,32243,0,3
23901,34105,32246,0,5
23902,34106,32247,0,1
23903,34108,32249,0,4
23904,34109,32250,0,1
23905,34111,32252,0,4
23906,34112,32253,0,2
23907,34114,32255,0,1
23908,34115,32256,0,5
23909,34117,32258,0,5
23910,34120,32261,0,5
23911,34122,32263,0,1
23912,34123,32264,0,1
23913,34124,32265,0,4
23914,34125,32266,0,4
23915,34126,32267,0,3
23916,34128,32269,0,4
23917,34129,32270,0,1
23918,34130,32271,0,1
23919,34133,32274,0,1
23920,34134,32275,0,3
23921,34135,32276,0,5
23922,34136,32277,1,1
23923,34139,32280,0,1
23924,34140,32281,0,4
23925,34142,32283,0,1
23926,34144,32285,1,2
23927,34145,32286,0,3
23928,34146,32287,0,3
23929,34147,32288,0,5
23930,34148,32289,0,3
23931,34149,32290,0,1
23932,34150,32291,0,5
23933,34152,32293,0,1
23934,34153,32294,0,2
23935,34154,32295,0,5
23936,34155,32296,0,1
23937,34157,32298,0,4
23938,34158,32299,0,4
23939,34159,32300,0,4
23940,34160,32301,0,5
23941,34161,32302,0,5
23942,34162,32303,0,2
23943,34164,32305,0,4
23944,34168,32309,0,4
23945,34169,32310,0,5
23946,34172,32233,0,3
23947,34174,32314,0,3
23948,34176,32316,0,2
23949,34177,32317,0,5
23950,34178,32318,0,1
23951,34179,32319,0,3
23952,34180,32320,0,5
23953,34182,32322,0,5
23954,34183,32323,0,4
23955,34184,32324,0,1
23956,34185,32325,0,3
23957,34187,32327,0,2
23958,34188,32328,0,3
23959,34190,32330,0,1
23960,34191,32331,0,2
23961,34192,32332,0,2
23962,34193,32333,0,5
23963,34196,32335,1,1
23964,34197,32336,0,4
23965,34198,32337,0,5
23966,34201,32339,1,4
23967,34202,32340,1,2
23968,34203,32341,0,1
23969,34204,32342,1,4
23970,34205,32343,1,1
23971,34206,32344,0,3
23972,34207,32345,0,1
23973,34209,32347,0,3
23974,34210,32348,0,1
23975,34211,32349,0,4
23976,34212,32350,1,5
23977,34213,32351,1,2
23978,34214,32352,0,5
23979,34215,32353,0,5
23980,34216,32354,0,3
23981,34217,32355,0,5
23982,34218,32356,0,1
23983,34219,32357,0,3
23984,34222,32360,0,3
23985,34224,32362,0,4
23986,34226,32364,0,3
23987,34227,32365,0,2
23988,34229,32367,0,1
23989,34232,32370,0,2
23990,34233,32371,0,5
23991,34235,32373,0,5
23992,34237,32375,0,4
23993,34238,32376,0,2
23994,34239,32377,0,3
23995,34240,32378,0,3
23996,34241,32379,0,5
23997,34242,32380,0,5
23998,34243,32381,0,3
23999,34246,32384,0,1
24000,34247,32385,0,2
24001,34249,32387,0,2
24002,34250,32388,0,2
24003,34251,32389,0,4
24004,34252,32390,0,1
24005,34254,32392,0,3
24006,34255,32393,0,5
24007,34256,32394,0,3
24008,34257,32395,0,4
24009,34258,32396,0,1
24010,34259,32397,0,1
24011,34262,32400,0,4
24012,34264,32402,0,5
24013,34265,32403,0,4
24014,34267,32405,0,1
24015,34268,32406,0,4
24016,34269,32407,0,3
24017,34270,32408,0,1
24018,34271,32409,0,3
24019,34273,32411,0,2
24020,34274,32412,0,5
24021,34277,32415,0,2
24022,34278,32416,0,4
24023,34279,32417,0,5
24024,34280,32418,0,3
24025,34282,32420,0,4
24026,34283,32421,0,5
24027,34285,32423,0,3
24028,34286,32424,0,5
24029,34288,32426,1,2
24030,34289,32427,0,2
24031,34290,32428,0,4
24032,34291,32429,0,4
24033,34292,32430,0,2
24034,34294,32432,0,1
24035,34295,32433,0,5
24036,34296,32434,0,3
24037,34298,32436,0,2
24038,34299,32437,0,4
24039,34300,32438,0,1
24040,34301,32439,1,5
24041,34305,32443,0,1
24042,34306,32444,0,2
24043,34307,32445,0,5
24044,34308,32446,0,5
24045,34309,32447,0,5
24046,34310,32448,0,4
24047,34311,32449,0,1
24048,34312,32450,0,5
24049,34313,32451,0,5
24050,34314,32452,0,5
24051,34318,32456,0,1
24052,34319,32457,0,2
24053,34321,32459,0,3
24054,34322,32460,0,4
24055,34324,32462,0,2
24056,34325,32462,0,2
24057,34328,32465,1,4
24058,34329,32466,0,2
24059,34330,32467,1,3
24060,34331,32468,0,5
24061,34332,32469,0,4
24062,34333,32470,0,4
24063,34334,32471,0,5
24064,34335,32472,0,3
24065,34337,32474,0,2
24066,34338,32475,0,3
24067,34339,32476,0,1
24068,34340,32477,0,1
24069,34342,32479,0,4
24070,34345,32482,0,1
24071,34346,32483,0,1
24072,34348,32485,0,3
24073,34350,32486,0,1
24074,34351,32487,0,5
24075,34352,32488,0,2
24076,34354,32490,0,2
24077,34355,32491,0,3
24078,34356,32492,0,3
24079,34360,32495,0,2
24080,34363,32498,0,4
24081,34364,32499,1,3
24082,34365,32500,0,2
24083,34366,32495,0,2
24084,34370,32504,0,3
24085,34371,32505,0,4
24086,34372,32506,0,5
24087,34373,32506,0,5
24088,34374,32507,0,5
24089,34375,32508,1,3
24090,34376,32509,0,2
24091,34378,32511,0,2
24092,34381,32514,0,2
24093,34382,32515,1,2
24094,34383,32516,1,4
24095,34384,32495,0,2
24096,34386,32518,0,5
24097,34387,32519,0,2
24098,34388,32520,0,3
24099,34389,32521,1,1
24100,34390,32522,0,5
24101,34391,32523,0,2
24102,34393,32525,0,1
24103,34394,32526,0,3
24104,34395,32527,0,3
24105,34396,32528,0,2
24106,34397,32529,0,2
24107,34398,32530,0,1
24108,34399,32531,1,5
24109,34400,32532,0,2
24110,34401,32533,0,3
24111,34402,32534,0,1
24112,34403,32535,0,1
24113,34404,32536,0,1
24114,34405,32537,1,3
24115,34406,32538,0,5
24116,34407,32539,1,5
24117,34408,32540,0,1
24118,34409,32541,0,2
24119,34410,32542,1,5
24120,34415,32547,0,1
24121,34416,32548,0,5
24122,34417,32549,0,2
24123,34418,32550,0,4
24124,34419,32551,0,3
24125,34420,32552,0,2
24126,34421,32553,0,5
24127,34422,32554,0,1
24128,34425,32557,1,4
24129,34426,32558,0,4
24130,34428,32560,1,4
24131,34429,32561,0,4
24132,34430,32562,1,3
24133,34431,32563,0,3
24134,34432,32564,0,1
24135,34433,32565,1,5
24136,34434,32566,0,2
24137,34435,32567,0,3
24138,34436,32568,0,4
24139,34437,32569,0,3
24140,34440,32572,0,3
24141,34441,32573,0,2
24142,34442,32574,0,5
24143,34443,32575,0,1
24144,34444,32576,0,1
24145,34446,32578,0,4
24146,34447,32579,0,3
24147,34448,32580,0,1
24148,34449,32581,0,1
24149,34451,32561,0,4
24150,34455,32586,0,3
24151,34456,32576,0,1
24152,34457,32587,0,5
24153,34458,32588,0,3
24154,34460,32590,0,5
24155,34461,32591,0,5
24156,34462,32592,0,3
24157,34464,32594,0,1
24158,34465,32595,1,1
24159,34466,32596,0,4
24160,34468,32598,0,1
24161,34469,32599,0,2
24162,34471,32601,0,3
24163,34472,32602,0,5
24164,34473,32603,0,3
24165,34475,32605,0,4
24166,34476,32606,0,1
24167,34477,32607,0,5
24168,34479,32609,0,2
24169,34480,32610,0,1
24170,34482,32395,0,4
24171,34483,32612,0,1
24172,34484,32613,0,5
24173,34485,32614,0,4
24174,34486,32615,0,2
24175,34487,32616,0,1
24176,34489,32618,0,4
24177,34491,32620,0,2
24178,34492,32621,0,2
24179,34493,32622,0,1
24180,34494,32623,0,2
24181,34495,32622,0,1
24182,34496,32624,0,1
24183,34497,32625,0,5
24184,34498,32626,1,3
24185,34501,32629,0,3
24186,34502,32630,0,3
24187,34503,32631,0,2
24188,34505,32633,0,5
24189,34507,32635,0,4
24190,34508,32636,0,4
24191,34509,32637,0,2
24192,34510,32638,0,4
24193,34511,32639,0,4
24194,34512,32640,0,4
24195,34513,32641,0,4
24196,34514,32642,0,2
24197,34516,32644,0,2
24198,34517,32645,0,4
24199,34518,32646,0,1
24200,34519,32647,0,1
24201,34520,32648,0,1
24202,34523,32651,1,3
24203,34524,32652,0,3
24204,34525,32653,0,5
24205,34526,32654,0,5
24206,34527,32655,0,4
24207,34528,32656,0,3
24208,34531,32659,0,3
24209,34533,32661,0,2
24210,34534,32662,0,2
24211,34535,32663,1,4
24212,34537,32665,0,5
24213,34538,32666,0,5
24214,34540,32668,0,2
24215,34541,32669,0,2
24216,34542,32670,0,2
24217,34544,32495,0,2
24218,34545,32504,0,3
24219,34546,32672,0,2
24220,34548,32674,0,2
24221,34549,32675,0,2
24222,34550,32676,0,3
24223,34551,32677,0,3
24224,34552,32678,0,2
24225,34553,32679,0,1
24226,34554,32680,0,4
24227,34556,32682,0,5
24228,34558,32684,0,3
24229,34559,32685,0,1
24230,34560,32686,0,4
24231,34561,32687,0,1
24232,34566,32692,0,2
24233,34567,32693,0,2
24234,34568,32694,0,3
24235,34570,32696,0,2
24236,34571,32697,0,4
24237,34573,32694,0,3
24238,34574,32699,0,5
24239,34575,32507,0,5
24240,34576,32700,0,5
24241,34577,32701,0,4
24242,34578,32702,0,3
24243,34580,32704,0,5
24244,34581,32612,0,1
24245,34582,32705,0,4
24246,34583,32706,0,1
24247,34584,32707,0,2
24248,34586,32709,0,5
24249,34587,32710,0,4
24250,34588,32711,0,1
24251,34589,32712,0,3
24252,34590,32713,0,3
24253,34591,32714,0,2
24254,34592,32715,0,5
24255,34593,32635,1,4
24256,34595,32717,0,1
24257,34596,32718,1,1
24258,34598,32720,0,1
24259,34600,32722,0,1
24260,34601,32723,1,1
24261,34603,32725,0,1
24262,34604,32723,0,1
24263,34606,32726,0,2
24264,34612,32732,0,4
24265,34613,32733,0,1
24266,34614,32405,0,1
24267,34615,32661,0,2
24268,34616,32734,0,1
24269,34618,32736,0,4
24270,34619,32737,0,3
24271,34620,32738,1,2
24272,34623,32741,0,5
24273,34624,32742,0,4
24274,34625,32743,0,2
24275,34627,32745,0,1
24276,34628,32746,0,1
24277,34630,32748,0,2
24278,34631,32749,0,2
24279,34632,32750,0,1
24280,34633,32751,0,5
24281,34634,32752,0,2
24282,34635,32753,0,1
24283,34637,32755,0,4
24284,34639,32757,0,4
24285,34640,32758,0,1
24286,34641,32759,0,4
24287,34643,32761,0,1
24288,34644,32762,0,5
24289,34646,32764,0,2
24290,34647,32765,0,4
24291,34648,32766,1,3
24292,34649,32767,0,5
24293,34650,32768,0,1
24294,34652,32770,1,5
24295,34654,32772,1,2
24296,34655,32773,0,1
24297,34657,32775,0,3
24298,34658,32776,0,4
24299,34660,32778,0,3
24300,34661,32779,0,3
24301,34663,32781,0,4
24302,34664,32782,0,4
24303,34666,32784,0,4
24304,34667,32785,1,3
24305,34668,32786,0,2
24306,34671,32789,0,1
24307,34672,32790,0,2
24308,34674,32792,0,5
24309,34675,32793,1,1
24310,34678,32796,0,1
24311,34679,32797,0,2
24312,34680,32798,0,5
24313,34681,32799,0,1
24314,34682,32800,0,4
24315,34683,32801,0,3
24316,34684,32802,0,3
24317,34686,32804,0,1
24318,34688,32806,0,2
24319,34690,32808,0,5
24320,34692,32810,0,2
24321,34693,32811,0,1
24322,34694,32812,0,3
24323,34696,32814,0,4
24324,34698,32815,0,4
24325,34699,32816,0,4
24326,34700,32817,0,3
24327,34702,32819,0,4
24328,34703,32820,0,1
24329,34704,32821,0,2
24330,34705,32822,0,1
24331,34706,32823,0,1
24332,34707,32824,0,4
24333,34709,32826,0,4
24334,34710,32827,0,3
24335,34711,32828,0,1
24336,34712,32829,0,5
24337,34713,32830,0,1
24338,34716,32833,0,4
24339,34717,32834,0,4
24340,34719,32836,0,4
24341,34720,32837,0,4
24342,34721,32838,1,4
24343,34723,32840,0,5
24344,34725,32842,0,3
24345,34727,32844,0,1
24346,34728,32845,0,4
24347,34729,32846,0,1
24348,34731,32848,0,2
24349,34732,32849,0,1
24350,34738,32854,0,3
24351,34740,32856,0,4
24352,34741,32857,0,2
24353,34742,32858,0,5
24354,34745,32861,0,1
24355,34746,32862,0,1
24356,34747,32863,0,4
24357,34748,32864,0,2
24358,34749,32865,0,4
24359,34750,32866,0,4
24360,34751,32867,0,3
24361,34753,32869,0,1
24362,34757,32873,0,5
24363,34758,32874,0,4
24364,34761,32877,0,2
24365,34762,32878,0,5
24366,34763,32879,0,1
24367,34764,32880,0,2
24368,34765,32881,0,5
24369,34766,32882,0,2
24370,34767,32883,0,4
24371,34768,32884,0,1
24372,34769,32885,0,5
24373,34773,32889,0,2
24374,34774,32890,0,2
24375,34775,32891,0,5
24376,34777,32893,0,5
24377,34778,32894,0,5
24378,34779,32895,0,3
24379,34780,32896,0,4
24380,34781,32897,0,5
24381,34784,32900,0,5
24382,34785,32901,0,5
24383,34786,32902,0,5
24384,34787,32903,0,2
24385,34789,32904,0,3
24386,34790,32905,0,3
24387,34791,32906,0,5
24388,34792,32907,0,5
24389,34793,32908,0,4
24390,34794,32909,0,4
24391,34795,32910,0,2
24392,34796,32911,0,3
24393,34797,32912,0,2
24394,34799,32914,0,3
24395,34800,32915,0,5
24396,34802,32917,0,2
24397,34803,32918,0,3
24398,34804,32919,0,1
24399,34805,32920,0,3
24400,34807,32922,0,1
24401,34808,32923,0,2
24402,34809,32924,0,1
24403,34811,32926,0,4
24404,34812,32927,0,4
24405,34813,32928,0,2
24406,34815,32930,0,2
24407,34816,32931,0,5
24408,34817,32932,0,4
24409,34818,32933,0,4
24410,34819,32934,0,4
24411,34820,32935,0,2
24412,34821,32936,0,1
24413,34823,32938,0,4
24414,34824,32939,0,4
24415,34828,32943,0,3
24416,34829,32944,0,3
24417,34830,32945,0,2
24418,34831,32946,0,5
24419,34833,32948,0,4
24420,34834,32949,0,3
24421,34837,32952,0,3
24422,34838,32953,1,3
24423,34840,32955,1,3
24424,34841,32956,0,2
24425,34843,32958,0,1
24426,34844,32959,0,4
24427,34845,32960,0,1
24428,34850,32965,0,2
24429,34853,32968,0,1
24430,34854,32969,0,1
24431,34855,32970,0,2
24432,34856,32971,0,1
24433,34858,32973,0,4
24434,34860,32975,1,3
24435,34861,32976,1,5
24436,34862,32977,0,3
24437,34863,32978,0,2
24438,34865,32980,0,1
24439,34867,32982,0,2
24440,34868,32983,0,5
24441,34871,32986,0,2
24442,34873,32988,0,1
24443,34874,32989,0,2
24444,34875,32990,0,2
24445,34878,32993,0,4
24446,34879,32994,0,5
24447,34880,32995,0,3
24448,34882,32997,0,5
24449,34883,32998,0,4
24450,34884,32999,0,2
24451,34885,33000,0,3
24452,34886,33001,0,4
24453,34889,33004,0,1
24454,34890,33005,0,3
24455,34892,33007,0,2
24456,34893,33008,0,2
24457,34894,33009,0,2
24458,34895,33010,0,2
24459,34896,33011,0,5
24460,34897,33012,0,3
24461,34898,33013,0,4
24462,34899,33014,0,2
24463,34901,33016,1,4
24464,34905,33020,0,4
24465,34906,33021,1,3
24466,34907,33022,0,5
24467,34910,33025,0,3
24468,34911,33026,0,1
24469,34912,33027,0,1
24470,34915,33030,1,4
24471,34916,33031,0,3
24472,34919,33034,0,2
24473,34920,33035,0,3
24474,34921,33036,0,5
24475,34923,33038,0,3
24476,34924,33039,0,1
24477,34925,33040,0,2
24478,34926,33041,0,2
24479,34929,33044,0,5
24480,34930,33045,0,4
24481,34931,33046,0,2
24482,34933,33048,0,2
24483,34936,33051,0,2
24484,34937,33052,0,4
24485,34939,33054,0,4
24486,34940,33055,0,2
24487,34941,33056,0,2
24488,34942,33057,0,4
24489,34944,33059,0,3
24490,34946,33061,0,5
24491,34947,33062,0,5
24492,34948,33063,0,1
24493,34949,33064,0,5
24494,34950,33065,0,3
24495,34951,33066,0,5
24496,34952,33067,0,4
24497,34953,33068,0,2
24498,34956,33071,0,2
24499,34957,33067,0,4
24500,34958,33072,0,5
24501,34959,33073,0,3
24502,34960,33074,0,4
24503,34962,33076,0,1
24504,34963,33077,0,5
24505,34964,33078,0,4
24506,34965,33079,0,1
24507,34966,33080,0,4
24508,34967,33081,0,5
24509,34968,33082,1,4
24510,34969,33083,0,1
24511,34971,33085,0,5
24512,34972,33086,0,1
24513,34973,33087,0,1
24514,34974,33088,0,4
24515,34975,33089,0,4
24516,34976,33090,1,5
24517,34979,33093,0,1
24518,34981,33095,0,1
24519,34982,33096,0,1
24520,34983,33097,0,4
24521,34985,33099,0,3
24522,34986,33100,0,2
24523,34988,33102,0,4
24524,34989,33103,0,2
24525,34993,33107,0,1
24526,35000,33113,0,4
24527,35001,33114,0,1
24528,35002,33115,0,5
24529,35003,33116,0,5
24530,35004,33117,0,3
24531,35005,33118,0,5
24532,35006,33119,0,1
24533,35008,33121,1,2
24534,35009,33122,0,2
24535,35011,33124,0,1
24536,35013,33126,1,1
24537,35015,33128,0,1
24538,35017,33130,1,5
24539,35018,33131,0,1
24540,35020,33133,0,4
24541,35022,33135,0,4
24542,35026,33139,0,5
24543,35027,33140,0,1
24544,35029,33142,0,4
24545,35031,33144,0,1
24546,35032,33145,0,1
24547,35033,33146,0,1
24548,35035,33148,0,5
24549,35036,33149,1,5
24550,35038,33151,0,3
24551,35039,33152,0,1
24552,35040,33153,1,5
24553,35041,33154,0,5
24554,35042,33155,0,4
24555,35043,33156,0,2
24556,35044,33157,0,1
24557,35045,33158,0,4
24558,35046,33159,0,1
24559,35047,33160,0,5
24560,35049,33162,1,5
24561,35050,33163,0,1
24562,35052,33165,0,4
24563,35054,33167,0,3
24564,35055,33168,0,1
24565,35057,33170,0,2
24566,35058,33170,0,2
24567,35059,33171,0,4
24568,35060,33172,0,3
24569,35061,33173,0,4
24570,35062,33174,0,5
24571,35063,33175,0,4
24572,35064,33176,0,5
24573,35066,33178,0,4
24574,35067,33179,0,4
24575,35069,33181,0,3
24576,35070,33182,0,3
24577,35073,33185,0,5
24578,35075,33187,0,4
24579,35076,33188,0,4
24580,35078,33190,0,1
24581,35079,33191,0,4
24582,35080,33192,0,4
24583,35082,33194,1,3
24584,35084,33196,0,1
24585,35085,33197,0,3
24586,35086,33198,0,3
24587,35087,33199,0,4
24588,35088,33200,0,4
24589,35089,33201,0,1
24590,35092,33204,0,5
24591,35093,32959,1,4
24592,35094,33205,0,4
24593,35096,33207,0,1
24594,35097,33208,1,3
24595,35098,33209,0,5
24596,35099,33210,0,1
24597,35100,33211,0,2
24598,35102,33213,0,2
24599,35104,33215,0,4
24600,35105,33216,0,3
24601,35107,33218,0,2
24602,35108,33219,0,1
24603,35109,33220,0,4
24604,35111,33215,0,4
24605,35112,33222,0,1
24606,35113,33223,0,4
24607,35114,33224,0,3
24608,35116,33226,0,5
24609,35117,33227,1,4
24610,35118,33228,0,1
24611,35120,33230,0,3
24612,35121,33231,0,2
24613,35123,33233,0,3
24614,35124,33234,0,4
24615,35128,33238,0,2
24616,35129,33239,0,1
24617,35131,33241,0,2
24618,35133,33243,0,2
24619,35135,33245,0,1
24620,35136,33246,0,3
24621,35138,33248,0,3
24622,35140,33250,0,4
24623,35141,33251,0,3
24624,35142,33252,0,3
24625,35143,33253,1,2
24626,35144,33254,0,3
24627,35146,33256,0,1
24628,35147,33257,0,3
24629,35149,33259,0,4
24630,35150,33260,0,5
24631,35155,33265,1,2
24632,35156,33266,1,1
24633,35157,33267,0,3
24634,35159,33269,0,4
24635,35160,33270,1,5
24636,35161,33271,0,2
24637,35163,33273,0,5
24638,35164,33274,0,1
24639,35165,33275,0,3
24640,35166,33276,0,3
24641,35167,33277,1,1
24642,35168,33278,0,5
24643,35169,33279,0,3
24644,35170,33280,0,4
24645,35174,33284,1,5
24646,35175,33285,0,5
24647,35176,33286,0,5
24648,35177,33287,0,3
24649,35180,33290,0,4
24650,35182,33292,1,4
24651,35184,33294,0,5
24652,35185,33295,0,2
24653,35187,33297,1,1
24654,35188,33298,0,2
24655,35189,33154,0,5
24656,35190,33299,0,3
24657,35191,33300,0,3
24658,35193,33302,0,5
24659,35194,33302,0,5
24660,35196,33304,0,2
24661,35197,33305,0,5
24662,35198,33306,0,4
24663,35199,33307,0,1
24664,35200,33308,0,3
24665,35201,33309,0,5
24666,35202,33310,0,3
24667,35203,33311,0,1
24668,35204,33312,0,1
24669,35205,32969,0,1
24670,35206,33313,0,1
24671,35207,33314,0,5
24672,35209,33316,0,5
24673,35210,33317,1,4
24674,35211,33318,0,3
24675,35212,33319,0,3
24676,35213,33320,0,5
24677,35214,33321,1,3
24678,35215,33322,0,5
24679,35218,33325,0,5
24680,35221,33328,1,1
24681,35222,33329,0,4
24682,35224,33331,0,4
24683,35225,33332,0,4
24684,35227,33334,0,4
24685,35229,33336,0,2
24686,35230,33337,0,1
24687,35231,33338,0,5
24688,35232,33339,0,3
24689,35233,33340,1,1
24690,35234,33341,1,1
24691,35235,33342,0,2
24692,35236,33343,0,1
24693,35237,33344,0,2
24694,35238,33345,0,5
24695,35239,33346,0,5
24696,35240,33347,0,5
24697,35241,33348,0,5
24698,35242,33349,0,4
24699,35243,33350,0,3
24700,35247,33354,1,2
24701,35248,33355,0,2
24702,35249,33356,0,5
24703,35250,33357,0,1
24704,35253,33360,0,1
24705,35254,33361,0,4
24706,35255,33362,0,4
24707,35256,33363,0,3
24708,35257,33364,0,3
24709,35258,33365,0,5
24710,35259,33366,0,1
24711,35260,33367,1,5
24712,35261,33368,0,5
24713,35263,33370,0,5
24714,35264,33371,0,3
24715,35267,33374,0,2
24716,35268,33375,0,1
24717,35269,33376,0,4
24718,35270,33377,0,1
24719,35271,33378,0,2
24720,35272,33379,0,4
24721,35273,33380,0,4
24722,35275,33382,0,3
24723,35276,33383,0,1
24724,35277,33384,0,2
24725,35278,33385,0,5
24726,35279,33386,0,1
24727,35280,33387,0,3
24728,35281,33388,0,2
24729,35282,33389,0,3
24730,35284,33391,0,2
24731,35287,33394,0,3
24732,35288,33395,0,2
24733,35289,33341,0,1
24734,35290,33396,0,2
24735,35291,33397,0,1
24736,35292,33398,0,1
24737,35293,33399,0,3
24738,35294,33400,0,4
24739,35296,33402,0,3
24740,35297,33403,0,1
24741,35298,33404,0,1
24742,35299,33405,0,2
24743,35300,33406,0,2
24744,35301,33407,0,4
24745,35302,33408,0,3
24746,35303,33266,0,1
24747,35305,33410,0,3
24748,35306,33411,0,4
24749,35308,33413,0,2
24750,35310,33415,0,3
24751,35312,33417,0,3
24752,35314,33419,0,1
24753,35315,33420,0,3
24754,35316,33421,1,3
24755,35318,33423,0,3
24756,35321,33426,0,3
24757,35323,33428,1,5
24758,35325,33430,0,2
24759,35326,33431,0,2
24760,35327,33432,0,3
24761,35328,33433,0,4
24762,35329,33434,0,1
24763,35330,33435,0,4
24764,35331,33436,0,2
24765,35334,33439,0,3
24766,35335,33440,0,2
24767,35337,33442,1,5
24768,35338,33443,0,4
24769,35341,33446,0,4
24770,35344,33449,0,3
24771,35346,33451,0,2
24772,35347,33452,0,5
24773,35348,33453,0,2
24774,35350,33455,0,5
24775,35351,33456,0,4
24776,35352,33457,1,5
24777,35353,33458,0,4
24778,35354,33459,0,3
24779,35355,33460,0,1
24780,35357,33462,0,1
24781,35358,33463,0,4
24782,35360,33465,0,2
24783,35361,33466,0,5
24784,35362,33467,0,1
24785,35363,33468,0,4
24786,35366,33471,0,5
24787,35367,33472,0,3
24788,35368,33473,0,2
24789,35369,33474,0,2
24790,35370,33475,0,4
24791,35372,33477,0,4
24792,35373,33478,0,1
24793,35374,33479,0,5
24794,35375,33480,0,5
24795,35376,33481,0,4
24796,35377,33482,1,4
24797,35378,33483,0,3
24798,35379,33484,0,2
24799,35380,33485,1,5
24800,35381,33486,0,3
24801,35384,33489,0,2
24802,35385,33490,0,5
24803,35386,33491,0,5
24804,35387,33492,0,2
24805,35388,33493,0,2
24806,35391,33496,0,2
24807,35392,33497,0,2
24808,35393,33498,0,4
24809,35394,33499,0,1
24810,35397,33502,0,5
24811,35399,33504,0,3
24812,35400,33505,0,4
24813,35404,33509,0,5
24814,35406,33511,0,4
24815,35407,33512,0,5
24816,35408,33513,1,5
24817,35409,33514,1,2
24818,35410,33515,0,2
24819,35413,33518,0,1
24820,35414,33519,0,3
24821,35415,33520,1,2
24822,35416,33521,0,4
24823,35417,33522,0,4
24824,35419,33524,0,3
24825,35421,33526,0,5
24826,35422,33527,0,4
24827,35423,33528,0,3
24828,35424,33529,1,2
24829,35425,33530,0,2
24830,35426,33531,0,1
24831,35427,33532,0,1
24832,35432,33537,0,3
24833,35433,33538,1,1
24834,35435,33540,0,5
24835,35437,33542,0,5
24836,35438,33543,1,2
24837,35439,33544,0,5
24838,35440,33545,1,4
24839,35442,33547,0,4
24840,35443,33548,0,1
24841,35444,33549,0,3
24842,35445,33550,0,1
24843,35448,33553,0,3
24844,35449,33554,0,3
24845,35450,33555,0,1
24846,35455,33560,0,5
24847,35457,33562,0,2
24848,35458,33563,0,5
24849,35459,33564,0,2
24850,35460,33565,0,5
24851,35461,33566,0,5
24852,35462,33567,0,2
24853,35463,33568,0,3
24854,35464,33569,0,2
24855,35466,33571,0,5
24856,35467,33572,0,5
24857,35468,33573,0,4
24858,35469,33574,0,3
24859,35470,33575,0,5
24860,35471,33576,0,4
24861,35472,33577,0,1
24862,35473,33578,0,4
24863,35474,33579,0,5
24864,35475,33580,0,5
24865,35477,33582,0,1
24866,35478,33583,0,3
24867,35479,33584,0,3
24868,35482,33587,0,4
24869,35483,33588,0,3
24870,35484,33589,0,5
24871,35486,33591,0,3
24872,35487,33592,0,3
24873,35488,33593,0,3
24874,35489,33594,0,4
24875,35490,33595,0,1
24876,35492,33597,0,3
24877,35493,33598,0,2
24878,35495,33600,0,4
24879,35496,33601,0,5
24880,35497,33602,1,3
24881,35498,33603,0,3
24882,35499,33604,0,3
24883,35500,33605,0,5
24884,35503,33608,0,5
24885,35504,33609,0,2
24886,35505,33610,0,5
24887,35506,33611,1,2
24888,35507,33612,0,1
24889,35508,33613,0,1
24890,35509,33614,0,2
24891,35510,33615,0,5
24892,35511,33616,0,4
24893,35513,33618,0,4
24894,35514,33619,0,2
24895,35517,33622,0,1
24896,35518,33623,0,1
24897,35519,33624,0,2
24898,35520,33625,0,3
24899,35521,33626,0,2
24900,35525,33630,0,1
24901,35526,33631,0,4
24902,35527,33632,0,1
24903,35528,33633,0,1
24904,35530,33635,0,3
24905,35535,33640,0,5
24906,35536,33641,0,3
24907,35537,33642,0,5
24908,35538,33643,0,1
24909,35539,33644,0,1
24910,35543,33648,0,2
24911,35544,33649,1,2
24912,35545,33650,0,4
24913,35546,33651,0,1
24914,35547,33652,0,3
24915,35548,33653,0,4
24916,35549,33654,0,5
24917,35550,33655,0,2
24918,35552,33654,1,5
24919,35553,33657,0,2
24920,35554,33658,1,5
24921,35555,33659,0,5
24922,35556,33660,0,1
24923,35557,33661,0,2
24924,35559,33640,1,5
24925,35560,33663,0,1
24926,35561,33664,0,5
24927,35562,33665,0,4
24928,35563,33666,0,4
24929,35565,33668,0,3
24930,35566,33669,0,5
24931,35567,33670,0,1
24932,35568,33671,0,1
24933,35571,33674,0,2
24934,35572,33675,0,3
24935,35573,33676,0,2
24936,35574,33677,0,5
24937,35575,33678,0,4
24938,35576,33679,0,1
24939,35577,33680,0,2
24940,35580,33683,0,2
24941,35581,33684,0,5
24942,35582,33685,0,3
24943,35583,33686,0,5
24944,35586,33688,1,5
24945,35587,33689,0,4
24946,35588,33690,0,1
24947,35590,33692,0,1
24948,35591,33693,0,2
24949,35593,33695,0,4
24950,35594,33696,0,2
24951,35596,33698,0,2
24952,35598,33700,0,2
24953,35599,33701,0,4
24954,35600,33702,0,2
24955,35601,33703,0,4
24956,35602,33704,0,3
24957,35603,33705,0,3
24958,35605,33707,0,1
24959,35606,33703,1,4
24960,35607,33708,1,2
24961,35608,33709,0,1
24962,35609,33710,0,2
24963,35610,33711,0,2
24964,35611,33712,0,3
24965,35613,33714,0,1
24966,35614,33715,1,1
24967,35615,33716,0,2
24968,35616,33717,0,1
24969,35619,33720,0,1
24970,35621,33722,0,3
24971,35623,33724,0,5
24972,35624,33725,0,2
24973,35625,33726,0,3
24974,35626,33726,0,3
24975,35627,33727,0,2
24976,35628,33728,0,3
24977,35629,33728,0,3
24978,35631,33730,0,1
24979,35633,33732,0,2
24980,35634,33733,1,4
24981,35635,33734,0,1
24982,35636,33735,0,4
24983,35637,33736,0,2
24984,35638,33737,0,3
24985,35639,33738,0,3
24986,35641,33740,0,2
24987,35642,33741,0,1
24988,35643,33742,1,4
24989,35645,33744,0,4
24990,35646,33745,0,1
24991,35647,33746,0,4
24992,35648,33747,0,2
24993,35649,33748,0,1
24994,35650,33749,0,3
24995,35651,33747,0,2
24996,35653,33751,0,2
24997,35654,33752,0,2
24998,35655,33753,0,3
24999,35656,33754,0,5
25000,35658,33756,1,3
25001,35661,33759,0,5
25002,35665,33762,0,1
25003,35666,33763,0,3
25004,35667,33764,0,5
25005,35668,33765,0,5
25006,35669,33766,0,1
25007,35672,33768,0,4
25008,35673,33769,0,5
25009,35674,33770,0,3
25010,35675,33771,0,3
25011,35677,33773,0,3
25012,35678,33774,0,4
25013,35679,33775,0,5
25014,35681,33777,0,5
25015,35682,33778,0,5
25016,35683,33779,0,2
25017,35684,33780,1,5
25018,35685,33781,0,2
25019,35686,33782,0,2
25020,35687,33783,0,3
25021,35689,33785,0,2
25022,35690,33786,0,3
25023,35693,33789,0,2
25024,35694,33790,0,2
25025,35695,33791,0,3
25026,35696,33792,0,1
25027,35697,33793,0,4
25028,35698,33794,1,5
25029,35699,33795,0,5
25030,35700,33796,0,5
25031,35703,33799,0,4
25032,35705,33801,0,1
25033,35706,33802,0,3
25034,35709,33804,0,2
25035,35710,33779,0,2
25036,35711,33805,0,5
25037,35712,33806,0,3
25038,35716,33810,0,2
25039,35718,33812,0,5
25040,35720,33814,0,2
25041,35723,33817,0,4
25042,35724,33818,0,5
25043,35725,33819,0,2
25044,35726,33820,0,3
25045,35727,33821,0,3
25046,35728,33822,0,3
25047,35729,33823,1,2
25048,35739,33832,0,1
25049,35741,33529,0,2
25050,35743,33835,1,2
25051,35745,33837,0,1
25052,35746,33838,0,2
25053,35747,33839,0,5
25054,35748,33840,0,4
25055,35749,33841,0,2
25056,35750,33842,0,5
25057,35751,33843,0,2
25058,35763,33855,0,4
25059,35764,33856,0,2
25060,35765,33857,0,5
25061,35766,33858,0,3
25062,35768,33860,0,2
25063,35769,33861,0,5
25064,35770,33862,0,1
25065,35771,33863,0,3
25066,35772,33864,0,4
25067,35773,33865,0,1
25068,35774,33866,0,5
25069,35775,33867,0,1
25070,35776,33868,0,2
25071,35777,33869,0,1
25072,35778,33870,0,4
25073,35779,33871,0,3
25074,35781,33873,0,2
25075,35783,33875,0,4
25076,35785,33876,0,4
25077,35786,33877,0,4
25078,35787,33878,0,2
25079,35791,33882,0,2
25080,35792,33883,0,2
25081,35795,33884,0,5
25082,35796,33885,0,5
25083,35799,33888,0,3
25084,35800,33889,0,3
25085,35801,33890,0,4
25086,35802,33891,0,5
25087,35803,33892,0,4
25088,35804,33893,0,5
25089,35806,33895,0,3
25090,35808,33897,0,1
25091,35810,33899,0,4
25092,35811,33900,0,4
25093,35812,33901,0,2
25094,35814,33903,0,1
25095,35816,33905,0,1
25096,35818,33907,0,4
25097,35819,33908,1,1
25098,35821,33770,0,3
25099,35822,33910,0,3
25100,35824,33912,0,3
25101,35825,33913,1,1
25102,35826,33914,1,3
25103,35827,33915,0,1
25104,35828,33916,1,1
25105,35829,33917,1,3
25106,35830,33918,0,3
25107,35833,33921,1,5
25108,35834,33922,1,4
25109,35836,33924,0,3
25110,35837,33925,1,4
25111,35838,33926,1,2
25112,35841,33929,0,2
25113,35842,33930,0,3
25114,35843,33931,1,4
25115,35846,33933,0,3
25116,35847,33934,0,2
25117,35848,33935,0,5
25118,35849,33936,0,2
25119,35850,33937,0,4
25120,35852,33939,0,2
25121,35854,33941,0,3
25122,35855,33942,1,1
25123,35857,33944,0,4
25124,35858,33939,1,2
25125,35859,33945,0,2
25126,35860,33946,0,1
25127,35862,33939,0,2
25128,35863,33948,0,5
25129,35864,33949,0,1
25130,35865,33950,0,5
25131,35866,33951,0,2
25132,35867,33952,0,4
25133,35868,33953,0,1
25134,35869,33954,0,1
25135,35872,33957,0,4
25136,35874,33959,1,1
25137,35875,33960,0,3
25138,35876,33961,0,1
25139,35877,33962,0,4
25140,35878,33963,0,4
25141,35880,33965,1,1
25142,35882,33967,1,1
25143,35883,33968,1,5
25144,35887,33972,0,2
25145,35888,33973,0,1
25146,35889,33974,1,1
25147,35890,33975,0,1
25148,35891,33976,0,1
25149,35892,33977,1,3
25150,35894,33979,0,1
25151,35896,33981,1,4
25152,35897,33982,0,3
25153,35898,33983,0,1
25154,35899,33984,0,5
25155,35900,33985,0,4
25156,35904,33989,0,5
25157,35905,33990,0,1
25158,35908,33993,0,1
25159,35910,33995,0,5
25160,35912,33997,1,4
25161,35913,33998,1,5
25162,35914,33999,1,3
25163,35915,34000,0,3
25164,35917,34002,0,5
25165,35918,34003,0,2
25166,35919,34004,0,1
25167,35920,34005,1,2
25168,35922,34007,0,1
25169,35923,34008,0,5
25170,35925,34010,0,4
25171,35926,34011,0,1
25172,35931,34016,1,4
25173,35934,34018,0,1
25174,35935,34019,0,1
25175,35937,34021,1,2
25176,35939,34023,1,1
25177,35941,34025,1,5
25178,35942,34026,0,5
25179,35944,34028,1,5
25180,35947,34031,0,1
25181,35948,34032,1,1
25182,35949,34033,0,2
25183,35950,34034,0,4
25184,35951,34035,0,1
25185,35952,34036,0,4
25186,35955,34039,1,3
25187,35956,34040,1,5
25188,35957,34041,0,3
25189,35959,34042,0,3
25190,35960,34043,0,5
25191,35961,34044,0,4
25192,35962,33989,0,5
25193,35963,34045,0,1
25194,35965,34047,0,1
25195,35966,34048,0,3
25196,35967,34049,0,5
25197,35970,34052,1,1
25198,35972,34054,1,5
25199,35973,34055,0,4
25200,35976,34057,0,5
25201,35977,34058,0,2
25202,35978,34059,0,1
25203,35979,34060,1,1
25204,35980,34061,0,3
25205,35981,34062,1,5
25206,35984,34065,1,2
25207,35985,34066,1,4
25208,35987,34068,0,1
25209,35988,34069,0,2
25210,35989,34070,0,5
25211,35990,34071,0,1
25212,35991,34072,0,1
25213,35992,34073,0,1
25214,35993,34070,0,5
25215,35997,34077,0,2
25216,35998,34078,0,4
25217,35999,34079,1,3
25218,36000,34080,0,4
25219,36002,34082,0,2
25220,36004,34084,0,1
25221,36005,34085,0,5
25222,36007,34086,0,3
25223,36008,34087,1,4
25224,36009,34088,0,5
25225,36011,34090,0,3
25226,36012,34091,0,3
25227,36013,34092,1,5
25228,36014,34093,0,1
25229,36015,34094,0,2
25230,36017,34096,0,5
25231,36018,34097,0,1
25232,36019,34098,0,2
25233,36020,34099,0,4
25234,36021,34100,0,4
25235,36022,34101,0,5
25236,36023,34102,0,5
25237,36024,34103,0,3
25238,36025,34104,0,1
25239,36027,34070,0,5
25240,36028,34106,0,3
25241,36029,34107,0,3
25242,36030,34108,0,5
25243,36031,34109,0,3
25244,36032,34110,0,5
25245,36033,34111,1,2
25246,36034,34112,1,3
25247,36035,34113,0,5
25248,36037,34115,0,4
25249,36038,34116,1,5
25250,36039,34117,0,3
25251,36043,34121,0,2
25252,36044,34122,0,1
25253,36047,34125,0,5
25254,36048,34126,0,5
25255,36051,34129,0,5
25256,36053,34131,0,2
25257,36054,34132,0,3
25258,36055,34133,0,4
25259,36057,34135,0,1
25260,36058,34136,0,4
25261,36059,34104,0,1
25262,36060,34137,0,1
25263,36061,34138,1,5
25264,36062,34139,1,4
25265,36063,34140,1,4
25266,36064,34141,0,2
25267,36066,34143,0,4
25268,36067,34144,0,3
25269,36069,34144,1,3
25270,36070,34146,0,2
25271,36074,34150,1,5
25272,36077,34151,0,5
25273,36078,34152,0,2
25274,36079,34153,0,5
25275,36081,34155,0,3
25276,36082,34156,0,3
25277,36083,34157,0,5
25278,36084,34158,0,3
25279,36085,34138,1,5
25280,36087,34160,1,4
25281,36088,34161,1,5
25282,36089,34162,1,2
25283,36090,34163,0,4
25284,36091,34164,0,4
25285,36092,34165,1,1
25286,36093,34166,0,3
25287,36094,34167,0,3
25288,36095,34168,0,3
25289,36096,34169,0,1
25290,36097,34170,0,5
25291,36098,34171,0,4
25292,36099,34172,0,3
25293,36100,34171,0,4
25294,36101,34173,0,1
25295,36105,34177,0,4
25296,36106,34178,0,4
25297,36107,34179,0,5
25298,36108,34180,0,1
25299,36109,34181,1,1
25300,36110,34182,0,1
25301,36112,34184,0,1
25302,36114,34186,0,4
25303,36115,34187,0,3
25304,36116,34188,1,3
25305,36118,34190,0,5
25306,36119,34191,0,2
25307,36120,34192,0,1
25308,36121,34193,0,4
25309,36123,34195,1,2
25310,36124,34196,1,5
25311,36125,34197,0,5
25312,36126,34198,0,5
25313,36130,34202,0,2
25314,36133,34204,0,1
25315,36134,34205,1,1
25316,36136,34207,0,5
25317,36138,34209,0,3
25318,36139,34210,0,5
25319,36140,34211,1,2
25320,36142,34213,0,5
25321,36143,34214,0,1
25322,36144,34215,0,4
25323,36145,34216,0,5
25324,36146,34217,1,4
25325,36148,34219,0,2
25326,36150,34221,0,1
25327,36151,34222,1,1
25328,36152,34223,1,5
25329,36153,34224,0,4
25330,36155,34226,0,3
25331,36156,34227,0,2
25332,36157,34228,1,2
25333,36158,34229,0,5
25334,36160,34231,1,3
25335,36161,34232,0,5
25336,36163,34234,0,1
25337,36164,34235,1,2
25338,36165,34236,0,3
25339,36166,34237,1,2
25340,36167,34222,0,1
25341,36170,34240,0,1
25342,36171,34241,0,3
25343,36172,34242,0,3
25344,36173,34243,0,3
25345,36174,34244,0,5
25346,36176,34187,0,3
25347,36177,34246,1,1
25348,36178,34247,0,1
25349,36179,34248,0,1
25350,36181,34250,1,3
25351,36182,34251,1,1
25352,36183,34252,0,3
25353,36184,34253,0,3
25354,36185,34254,0,4
25355,36187,34256,0,5
25356,36189,34258,1,4
25357,36190,34259,0,5
25358,36191,34260,0,4
25359,36194,34263,1,1
25360,36196,34265,0,2
25361,36197,34266,0,5
25362,36198,34267,0,3
25363,36199,34268,0,5
25364,36203,34272,0,5
25365,36204,34273,0,4
25366,36205,34274,0,4
25367,36206,34275,0,3
25368,36207,34276,0,3
25369,36208,34277,0,2
25370,36209,34278,0,4
25371,36210,34279,0,5
25372,36212,34281,0,5
25373,36213,34282,0,3
25374,36214,34283,1,5
25375,36215,34284,0,2
25376,36216,34285,0,1
25377,36217,34286,0,4
25378,36219,34288,0,2
25379,36220,34289,0,4
25380,36221,34290,0,1
25381,36222,34291,0,5
25382,36224,34293,1,4
25383,36225,34294,1,4
25384,36226,34295,0,5
25385,36227,34296,0,1
25386,36228,34297,0,2
25387,36229,34298,1,1
25388,36230,34299,0,5
25389,36231,34300,0,1
25390,36233,34302,1,1
25391,36240,34309,1,3
25392,36241,34310,1,5
25393,36242,34311,0,2
25394,36244,34313,0,2
25395,36245,34314,0,2
25396,36246,34315,0,1
25397,36248,34317,1,5
25398,36251,34320,0,1
25399,36252,34321,0,5
25400,36253,34322,0,4
25401,36255,34324,0,1
25402,36261,34329,0,5
25403,36262,34330,0,3
25404,36263,34331,0,1
25405,36266,34334,0,5
25406,36267,34335,1,4
25407,36268,34336,1,3
25408,36269,34337,1,2
25409,36270,34338,0,4
25410,36272,34340,0,3
25411,36273,34341,0,3
25412,36276,34344,0,1
25413,36277,34345,0,4
25414,36282,34350,0,3
25415,36285,34353,0,4
25416,36286,34354,0,4
25417,36287,34355,0,1
25418,36288,34356,0,2
25419,36291,34359,1,1
25420,36292,34360,1,2
25421,36293,34361,0,4
25422,36294,34362,0,5
25423,36295,34363,0,4
25424,36296,34364,0,5
25425,36299,34367,1,2
25426,36300,34368,1,1
25427,36301,34369,1,4
25428,36303,34371,0,5
25429,36304,34372,0,5
25430,36307,34375,0,1
25431,36308,34376,0,1
25432,36309,34377,0,2
25433,36310,34341,0,3
25434,36311,34378,0,1
25435,36313,34380,0,1
25436,36314,34381,0,2
25437,36316,34383,1,4
25438,36317,34384,0,1
25439,36319,34385,0,1
25440,36322,34388,0,4
25441,36323,34389,0,1
25442,36324,34390,0,4
25443,36325,34391,1,3
25444,36326,34392,0,2
25445,36327,34393,0,5
25446,36328,34394,1,4
25447,36329,34395,1,3
25448,36330,34396,1,2
25449,36332,34398,0,2
25450,36334,34400,1,3
25451,36335,34401,0,3
25452,36336,34402,1,4
25453,36338,34404,1,3
25454,36339,34405,0,3
25455,36341,34407,1,3
25456,36342,34408,0,3
25457,36343,34409,0,4
25458,36344,34410,0,3
25459,36346,34412,0,3
25460,36348,34414,0,4
25461,36352,34417,1,2
25462,36353,34418,1,5
25463,36355,34420,0,1
25464,36356,34421,0,4
25465,36357,34422,0,3
25466,36358,34423,0,4
25467,36360,34425,1,1
25468,36362,34427,1,4
25469,36366,34431,0,3
25470,36367,34432,0,5
25471,36368,34433,0,1
25472,36369,34434,1,4
25473,36370,34435,0,5
25474,36371,34436,1,2
25475,36372,34437,0,4
25476,36373,34438,0,5
25477,36375,34440,1,2
25478,36376,34441,0,5
25479,36377,34442,0,3
25480,36378,34443,1,5
25481,36379,34444,0,3
25482,36380,34445,0,4
25483,36381,34446,1,1
25484,36383,34448,0,5
25485,36384,34449,0,4
25486,36385,34450,0,3
25487,36386,34417,1,2
25488,36387,34451,0,4
25489,36388,34452,0,3
25490,36389,34453,0,5
25491,36393,34457,0,1
25492,36395,34459,0,3
25493,36398,34462,0,5
25494,36399,34463,0,5
25495,36400,34464,0,1
25496,36402,34466,0,5
25497,36403,34467,0,1
25498,36405,34469,0,2
25499,36408,34472,0,4
25500,36409,34473,0,2
25501,36410,34474,1,1
25502,36411,34475,0,1
25503,36413,34477,1,5
25504,36414,34478,0,4
25505,36417,34481,0,4
25506,36420,34484,0,2
25507,36421,34485,1,3
25508,36422,34486,0,5
25509,36423,34487,1,5
25510,36424,34488,1,2
25511,36425,34489,0,1
25512,36427,34491,0,2
25513,36428,34492,1,1
25514,36429,34493,0,1
25515,36430,34494,0,3
25516,36431,34495,0,3
25517,36433,34497,0,1
25518,36437,34501,0,2
25519,36439,34502,1,4
25520,36440,34503,1,5
25521,36441,34504,0,3
25522,36443,34506,0,5
25523,36444,34507,0,3
25524,36450,34513,0,3
25525,36452,34515,0,1
25526,36453,34516,0,5
25527,36454,34517,0,3
25528,36455,34518,0,1
25529,36456,34519,0,3
25530,36457,34520,1,5
25531,36458,34521,0,1
25532,36459,34522,0,1
25533,36462,34525,1,1
25534,36464,34527,1,4
25535,36466,34529,0,2
25536,36468,34531,1,4
25537,36469,34532,1,5
25538,36471,34534,1,2
25539,36474,34537,1,4
25540,36476,34539,0,5
25541,36479,34542,1,1
25542,36480,34543,0,1
25543,36485,34548,1,1
25544,36486,34549,1,3
25545,36487,34550,1,2
25546,36489,34552,0,3
25547,36491,34554,1,5
25548,36492,34555,0,4
25549,36493,34556,1,3
25550,36494,34557,0,1
25551,36496,34559,0,1
25552,36498,34561,0,2
25553,36500,34561,0,2
25554,36501,34561,1,2
25555,36502,34563,0,4
25556,36503,34564,0,3
25557,36504,34565,1,1
25558,36505,34566,0,2
25559,36506,34567,1,4
25560,36507,34568,0,5
25561,36508,34568,0,5
25562,36510,34570,0,2
25563,36512,34572,1,5
25564,36513,34573,0,1
25565,36514,34574,0,1
25566,36516,34576,0,2
25567,36518,34578,0,5
25568,36519,34579,0,3
25569,36521,34581,0,4
25570,36523,34583,0,4
25571,36524,34584,0,4
25572,36527,34586,0,3
25573,36528,34587,0,3
25574,36529,34588,0,4
25575,36530,34589,0,5
25576,36532,34591,0,2
25577,36533,34592,0,1
25578,36535,34594,0,5
25579,36536,34595,0,4
25580,36537,34596,0,3
25581,36538,34596,0,3
25582,36540,34598,1,5
25583,36541,34599,1,2
25584,36542,34600,1,5
25585,36544,34602,0,1
25586,36548,34606,1,5
25587,36551,34609,1,3
25588,36552,34610,0,5
25589,36553,34611,0,1
25590,36554,34612,0,1
25591,36555,34613,0,5
25592,36557,34615,1,3
25593,36558,34616,0,4
25594,36559,34617,0,2
25595,36560,34618,1,3
25596,36562,34618,1,3
25597,36563,34619,0,3
25598,36564,34620,0,5
25599,36567,34623,0,2
25600,36569,34625,1,4
25601,36570,34626,0,5
25602,36572,34628,0,2
25603,36573,34629,0,4
25604,36575,34631,0,3
25605,36576,34632,0,4
25606,36577,34631,1,3
25607,36580,34635,0,3
25608,36581,34636,0,3
25609,36582,34637,0,4
25610,36583,34638,1,4
25611,36584,34639,1,2
25612,36585,34640,1,4
25613,36586,34641,1,4
25614,36587,34642,0,5
25615,36590,34645,0,3
25616,36591,34646,1,3
25617,36592,34647,0,1
25618,36594,34649,0,2
25619,36595,34650,1,1
25620,36596,34651,0,2
25621,36597,34652,1,1
25622,36598,34653,1,2
25623,36600,34655,1,3
25624,36603,34657,0,1
25625,36604,34658,1,2
25626,36605,34659,0,2
25627,36606,34660,1,2
25628,36607,34661,1,2
25629,36608,34662,1,4
25630,36611,34665,1,4
25631,36612,34666,1,3
25632,36613,34667,1,5
25633,36614,34668,1,4
25634,36615,34669,1,4
25635,36616,34670,1,1
25636,36617,34671,1,3
25637,36618,34672,1,1
25638,36619,34673,1,1
25639,36621,34675,0,4
25640,36622,34676,1,3
25641,36623,34677,0,2
25642,36624,34678,0,2
25643,36625,34679,0,1
25644,36627,34681,0,4
25645,36628,34682,0,3
25646,36629,34683,0,5
25647,36632,34686,0,4
25648,36635,34689,0,3
25649,36636,34690,1,3
25650,36637,34691,1,1
25651,36638,34692,0,2
25652,36639,34693,0,2
25653,36640,34694,0,5
25654,36641,34695,1,2
25655,36642,34696,0,4
25656,36645,34699,1,3
25657,36646,34700,0,2
25658,36647,34701,0,3
25659,36649,34703,0,3
25660,36650,34704,0,1
25661,36651,34705,0,5
25662,36654,34708,1,4
25663,36655,34709,0,2
25664,36656,34710,1,4
25665,36657,34711,0,5
25666,36660,34714,1,2
25667,36661,34715,1,1
25668,36663,34715,1,1
25669,36665,34718,0,2
25670,36666,34719,1,4
25671,36669,34722,0,2
25672,36671,34724,1,5
25673,36672,34725,1,2
25674,36673,34726,1,3
25675,36674,34727,0,5
25676,36675,34728,1,4
25677,36676,34729,1,4
25678,36677,34730,1,5
25679,36680,34732,0,4
25680,36681,34733,0,5
25681,36682,34734,1,2
25682,36683,34735,1,5
25683,36684,34736,0,4
25684,36685,34737,0,5
25685,36686,34738,0,3
25686,36688,34740,0,4
25687,36689,34741,1,4
25688,36690,34742,0,2
25689,36694,34746,0,1
25690,36696,34748,0,2
25691,36697,34749,0,4
25692,36699,34751,1,3
25693,36701,34753,0,2
25694,36702,34754,1,4
25695,36704,34756,0,2
25696,36705,34757,1,3
25697,36707,34759,1,4
25698,36708,34760,1,4
25699,36710,34762,0,2
25700,36712,34764,1,5
25701,36715,34766,1,4
25702,36716,34767,0,2
25703,36718,34769,0,1
25704,36720,34771,1,4
25705,36721,34772,1,3
25706,36722,34773,1,2
25707,36723,34774,1,4
25708,36724,34775,1,5
25709,36725,34776,0,3
25710,36728,34779,0,1
25711,36730,34781,0,3
25712,36731,34782,0,4
25713,36733,34784,0,3
25714,36737,34787,0,1
25715,36738,34788,1,2
25716,36739,34789,1,3
25717,36740,34790,0,3
25718,36741,34791,0,3
25719,36742,34792,1,3
25720,36744,34794,1,1
25721,36745,34795,0,1
25722,36746,34796,0,1
25723,36747,34797,1,5
25724,36748,34798,1,3
25725,36749,34799,1,4
25726,36750,34800,0,3
25727,36752,34802,0,1
25728,36754,34804,0,3
25729,36755,34805,0,1
25730,36756,34806,0,1
25731,36757,34807,0,5
25732,36758,34808,1,2
25733,36760,34810,1,1
25734,36761,34811,0,2
25735,36762,34812,1,3
25736,36763,34813,1,3
25737,36764,34814,0,2
25738,36765,34815,1,3
25739,36766,34816,0,1
25740,36767,34817,0,2
25741,36769,34819,1,4
25742,36770,34820,1,2
25743,36772,34822,1,3
25744,36773,34823,0,1
25745,36774,34824,0,1
25746,36777,34827,1,3
25747,36778,34828,0,5
25748,36779,34829,0,4
25749,36781,34831,0,3
25750,36782,34832,0,3
25751,36783,34833,0,2
25752,36784,34834,0,1
25753,36785,34835,0,1
25754,36786,34836,0,1
25755,36787,34837,0,4
25756,36789,34839,1,3
25757,36790,34840,1,5
25758,36793,34843,0,1
25759,36796,34846,1,3
25760,36797,34847,0,2
25761,36799,34849,1,3
25762,36801,34851,0,3
25763,36803,34853,0,2
25764,36805,34855,1,2
25765,36806,34856,0,3
25766,36807,34857,1,1
25767,36808,34858,0,1
25768,36809,34859,1,1
25769,36810,34860,0,5
25770,36811,34861,1,4
25771,36812,34862,0,5
25772,36813,34863,1,5
25773,36814,34864,0,2
25774,36815,34865,0,5
25775,36816,34866,1,4
25776,36817,34867,0,4
25777,36818,34867,0,4
25778,36821,34870,0,3
25779,36822,34871,1,2
25780,36823,34872,1,5
25781,36824,34873,1,5
25782,36826,34875,0,2
25783,36829,34878,0,4
25784,36833,34882,0,4
25785,36834,34883,0,3
25786,36835,34884,0,3
25787,36836,34885,0,4
25788,36837,34886,0,4
25789,36838,34887,1,3
25790,36839,34870,0,3
25791,36841,34889,0,3
25792,36842,34890,0,3
25793,36844,34892,0,4
25794,36846,34894,0,1
25795,36847,34895,1,4
25796,36849,34897,1,3
25797,36850,34898,1,2
25798,36853,34901,0,2
25799,36854,34902,0,3
25800,36855,34903,0,5
25801,36856,34904,1,5
25802,36857,34905,0,1
25803,36858,34906,0,1
25804,36859,34907,0,2
25805,36860,34908,0,2
25806,36861,34909,0,5
25807,36862,34910,0,1
25808,36863,34911,0,3
25809,36864,34912,0,4
25810,36865,34913,0,1
25811,36866,34914,0,3
25812,36867,34915,1,1
25813,36868,34916,0,2
25814,36869,34917,0,2
25815,36870,34918,1,4
25816,36871,34919,0,4
25817,36872,34920,0,5
25818,36873,34921,1,1
25819,36874,34922,0,1
25820,36875,34923,0,3
25821,36876,34924,0,1
25822,36877,34925,0,3
25823,36878,34926,1,2
25824,36879,34927,0,1
25825,36880,34928,0,3
25826,36882,34930,0,4
25827,36883,34931,1,5
25828,36885,34933,1,5
25829,36887,34935,0,2
25830,36888,34936,1,1
25831,36889,34937,0,3
25832,36890,34938,1,5
25833,36892,34940,0,5
25834,36893,34941,0,2
25835,36894,34942,1,5
25836,36895,34943,1,1
25837,36896,34944,0,5
25838,36898,34946,0,4
25839,36900,34948,0,1
25840,36901,34949,0,3
25841,36902,34950,0,4
25842,36904,34952,0,5
25843,36905,34953,0,5
25844,36906,34954,0,4
25845,36907,34955,1,2
25846,36908,34956,0,1
25847,36910,34958,0,4
25848,36911,34959,0,1
25849,36912,34960,0,3
25850,36913,34961,0,3
25851,36914,34962,0,1
25852,36916,34964,0,5
25853,36917,34965,1,3
25854,36918,34966,0,2
25855,36921,34969,0,2
25856,36922,34970,0,1
25857,36923,34971,1,2
25858,36925,34973,0,4
25859,36926,34974,1,2
25860,36930,34978,0,2
25861,36931,34979,0,3
25862,36936,34983,0,1
25863,36937,34984,1,3
25864,36938,34985,1,4
25865,36939,34986,1,2
25866,36940,34987,0,1
25867,36941,34988,0,5
25868,36942,34989,0,2
25869,36944,34991,1,3
25870,36947,34994,0,5
25871,36948,34995,0,5
25872,36953,34998,1,1
25873,36954,34999,1,3
25874,36955,35000,1,2
25875,36956,35001,0,3
25876,36957,35002,0,5
25877,36959,35004,1,5
25878,36960,35005,1,1
25879,36961,35006,0,3
25880,36962,35007,0,4
25881,36963,35008,0,1
25882,36964,35009,0,5
25883,36965,35010,0,1
25884,36967,35012,0,5
25885,36968,35013,0,2
25886,36969,35014,0,1
25887,36970,35015,0,4
25888,36972,35017,0,4
25889,36974,35019,1,5
25890,36975,35020,1,2
25891,36977,35022,1,5
25892,36978,35023,1,4
25893,36979,35024,1,3
25894,36980,35025,1,1
25895,36981,35026,1,5
25896,36982,35027,1,3
25897,36983,35028,1,5
25898,36984,35029,0,4
25899,36985,35030,1,4
25900,36986,35031,1,5
25901,36988,35033,1,2
25902,36990,35035,0,4
25903,36991,35036,1,4
25904,36992,35037,0,4
25905,36993,35038,0,1
25906,36994,35039,1,1
25907,36995,35040,0,2
25908,36998,35043,0,5
25909,36999,35044,0,4
25910,37001,35046,0,2
25911,37002,35047,1,2
25912,37003,35048,0,1
25913,37009,35054,1,2
25914,37010,35055,1,5
25915,37011,35056,1,2
25916,37012,35057,1,5
25917,37013,35058,0,4
25918,37014,35059,0,4
25919,37015,35060,0,1
25920,37016,35061,0,2
25921,37017,35062,1,3
25922,37018,35063,0,3
25923,37021,35066,1,3
25924,37023,35068,0,3
25925,37024,35069,0,3
25926,37025,35070,0,2
25927,37026,35071,1,4
25928,37027,35072,1,5
25929,37030,35075,0,1
25930,37033,35078,0,5
25931,37034,35079,0,4
25932,37035,35080,0,5
25933,37037,35082,0,3
25934,37039,35084,0,2
25935,37043,35088,1,3
25936,37044,35089,0,3
25937,37048,35093,0,1
25938,37050,35095,0,4
25939,37051,35096,0,1
25940,37052,35097,0,2
25941,37053,35098,0,4
25942,37054,35099,0,1
25943,37055,35100,0,1
25944,37057,35102,0,2
25945,37058,35103,0,1
25946,37059,35104,0,2
25947,37060,35105,0,2
25948,37061,35106,1,1
25949,37062,35107,0,5
25950,37063,35108,0,5
25951,37064,35109,0,3
25952,37066,35111,0,2
25953,37069,35114,0,3
25954,37070,35115,0,3
25955,37071,35116,1,5
25956,37072,35117,0,1
25957,37075,35120,1,2
25958,37076,35121,0,2
25959,37077,35122,0,5
25960,37080,35125,1,5
25961,37081,35126,0,1
25962,37082,35127,0,4
25963,37085,35130,0,5
25964,37086,35131,1,4
25965,37087,35132,0,2
25966,37089,35134,0,5
25967,37093,35138,0,2
25968,37095,35140,0,4
25969,37096,35141,0,5
25970,37097,35142,0,3
25971,37099,35144,0,2
25972,37101,35146,0,2
25973,37103,35148,1,3
25974,37104,35149,0,4
25975,37105,35150,0,2
25976,37108,35153,1,4
25977,37109,35154,1,4
25978,37110,35155,0,4
25979,37111,35156,0,2
25980,37113,35158,0,1
25981,37114,35159,0,3
25982,37115,35160,0,4
25983,37117,35162,0,2
25984,37119,35164,0,4
25985,37120,35165,0,2
25986,37121,35166,1,5
25987,37122,35167,1,2
25988,37123,35168,0,5
25989,37124,35169,0,3
25990,37126,35171,1,2
25991,37127,35172,1,5
25992,37128,35173,1,3
25993,37130,35175,0,4
25994,37131,35176,0,2
25995,37132,35177,0,5
25996,37133,35176,1,2
25997,37134,35178,0,2
25998,37135,35179,0,2
25999,37138,35181,0,2
26000,37141,35184,1,4
26001,37142,35185,1,2
26002,37143,35184,1,4
26003,37144,35186,0,5
26004,37145,35187,1,1
26005,37146,35188,1,4
26006,37148,35190,0,3
26007,37149,35191,0,1
26008,37150,35192,0,1
26009,37151,35193,0,4
26010,37152,35194,1,4
26011,37155,35197,1,3
26012,37158,35200,0,1
26013,37159,35201,0,2
26014,37161,35203,1,2
26015,37162,35204,0,2
26016,37164,35206,0,1
26017,37165,35207,1,3
26018,37166,35208,0,5
26019,37167,35209,0,1
26020,37168,35210,0,4
26021,37169,35211,1,4
26022,37170,35212,0,2
26023,37171,35213,1,4
26024,37172,35214,0,3
26025,37173,35215,0,2
26026,37174,35216,0,2
26027,37175,35217,0,4
26028,37176,35218,0,4
26029,37177,35219,0,5
26030,37178,35220,0,1
26031,37180,35222,0,5
26032,37181,35210,0,4
26033,37182,35223,0,1
26034,37184,35225,0,4
26035,37187,35228,0,1
26036,37188,35229,0,3
26037,37190,35231,0,2
26038,37191,35232,1,2
26039,37192,35231,0,2
26040,37193,35233,1,1
26041,37194,35234,0,2
26042,37195,35231,0,2
26043,37196,35235,1,1
26044,37198,35237,1,3
26045,37201,35239,0,4
26046,37202,35240,0,4
26047,37203,35241,0,2
26048,37204,35242,1,3
26049,37205,35243,1,2
26050,37208,35246,0,2
26051,37209,35247,1,4
26052,37210,35248,0,3
26053,37212,35250,0,1
26054,37213,35251,0,2
26055,37214,35252,1,3
26056,37217,35254,0,1
26057,37218,35255,1,4
26058,37219,35256,1,4
26059,37220,35257,1,2
26060,37221,35258,0,1
26061,37223,35260,1,1
26062,37224,35247,0,4
26063,37225,35261,1,2
26064,37226,35262,0,2
26065,37227,35263,1,1
26066,37228,35264,0,4
26067,37229,35265,1,2
26068,37231,35267,1,2
26069,37233,35269,0,1
26070,37234,35270,0,3
26071,37235,35271,1,3
26072,37237,35273,0,4
26073,37238,35274,0,5
26074,37239,35275,0,3
26075,37241,35277,0,1
26076,37243,35279,0,5
26077,37244,35280,0,4
26078,37245,35281,1,2
26079,37246,35282,0,3
26080,37247,35283,0,5
26081,37249,35285,1,2
26082,37250,35286,1,3
26083,37252,35288,0,2
26084,37256,35292,0,2
26085,37257,35293,0,5
26086,37260,35296,1,2
26087,37262,35297,1,5
26088,37266,35301,0,5
26089,37268,35303,0,1
26090,37269,35304,0,4
26091,37271,35306,0,5
26092,37272,35307,1,3
26093,37273,35308,0,3
26094,37274,35309,1,2
26095,37275,35310,0,4
26096,37276,35311,0,5
26097,37277,35312,1,4
26098,37279,35314,1,3
26099,37280,35315,1,1
26100,37282,35317,1,1
26101,37283,35318,0,4
26102,37284,35319,0,3
26103,37286,35321,0,3
26104,37289,35324,0,3
26105,37290,35325,1,5
26106,37292,35327,1,5
26107,37293,35328,1,4
26108,37294,35329,0,3
26109,37295,35330,0,3
26110,37296,35331,0,2
26111,37297,35332,0,3
26112,37299,35334,0,2
26113,37300,35335,0,1
26114,37301,35319,0,3
26115,37302,35336,0,5
26116,37304,35338,0,5
26117,37305,35339,0,5
26118,37306,35340,0,4
26119,37307,35341,1,3
26120,37308,35342,0,3
26121,37309,35343,0,5
26122,37310,35344,1,4
26123,37311,35345,0,5
26124,37312,35346,1,3
26125,37313,35347,0,1
26126,37315,35349,0,4
26127,37316,35350,0,4
26128,37317,35351,0,4
26129,37318,35352,0,2
26130,37319,35353,0,1
26131,37320,35354,0,2
26132,37321,35355,1,3
26133,37323,35357,0,3
26134,37324,35358,0,2
26135,37325,35359,0,5
26136,37326,35360,0,3
26137,37331,35364,1,1
26138,37332,35365,1,1
26139,37334,35367,0,3
26140,37335,35368,0,4
26141,37337,35370,1,5
26142,37338,35371,1,5
26143,37339,35372,1,3
26144,37340,35373,0,5
26145,37341,35374,1,1
26146,37342,35375,0,1
26147,37343,35376,0,1
26148,37344,35377,0,2
26149,37345,35378,1,1
26150,37347,35380,0,5
26151,37348,35381,0,2
26152,37349,35382,0,1
26153,37351,35384,0,3
26154,37352,35385,1,2
26155,37353,35386,1,5
26156,37354,35387,0,4
26157,37355,35388,1,3
26158,37356,35389,1,3
26159,37359,35392,0,4
26160,37361,35394,0,1
26161,37362,35395,1,2
26162,37363,35396,1,1
26163,37365,35398,0,3
26164,37366,35399,0,4
26165,37367,35400,1,2
26166,37370,35403,1,1
26167,37371,35404,0,4
26168,37372,35405,0,1
26169,37375,35408,0,2
26170,37376,35409,0,5
26171,37377,35410,0,3
26172,37378,35411,0,5
26173,37379,35412,0,3
26174,37381,35414,0,1
26175,37382,35415,0,1
26176,37383,35416,0,2
26177,37384,35417,0,1
26178,37385,35415,1,1
26179,37386,35418,1,5
26180,37387,35419,0,3
26181,37388,35420,1,2
26182,37389,35421,0,3
26183,37390,35422,0,4
26184,37391,35423,0,3
26185,37394,35426,1,1
26186,37397,35428,1,3
26187,37398,35429,0,2
26188,37400,35431,0,1
26189,37402,35433,0,4
26190,37403,35434,1,5
26191,37404,35435,0,5
26192,37405,35436,0,4
26193,37408,35439,0,3
26194,37409,35440,1,3
26195,37410,35441,1,1
26196,37411,35442,1,1
26197,37412,35443,0,3
26198,37415,35446,0,3
26199,37416,35447,1,5
26200,37417,35448,0,1
26201,37418,35449,1,4
26202,37419,35450,1,3
26203,37420,35451,0,4
26204,37422,35453,0,2
26205,37424,35455,0,5
26206,37425,35456,1,3
26207,37426,35457,0,3
26208,37427,35458,0,5
26209,37428,35459,0,4
26210,37429,35460,0,5
26211,37430,35460,1,5
26212,37431,35460,0,5
26213,37433,35462,1,4
26214,37435,35464,0,4
26215,37436,35465,0,1
26216,37437,35466,0,2
26217,37441,35470,0,5
26218,37442,35471,0,4
26219,37443,35472,0,3
26220,37445,35474,0,2
26221,37446,35475,0,2
26222,37447,35476,0,1
26223,37449,35478,0,4
26224,37450,35479,0,5
26225,37455,35484,0,2
26226,37456,35485,0,4
26227,37457,35486,1,1
26228,37458,35487,0,5
26229,37459,35488,0,3
26230,37462,35491,1,1
26231,37463,35492,1,4
26232,37464,35493,0,4
26233,37466,35495,0,3
26234,37467,35496,1,1
26235,37471,35500,0,1
26236,37472,35501,0,5
26237,37473,35502,1,4
26238,37476,35505,0,5
26239,37477,35506,0,5
26240,37479,35508,0,5
26241,37480,35509,1,4
26242,37482,35511,0,5
26243,37483,35512,0,2
26244,37484,35513,0,4
26245,37485,35514,0,5
26246,37486,35515,0,4
26247,37488,35517,0,5
26248,37490,35519,0,3
26249,37491,35520,0,5
26250,37492,35521,1,3
26251,37493,35522,0,1
26252,37494,35523,0,1
26253,37496,35525,0,2
26254,37497,35526,0,1
26255,37500,35529,0,2
26256,37501,35530,0,5
26257,37502,35531,0,2
26258,37503,35532,0,4
26259,37504,35533,0,5
26260,37506,35535,0,3
26261,37507,35536,1,5
26262,37508,35537,0,1
26263,37509,35538,1,5
26264,37514,35543,0,2
26265,37515,35543,0,2
26266,37517,35545,0,5
26267,37518,35546,0,4
26268,37519,35547,0,2
26269,37520,35548,0,3
26270,37521,35548,0,3
26271,37522,35549,1,3
26272,37523,35550,0,3
26273,37525,35552,0,5
26274,37526,35553,0,1
26275,37527,35554,0,4
26276,37529,35556,1,5
26277,37530,35557,0,2
26278,37531,35558,0,3
26279,37532,35559,0,4
26280,37533,35560,0,2
26281,37535,35562,0,1
26282,37536,35563,1,5
26283,37537,35564,0,3
26284,37538,35565,1,2
26285,37539,35566,0,5
26286,37541,35568,0,1
26287,37542,35569,0,3
26288,37544,35571,1,3
26289,37545,35572,0,3
26290,37546,35573,0,3
26291,37547,35574,0,3
26292,37548,35575,0,5
26293,37549,35576,0,2
26294,37550,35577,1,3
26295,37551,35578,1,4
26296,37553,35580,0,5
26297,37554,35581,0,2
26298,37555,35582,1,3
26299,37556,35583,0,3
26300,37557,35583,0,3
26301,37558,35584,0,5
26302,37559,35585,1,4
26303,37560,35586,0,1
26304,37561,35587,0,4
26305,37562,35588,0,3
26306,37565,35591,1,4
26307,37566,35592,1,1
26308,37567,35593,0,3
26309,37569,35595,0,3
26310,37571,35597,1,3
26311,37572,35598,1,2
26312,37573,35599,1,2
26313,37575,35601,1,4
26314,37576,35602,0,3
26315,37577,35603,1,5
26316,37578,35604,1,3
26317,37580,35606,1,5
26318,37581,35607,0,2
26319,37582,35608,1,4
26320,37583,35609,0,2
26321,37584,35610,0,4
26322,37586,35612,0,5
26323,37587,35613,0,1
26324,37588,35614,1,4
26325,37590,35616,0,1
26326,37591,35617,0,5
26327,37594,35620,1,4
26328,37596,35622,0,4
26329,37597,35623,1,3
26330,37598,35624,0,1
26331,37599,35625,0,1
26332,37600,35626,0,1
26333,37601,35627,0,4
26334,37602,35628,1,2
26335,37603,35629,1,3
26336,37604,35630,1,2
26337,37606,35632,0,1
26338,37607,35633,0,3
26339,37608,35633,0,3
26340,37609,35634,1,2
26341,37610,35635,1,3
26342,37612,35637,0,1
26343,37613,35638,1,3
26344,37614,35638,0,3
26345,37616,35640,0,4
26346,37619,35643,0,2
26347,37622,35646,1,4
26348,37623,35647,0,5
26349,37624,35648,1,3
26350,37626,35650,0,2
26351,37627,35651,1,1
26352,37628,35652,0,4
26353,37629,35653,0,2
26354,37630,35654,0,5
26355,37632,35656,0,3
26356,37633,35657,1,2
26357,37634,35658,0,1
26358,37635,35659,1,3
26359,37636,35660,0,5
26360,37637,35661,1,3
26361,37640,35664,1,3
26362,37641,35665,0,4
26363,37643,35667,1,2
26364,37644,35668,0,5
26365,37645,35669,1,2
26366,37646,35670,0,4
26367,37647,35671,0,5
26368,37648,35672,0,2
26369,37649,35673,1,5
26370,37651,35675,0,3
26371,37652,35676,0,2
26372,37653,35677,0,3
26373,37654,35678,0,4
26374,37655,35679,0,4
26375,37657,35681,0,2
26376,37658,35682,1,4
26377,37659,35683,0,1
26378,37664,35688,1,2
26379,37665,35689,1,4
26380,37666,35690,1,1
26381,37667,35691,1,2
26382,37668,35692,0,1
26383,37669,35693,0,2
26384,37670,35694,0,2
26385,37672,35696,0,4
26386,37673,35697,0,4
26387,37674,35698,0,5
26388,37675,35699,1,5
26389,37677,35701,0,1
26390,37678,35702,0,4
26391,37679,35703,0,3
26392,37680,35704,0,3
26393,37681,35705,1,5
26394,37682,35706,1,2
26395,37683,35707,1,4
26396,37684,35708,0,2
26397,37687,35711,1,3
26398,37688,35712,1,1
26399,37689,35713,0,2
26400,37691,35715,0,2
26401,37692,35716,0,1
26402,37694,35718,0,5
26403,37695,35719,1,2
26404,37696,35720,0,3
26405,37697,35721,0,4
26406,37698,35722,0,4
26407,37699,35723,0,5
26408,37700,35724,0,5
26409,37702,35726,1,4
26410,37703,35727,0,5
26411,37706,35730,1,2
26412,37707,35731,1,2
26413,37708,35732,1,2
26414,37709,35733,0,4
26415,37710,35734,1,1
26416,37714,35738,0,5
26417,37716,35740,1,1
26418,37717,35741,0,4
26419,37718,35742,0,3
26420,37719,35743,0,3
26421,37722,35746,0,1
26422,37723,35747,1,2
26423,37724,35748,0,4
26424,37725,35749,0,2
26425,37726,35750,1,2
26426,37727,35751,1,1
26427,37728,35747,0,2
26428,37729,35752,1,2
26429,37730,35753,1,2
26430,37731,35754,0,2
26431,37732,35755,0,4
26432,37733,35756,0,4
26433,37734,35757,0,1
26434,37735,35758,0,4
26435,37736,35759,0,3
26436,37737,35760,1,5
26437,37739,35762,0,4
26438,37740,35763,0,4
26439,37741,35764,0,5
26440,37742,35765,0,4
26441,37743,35766,1,2
26442,37746,35769,0,1
26443,37747,35770,0,1
26444,37748,35771,0,5
26445,37751,35774,1,2
26446,37752,35775,1,5
26447,37754,35777,0,3
26448,37755,35778,1,3
26449,37756,35779,1,4
26450,37758,35781,1,5
26451,37759,35782,0,5
26452,37760,35783,1,2
26453,37761,35784,0,2
26454,37762,35785,1,1
26455,37764,35787,1,1
26456,37765,35788,0,2
26457,37766,35789,0,4
26458,37767,35790,0,3
26459,37770,35793,1,1
26460,37771,35794,1,5
26461,37772,35795,0,5
26462,37774,35797,0,2
26463,37775,35798,0,5
26464,37776,35799,0,4
26465,37777,35800,0,3
26466,37778,35801,0,1
26467,37779,35802,0,3
26468,37780,35803,0,5
26469,37782,35805,0,1
26470,37787,35810,0,2
26471,37788,35811,1,1
26472,37789,35812,1,1
26473,37791,35814,0,5
26474,37792,35815,0,3
26475,37793,35816,0,2
26476,37794,35817,0,3
26477,37795,35818,0,1
26478,37797,35820,0,2
26479,37798,35821,1,3
26480,37801,35824,1,5
26481,37803,35826,1,4
26482,37804,35827,0,1
26483,37805,35828,1,3
26484,37806,35829,0,2
26485,37807,35830,1,4
26486,37809,35832,0,4
26487,37811,35834,1,4
26488,37812,35835,0,5
26489,37813,35836,1,5
26490,37814,35837,0,2
26491,37815,35838,0,4
26492,37816,35839,1,2
26493,37818,35841,1,3
26494,37819,35842,0,5
26495,37820,35843,0,4
26496,37821,35844,0,3
26497,37822,35845,0,4
26498,37824,35847,0,1
26499,37826,35849,0,4
26500,37827,35850,1,5
26501,37828,35851,0,1
26502,37830,35853,1,5
26503,37831,35854,1,3
26504,37832,35855,0,1
26505,37833,35856,1,1
26506,37835,35858,0,5
26507,37836,35859,0,2
26508,37837,35860,0,1
26509,37839,35862,0,4
26510,37840,35863,0,3
26511,37842,35865,0,1
26512,37843,35866,0,3
26513,37845,35868,0,2
26514,37847,35870,0,3
26515,37850,35873,1,3
26516,37851,35874,0,2
26517,37853,35876,1,3
26518,37857,35880,0,2
26519,37858,35881,0,1
26520,37859,35882,0,2
26521,37860,35883,1,2
26522,37861,35884,1,4
26523,37862,35885,0,2
26524,37863,35886,1,1
26525,37864,35887,0,1
26526,37865,35888,0,2
26527,37868,35891,0,5
26528,37869,35892,0,1
26529,37870,35893,1,4
26530,37871,35894,1,3
26531,37874,35897,0,4
26532,37875,35898,1,1
26533,37876,35899,0,2
26534,37878,35901,1,3
26535,37879,35902,0,5
26536,37880,35903,1,3
26537,37883,35906,0,3
26538,37884,35907,0,2
26539,37885,35908,0,2
26540,37886,35909,0,2
26541,37887,35910,0,3
26542,37888,35911,0,2
26543,37889,35912,0,3
26544,37890,35913,1,3
26545,37891,35914,0,2
26546,37892,35915,0,4
26547,37893,35916,0,2
26548,37894,35917,0,1
26549,37895,35918,0,2
26550,37898,35921,0,5
26551,37899,35922,0,5
26552,37900,35922,0,5
26553,37901,35923,0,1
26554,37902,35924,0,1
26555,37905,35927,1,3
26556,37906,35928,1,5
26557,37907,35929,0,2
26558,37908,35930,0,2
26559,37910,35932,1,4
26560,37912,35934,0,1
26561,37914,35936,1,3
26562,37915,35937,0,3
26563,37917,35939,0,4
26564,37919,35941,1,4
26565,37920,35942,0,1
26566,37922,35944,1,5
26567,37926,35948,1,5
26568,37927,35949,0,5
26569,37931,35953,0,2
26570,37935,35957,0,1
26571,37937,35959,0,5
26572,37940,35962,0,1
26573,37941,35963,1,4
26574,37943,35965,0,3
26575,37945,35967,0,3
26576,37947,35969,0,4
26577,37948,35970,0,1
26578,37949,35971,0,1
26579,37951,35973,0,3
26580,37952,35973,1,3
26581,37953,35974,1,3
26582,37954,35975,1,3
26583,37960,35981,1,2
26584,37962,35983,0,1
26585,37963,35984,0,5
26586,37964,35985,0,2
26587,37965,35986,0,2
26588,37967,35988,0,1
26589,37969,35990,1,5
26590,37970,35991,1,1
26591,37971,35992,1,2
26592,37972,35993,1,3
26593,37973,35994,0,2
26594,37974,35995,0,4
26595,37975,35996,0,5
26596,37977,35998,0,4
26597,37978,35999,0,5
26598,37979,36000,0,3
26599,37980,36001,0,2
26600,37981,35994,0,2
26601,37982,36002,1,1
26602,37985,36004,0,1
26603,37986,36005,0,2
26604,37987,36006,1,2
26605,37989,36008,1,1
26606,37990,36009,0,1
26607,37991,36010,0,4
26608,37993,36012,0,5
26609,37994,36013,1,3
26610,37995,36014,1,4
26611,37997,36016,1,3
26612,37998,36017,1,2
26613,37999,36018,0,2
26614,38001,36020,1,2
26615,38004,36023,1,2
26616,38009,36028,0,1
26617,38010,36013,0,3
26618,38013,36031,0,4
26619,38014,36032,1,5
26620,38015,36033,0,4
26621,38016,36034,1,1
26622,38017,36035,0,5
26623,38018,36036,1,5
26624,38020,36038,1,4
26625,38021,36039,1,4
26626,38022,36040,0,4
26627,38023,36041,0,5
26628,38024,36042,1,3
26629,38025,36043,1,2
26630,38026,36044,1,4
26631,38029,36047,0,1
26632,38030,36048,0,2
26633,38031,36049,0,4
26634,38032,36050,0,4
26635,38033,36051,1,4
26636,38034,36052,1,2
26637,38035,36053,0,2
26638,38036,36054,1,1
26639,38038,36056,0,2
26640,38039,36057,0,2
26641,38040,36058,1,2
26642,38041,36059,0,2
26643,38042,36060,1,2
26644,38043,36061,0,4
26645,38047,36065,1,1
26646,38048,36066,0,3
26647,38049,36067,0,5
26648,38050,36068,0,1
26649,38052,36070,0,3
26650,38053,36071,1,5
26651,38055,36072,1,1
26652,38056,36073,0,1
26653,38059,36076,0,3
26654,38060,36077,1,4
26655,38061,36078,1,2
26656,38062,36079,0,4
26657,38063,36080,1,4
26658,38064,36081,0,3
26659,38065,36082,0,5
26660,38066,36083,0,2
26661,38067,36084,0,2
26662,38069,36086,1,3
26663,38070,36087,1,3
26664,38071,36088,1,1
26665,38072,36089,1,1
26666,38073,36090,0,3
26667,38074,36091,1,5
26668,38075,36092,1,4
26669,38077,36094,1,4
26670,38078,36095,1,3
26671,38079,36096,0,5
26672,38080,36097,1,3
26673,38081,36098,1,4
26674,38084,36101,1,4
26675,38085,36102,0,1
26676,38086,36103,0,4
26677,38089,36106,1,3
26678,38090,36107,0,4
26679,38091,36108,1,3
26680,38092,36109,0,3
26681,38094,36111,0,3
26682,38095,36112,1,5
26683,38096,36112,1,5
26684,38098,36114,0,4
26685,38099,36115,0,2
26686,38102,36118,0,4
26687,38104,36120,1,4
26688,38105,36121,1,1
26689,38106,36122,1,2
26690,38107,36123,1,4
26691,38109,36125,1,2
26692,38110,36126,1,5
26693,38111,36127,1,5
26694,38113,36129,1,4
26695,38114,36130,1,1
26696,38115,36131,1,4
26697,38117,36133,1,5
26698,38119,36135,0,4
26699,38120,36136,0,3
26700,38121,36137,0,3
26701,38122,36138,0,2
26702,38124,36140,0,2
26703,38125,36141,0,1
26704,38126,36142,0,4
26705,38127,36143,1,5
26706,38128,36144,0,4
26707,38129,36145,0,1
26708,38130,36146,0,4
26709,38131,36147,0,3
26710,38132,36148,0,1
26711,38135,36151,0,3
26712,38136,36152,1,5
26713,38137,36153,0,4
26714,38138,36154,1,3
26715,38140,36156,0,4
26716,38141,36157,1,3
26717,38142,36158,0,1
26718,38145,36161,0,1
26719,38146,36162,1,5
26720,38147,36163,0,4
26721,38148,36164,1,1
26722,38150,36166,0,1
26723,38151,36167,1,5
26724,38153,36169,0,2
26725,38154,36170,1,1
26726,38155,36171,1,2
26727,38157,36173,0,5
26728,38158,36174,1,4
26729,38159,36175,0,4
26730,38160,36176,0,4
26731,38161,36177,0,3
26732,38162,36178,0,1
26733,38165,36180,0,5
26734,38168,36183,0,4
26735,38170,36185,0,3
26736,38174,36189,0,4
26737,38175,36190,1,5
26738,38176,36191,0,4
26739,38177,36192,0,2
26740,38178,36193,1,4
26741,38179,36194,1,3
26742,38181,36196,0,2
26743,38182,36197,0,1
26744,38183,36198,0,1
26745,38184,36199,1,5
26746,38185,36200,0,2
26747,38187,36202,0,2
26748,38188,36203,0,2
26749,38190,36205,1,4
26750,38191,36206,0,5
26751,38192,36199,0,5
26752,38193,36207,0,2
26753,38195,36207,0,2
26754,38196,36209,0,1
26755,38197,36210,0,2
26756,38198,36211,0,5
26757,38202,36215,0,5
26758,38203,36216,0,5
26759,38206,36219,0,4
26760,38207,36220,0,3
26761,38208,36221,1,5
26762,38209,36222,0,3
26763,38210,36223,0,4
26764,38211,36224,1,4
26765,38212,36225,1,1
26766,38213,36226,1,2
26767,38214,36227,0,5
26768,38215,36228,0,5
26769,38217,36230,0,1
26770,38218,36231,0,3
26771,38219,36232,0,2
26772,38220,36233,0,4
26773,38221,36234,1,1
26774,38222,36234,0,1
26775,38223,36235,0,1
26776,38224,36236,0,1
26777,38225,36237,0,2
26778,38226,36238,0,2
26779,38228,36240,0,1
26780,38229,36241,0,4
26781,38231,36243,1,4
26782,38232,36244,1,1
26783,38233,36237,0,2
26784,38234,36245,1,1
26785,38237,36248,1,3
26786,38238,36249,0,3
26787,38239,36250,1,1
26788,38240,36248,1,3
26789,38241,36251,0,1
26790,38243,36253,0,5
26791,38244,36254,1,3
26792,38245,36255,0,3
26793,38246,36256,1,5
26794,38247,36257,0,4
26795,38248,36258,0,1
26796,38250,36260,0,1
26797,38251,36261,0,3
26798,38252,36262,0,5
26799,38254,36264,0,5
26800,38256,36266,0,1
26801,38257,36267,1,3
26802,38258,36268,1,5
26803,38260,36270,1,1
26804,38261,36271,0,3
26805,38264,36274,0,1
26806,38265,36275,0,4
26807,38266,36275,0,4
26808,38270,36278,1,5
26809,38271,36279,0,3
26810,38272,36280,0,3
26811,38274,36282,1,3
26812,38278,36286,0,2
26813,38279,36287,0,3
26814,38280,36288,0,4
26815,38282,36289,1,4
26816,38283,36290,1,3
26817,38286,36293,0,5
26818,38287,36294,0,1
26819,38288,36295,1,1
26820,38289,36296,1,1
26821,38290,36297,0,4
26822,38291,36298,0,5
26823,38293,36300,0,3
26824,38295,36302,0,4
26825,38296,36303,1,2
26826,38297,36304,0,3
26827,38298,36305,0,2
26828,38300,36307,1,3
26829,38301,36308,0,1
26830,38304,36311,0,4
26831,38305,36312,0,4
26832,38307,36314,0,2
26833,38310,36317,0,4
26834,38311,36318,0,5
26835,38313,36320,0,4
26836,38316,36323,1,2
26837,38317,36324,0,1
26838,38318,36325,1,3
26839,38319,36326,1,3
26840,38320,36327,0,3
26841,38321,36328,1,2
26842,38322,36329,0,5
26843,38323,36330,1,1
26844,38324,36331,1,5
26845,38326,36333,0,1
26846,38327,36334,1,2
26847,38329,36336,0,2
26848,38331,36338,1,2
26849,38332,36339,0,3
26850,38335,36342,0,5
26851,38336,36343,0,3
26852,38337,36344,1,2
26853,38339,36346,0,2
26854,38340,36347,1,3
26855,38341,36348,0,3
26856,38342,36349,0,3
26857,38343,36350,0,2
26858,38345,36352,1,5
26859,38348,36355,1,3
26860,38350,36357,1,5
26861,38351,36358,1,5
26862,38352,36359,0,5
26863,38353,36360,0,2
26864,38355,36362,1,1
26865,38356,36363,1,1
26866,38357,36364,0,2
26867,38358,36365,1,1
26868,38359,36366,0,4
26869,38361,36368,0,4
26870,38362,36369,1,5
26871,38363,36370,0,5
26872,38364,36371,0,2
26873,38365,36372,0,2
26874,38368,36369,0,5
26875,38369,36375,0,4
26876,38372,36378,0,2
26877,38374,36380,0,5
26878,38375,36381,0,1
26879,38376,36382,1,2
26880,38378,36384,0,2
26881,38381,36387,0,3
26882,38382,36388,0,1
26883,38383,36389,0,3
26884,38384,36390,0,4
26885,38385,36391,0,5
26886,38390,36396,0,5
26887,38391,36396,0,5
26888,38393,36398,1,1
26889,38395,36400,1,5
26890,38396,36401,1,5
26891,38398,36402,1,1
26892,38401,36405,0,5
26893,38402,36406,1,3
26894,38404,36408,1,2
26895,38405,36409,1,4
26896,38407,36411,1,4
26897,38408,36412,0,1
26898,38410,36414,0,2
26899,38412,36416,0,1
26900,38413,36417,0,2
26901,38415,36419,1,1
26902,38416,36420,1,2
26903,38418,36422,0,1
26904,38421,36425,1,3
26905,38422,36426,1,2
26906,38424,36428,0,3
26907,38425,36429,0,3
26908,38426,36430,1,4
26909,38427,36431,1,5
26910,38428,36432,1,5
26911,38429,36433,1,4
26912,38430,36434,1,1
26913,38432,36436,1,3
26914,38433,36437,0,4
26915,38434,36438,0,3
26916,38436,36440,1,2
26917,38438,36442,1,4
26918,38439,36443,1,2
26919,38440,36444,1,1
26920,38443,36447,0,4
26921,38444,36448,1,1
26922,38445,36449,1,4
26923,38446,36450,1,2
26924,38447,36451,1,2
26925,38448,36452,1,3
26926,38449,36453,0,5
26927,38450,36454,1,4
26928,38452,36456,1,1
26929,38453,36450,1,2
26930,38454,36457,0,5
26931,38455,36458,1,1
26932,38457,36460,1,4
26933,38458,36461,0,5
26934,38459,36462,0,3
26935,38460,36463,0,1
26936,38461,36464,1,5
26937,38464,36467,0,5
26938,38466,36469,0,1
26939,38467,36470,0,4
26940,38468,36471,0,1
26941,38470,36473,0,1
26942,38472,36475,0,4
26943,38474,36477,0,2
26944,38475,36478,0,2
26945,38476,36478,1,2
26946,38477,36479,0,5
26947,38478,36480,1,3
26948,38479,36481,0,2
26949,38480,36482,1,3
26950,38483,36485,1,2
26951,38484,36486,0,4
26952,38485,36487,0,1
26953,38486,36488,1,2
26954,38487,36489,0,4
26955,38488,36490,1,5
26956,38489,36491,1,3
26957,38491,36493,1,3
26958,38492,36494,0,3
26959,38493,36495,1,1
26960,38494,36496,1,2
26961,38495,36497,1,3
26962,38496,36498,1,5
26963,38497,36499,0,3
26964,38500,36501,0,4
26965,38501,36502,0,1
26966,38502,36503,0,5
26967,38503,36504,1,3
26968,38504,36487,0,1
26969,38505,36505,0,2
26970,38507,36507,0,3
26971,38509,36509,1,1
26972,38510,36510,0,4
26973,38511,36511,0,4
26974,38512,36512,0,3
26975,38513,36513,0,3
26976,38514,36490,1,5
26977,38516,36515,1,2
26978,38517,36516,0,4
26979,38518,36517,0,3
26980,38519,36518,0,4
26981,38520,36519,0,3
26982,38521,36520,1,5
26983,38523,36522,0,5
26984,38525,36524,0,2
26985,38526,36525,0,1
26986,38527,36526,0,4
26987,38528,36527,0,2
26988,38529,36528,1,5
26989,38530,36529,0,4
26990,38531,36530,1,1
26991,38532,36531,0,2
26992,38534,36533,0,5
26993,38535,36534,0,4
26994,38538,36537,1,4
26995,38539,36538,1,5
26996,38544,36543,0,1
26997,38545,36544,0,5
26998,38546,36545,1,5
26999,38548,36547,1,4
27000,38549,36548,0,5
27001,38550,36549,1,2
27002,38551,36550,1,5
27003,38552,36551,1,4
27004,38553,36552,0,5
27005,38555,36554,0,3
27006,38556,36555,1,5
27007,38558,36557,1,5
27008,38559,36558,0,4
27009,38560,36559,0,2
27010,38562,36561,1,4
27011,38563,36562,0,1
27012,38565,36564,1,3
27013,38566,36565,1,4
27014,38567,36566,0,2
27015,38568,36567,0,3
27016,38569,36568,1,3
27017,38570,36569,1,3
27018,38571,36570,1,5
27019,38572,36571,1,5
27020,38573,36572,1,4
27021,38574,36573,0,2
27022,38575,36574,1,5
27023,38579,36577,0,5
27024,38580,36578,0,2
27025,38582,36580,1,4
27026,38583,36581,0,1
27027,38584,36582,1,5
27028,38585,36583,0,1
27029,38586,36584,0,2
27030,38589,36587,1,5
27031,38590,36588,1,5
27032,38591,36589,1,5
27033,38593,36591,0,2
27034,38594,36592,1,5
27035,38595,36593,1,3
27036,38596,36594,1,1
27037,38597,36595,1,1
27038,38598,36596,0,1
27039,38599,36597,1,2
27040,38600,36598,0,3
27041,38601,36599,0,4
27042,38604,36602,0,2
27043,38605,36603,0,5
27044,38606,36604,0,3
27045,38607,36605,0,2
27046,38608,36606,0,1
27047,38611,36609,0,1
27048,38612,36610,1,5
27049,38613,36611,0,1
27050,38614,36612,0,3
27051,38616,36614,0,2
27052,38617,36615,0,1
27053,38618,36616,0,2
27054,38619,36617,0,3
27055,38620,36618,0,4
27056,38621,36619,1,4
27057,38622,36620,0,4
27058,38625,36623,0,1
27059,38626,36624,0,2
27060,38627,36625,0,5
27061,38628,36626,1,4
27062,38629,36627,0,5
27063,38630,36628,0,4
27064,38631,36629,0,3
27065,38635,36633,1,3
27066,38636,36634,0,2
27067,38637,36635,0,3
27068,38641,36639,1,2
27069,38643,36641,1,1
27070,38645,36643,0,5
27071,38648,36646,0,5
27072,38649,36647,1,2
27073,38650,36648,1,1
27074,38651,36649,1,2
27075,38652,36650,1,3
27076,38653,36651,1,1
27077,38654,36652,0,4
27078,38655,36653,1,4
27079,38657,36655,0,1
27080,38658,36656,0,1
27081,38661,36659,0,4
27082,38662,36660,0,1
27083,38664,36662,0,3
27084,38665,36663,0,2
27085,38667,36665,0,5
27086,38668,36666,0,4
27087,38670,36668,0,5
27088,38671,36669,0,3
27089,38672,36670,0,1
27090,38674,36672,0,5
27091,38678,36676,0,4
27092,38680,36678,1,5
27093,38681,36679,0,5
27094,38682,36680,1,4
27095,38683,36681,0,4
27096,38684,36682,0,5
27097,38685,36683,1,2
27098,38686,36684,1,1
27099,38687,36685,1,4
27100,38692,36690,1,3
27101,38693,36691,1,4
27102,38696,36694,1,3
27103,38697,36695,1,4
27104,38699,36697,0,1
27105,38700,36695,1,4
27106,38701,36698,0,1
27107,38703,36700,1,4
27108,38704,36701,0,4
27109,38705,36702,1,1
27110,38706,36703,1,3
27111,38707,36704,1,5
27112,38708,36705,1,2
27113,38709,36706,1,5
27114,38710,36707,1,1
27115,38713,36710,0,4
27116,38714,36711,0,5
27117,38717,36714,1,2
27118,38718,36715,1,2
27119,38719,36716,0,4
27120,38720,36717,1,1
27121,38721,36718,1,2
27122,38723,36720,1,4
27123,38725,36722,0,1
27124,38727,36724,0,3
27125,38728,36725,1,2
27126,38729,36726,1,4
27127,38731,36728,0,4
27128,38732,36729,0,5
27129,38734,36731,0,1
27130,38735,36732,0,5
27131,38736,36733,1,4
27132,38737,36734,0,1
27133,38738,36735,0,2
27134,38739,36734,0,1
27135,38741,36737,1,2
27136,38742,36738,0,4
27137,38743,36739,1,2
27138,38744,36740,1,2
27139,38746,36742,0,1
27140,38747,36743,1,4
27141,38748,36744,1,3
27142,38749,36745,0,4
27143,38750,36746,1,5
27144,38752,36748,0,2
27145,38755,36751,1,4
27146,38757,36753,0,4
27147,38758,36754,1,2
27148,38759,36755,1,3
27149,38760,36756,1,2
27150,38761,36757,1,2
27151,38763,36759,0,2
27152,38764,36760,1,2
27153,38766,36762,0,1
27154,38767,36763,1,2
27155,38768,36764,1,4
27156,38769,36765,0,5
27157,38772,36768,0,2
27158,38773,36769,1,3
27159,38774,36770,1,4
27160,38776,36772,1,5
27161,38777,36773,1,5
27162,38778,36774,1,1
27163,38779,36775,1,3
27164,38780,36776,1,5
27165,38781,36777,1,1
27166,38782,36778,1,5
27167,38783,36779,0,1
27168,38784,36780,0,4
27169,38785,36781,1,4
27170,38788,36784,0,3
27171,38789,36785,0,3
27172,38791,36787,1,4
27173,38792,36788,0,5
27174,38794,36790,1,3
27175,38795,36791,0,3
27176,38796,36792,1,1
27177,38797,36793,1,2
27178,38798,36794,0,4
27179,38800,36796,1,3
27180,38802,36798,1,3
27181,38803,36799,0,1
27182,38805,36801,1,1
27183,38807,36803,1,3
27184,38808,36804,1,1
27185,38809,36805,1,3
27186,38810,36806,1,5
27187,38812,36808,0,2
27188,38813,36809,1,5
27189,38814,36810,0,1
27190,38817,36813,1,2
27191,38818,36814,0,4
27192,38819,36815,1,5
27193,38822,36817,0,4
27194,38823,36818,1,5
27195,38824,36819,1,3
27196,38825,36820,1,2
27197,38826,36821,0,2
27198,38827,36822,1,4
27199,38828,36823,1,4
27200,38829,36824,0,5
27201,38830,36825,1,2
27202,38832,36827,1,5
27203,38833,36828,0,4
27204,38837,36832,0,5
27205,38838,36833,1,5
27206,38842,36837,0,4
27207,38843,36838,1,1
27208,38844,36839,1,5
27209,38845,36840,1,4
27210,38846,36841,0,3
27211,38847,36842,0,3
27212,38848,36843,0,3
27213,38849,36844,0,1
27214,38850,36844,0,1
27215,38851,36845,0,4
27216,38852,36846,0,4
27217,38853,36847,0,1
27218,38854,36848,0,5
27219,38855,36849,1,2
27220,38856,36850,1,2
27221,38858,36852,0,5
27222,38859,36853,0,5
27223,38862,36856,1,3
27224,38863,36857,0,2
27225,38864,36858,0,3
27226,38865,36859,0,1
27227,38866,36860,1,1
27228,38869,36863,0,1
27229,38870,36864,1,4
27230,38871,36865,1,5
27231,38872,36866,0,5
27232,38875,36869,0,1
27233,38876,36870,1,4
27234,38878,36872,1,2
27235,38881,36875,1,1
27236,38882,36876,1,3
27237,38883,36877,0,4
27238,38884,36878,1,2
27239,38885,36879,1,3
27240,38886,36880,1,4
27241,38888,36882,0,4
27242,38890,36884,0,2
27243,38891,36885,0,5
27244,38892,36886,1,3
27245,38893,36887,1,5
27246,38895,36889,1,4
27247,38896,36890,1,5
27248,38897,36891,1,1
27249,38898,36892,1,2
27250,38899,36893,1,5
27251,38900,36894,0,3
27252,38902,36896,0,5
27253,38905,36899,0,5
27254,38908,36902,0,2
27255,38911,36905,1,1
27256,38912,36906,1,5
27257,38914,36908,1,5
27258,38916,36910,0,4
27259,38917,36911,0,5
27260,38920,36913,0,4
27261,38921,36914,0,5
27262,38922,36915,0,3
27263,38923,36916,1,3
27264,38924,36917,0,3
27265,38925,36918,0,4
27266,38926,36919,0,3
27267,38930,36923,1,5
27268,38931,36924,1,3
27269,38932,36925,0,1
27270,38933,36926,0,1
27271,38934,36927,1,1
27272,38935,36928,1,4
27273,38937,36930,1,3
27274,38938,36931,1,5
27275,38939,36932,1,2
27276,38941,36934,0,1
27277,38943,36936,0,5
27278,38944,36937,0,4
27279,38945,36938,0,1
27280,38946,36939,1,3
27281,38947,36940,0,3
27282,38948,36941,0,5
27283,38949,36942,1,1
27284,38951,36944,0,4
27285,38952,36945,0,3
27286,38953,36946,0,5
27287,38955,36948,0,2
27288,38956,36949,0,4
27289,38957,36950,0,1
27290,38959,36952,1,2
27291,38960,36953,0,1
27292,38961,36954,1,4
27293,38963,36956,0,1
27294,38965,36958,1,4
27295,38966,36959,1,1
27296,38969,36962,0,1
27297,38970,36963,1,5
27298,38971,36964,0,3
27299,38973,36966,0,4
27300,38976,36969,1,5
27301,38977,36970,0,4
27302,38979,36972,0,3
27303,38981,36974,1,4
27304,38983,36976,0,1
27305,38984,36977,0,3
27306,38986,36979,0,4
27307,38987,36980,1,2
27308,38989,36982,1,1
27309,38990,36983,1,4
27310,38991,36984,0,4
27311,38994,36987,0,3
27312,38995,36988,0,3
27313,38996,36989,1,2
27314,38997,36990,0,3
27315,38998,36991,0,5
27316,39000,36993,1,2
27317,39002,36995,0,5
27318,39003,36996,1,1
27319,39004,36997,1,2
27320,39006,36999,0,2
27321,39007,37000,0,5
27322,39008,37001,1,1
27323,39010,37003,1,1
27324,39011,37004,1,4
27325,39012,37005,1,3
27326,39017,37010,0,2
27327,39018,37011,1,4
27328,39019,37012,1,3
27329,39022,37015,0,2
27330,39023,37016,1,4
27331,39027,37020,0,1
27332,39028,37021,1,3
27333,39031,37024,1,5
27334,39032,37025,1,3
27335,39033,37026,0,2
27336,39037,37030,0,3
27337,39038,37031,0,2
27338,39039,37032,0,5
27339,39040,37033,1,1
27340,39041,37034,1,1
27341,39043,37036,0,2
27342,39044,37037,1,1
27343,39045,37038,1,2
27344,39046,37039,1,2
27345,39047,37040,0,2
27346,39048,37041,1,1
27347,39049,37042,0,2
27348,39050,37043,0,5
27349,39052,37045,1,2
27350,39053,37046,0,3
27351,39055,37048,0,4
27352,39056,37049,0,5
27353,39059,37052,0,2
27354,39060,37053,1,1
27355,39061,37054,1,1
27356,39064,37057,0,5
27357,39065,37058,1,5
27358,39066,37059,1,4
27359,39072,37065,0,3
27360,39074,37067,1,3
27361,39075,37068,0,4
27362,39076,37069,1,2
27363,39078,37071,1,5
27364,39079,37072,1,4
27365,39081,37074,0,2
27366,39083,37075,1,4
27367,39086,37077,1,3
27368,39087,37078,0,4
27369,39089,37080,1,1
27370,39090,37081,0,3
27371,39092,37083,1,4
27372,39093,37084,0,2
27373,39095,37086,1,2
27374,39097,37088,0,5
27375,39098,37089,1,4
27376,39101,37092,0,5
27377,39102,37093,0,3
27378,39103,37094,1,4
27379,39105,37096,1,5
27380,39106,37097,1,5
27381,39108,37099,0,2
27382,39109,37100,0,3
27383,39110,37101,1,4
27384,39112,37103,1,4
27385,39113,37104,0,1
27386,39114,37105,0,3
27387,39116,37107,1,4
27388,39117,37108,1,2
27389,39118,37109,1,3
27390,39119,37110,1,2
27391,39120,37111,1,2
27392,39121,37110,0,2
27393,39122,37112,0,5
27394,39123,37113,0,3
27395,39124,37114,1,2
27396,39126,37116,0,2
27397,39127,37117,0,4
27398,39128,37118,0,1
27399,39131,37121,0,1
27400,39132,37122,1,1
27401,39133,37123,1,2
27402,39134,37124,1,3
27403,39135,37125,1,3
27404,39136,37126,0,3
27405,39137,37127,1,5
27406,39138,37128,1,4
27407,39141,37131,0,3
27408,39142,37132,1,5
27409,39144,37134,1,4
27410,39145,37135,1,5
27411,39146,37136,0,5
27412,39150,37140,1,4
27413,39152,37142,1,1
27414,39154,37144,1,3
27415,39156,37146,1,4
27416,39157,37147,1,1
27417,39159,37149,1,3
27418,39160,37150,1,3
27419,39162,37152,0,3
27420,39163,37153,1,5
27421,39164,37154,1,2
27422,39165,37155,0,2
27423,39166,37156,1,5
27424,39167,37157,1,1
27425,39168,37158,0,5
27426,39169,37159,1,5
27427,39170,37160,1,5
27428,39171,37161,1,3
27429,39172,37162,0,4
27430,39173,37163,0,5
27431,39174,37164,0,4
27432,39175,37165,1,1
27433,39176,37166,0,4
27434,39177,37167,0,5
27435,39178,37168,1,4
27436,39179,37169,0,1
27437,39180,37170,0,5
27438,39181,37171,1,5
27439,39182,37172,1,5
27440,39183,37173,1,1
27441,39184,37174,1,4
27442,39185,37175,1,3
27443,39186,37176,0,2
27444,39189,37179,1,1
27445,39190,37180,1,5
27446,39192,37182,0,1
27447,39193,37183,1,4
27448,39194,37184,1,5
27449,39195,37185,1,4
27450,39197,37187,1,5
27451,39198,37188,1,3
27452,39199,37189,0,1
27453,39201,37191,0,3
27454,39202,37192,0,5
27455,39203,37193,0,5
27456,39206,37196,1,1
27457,39207,37197,0,1
27458,39209,37199,1,3
27459,39210,37200,1,1
27460,39212,37202,1,2
27461,39213,37203,1,4
27462,39214,37204,0,1
27463,39219,37209,1,3
27464,39220,37210,1,1
27465,39223,37213,1,4
27466,39224,37214,1,1
27467,39225,37215,1,3
27468,39226,37216,1,5
27469,39228,37218,1,1
27470,39233,37223,1,4
27471,39234,37224,1,4
27472,39236,37226,0,5
27473,39237,37227,0,2
27474,39239,37229,1,2
27475,39241,37231,0,3
27476,39243,37233,0,1
27477,39244,37234,0,3
27478,39246,37236,1,1
27479,39248,37238,0,4
27480,39249,37239,0,3
27481,39253,37243,0,3
27482,39256,37246,1,3
27483,39257,37247,0,4
27484,39258,37248,1,3
27485,39260,37250,1,2
27486,39262,37252,1,1
27487,39265,37255,0,1
27488,39269,37259,0,4
27489,39272,37262,1,2
27490,39273,37263,0,3
27491,39274,37264,0,1
27492,39275,37265,1,1
27493,39276,37266,0,4
27494,39277,37267,1,4
27495,39278,37268,0,5
27496,39279,37269,1,5
27497,39282,37272,0,2
27498,39283,37273,1,1
27499,39284,37274,0,2
27500,39286,37276,1,3
27501,39287,37277,1,2
27502,39290,37280,0,3
27503,39291,37281,1,3
27504,39292,37282,1,5
27505,39293,37283,0,5
27506,39295,37285,1,5
27507,39296,37286,0,4
27508,39298,37288,1,3
27509,39300,37290,0,5
27510,39301,37291,0,1
27511,39302,37292,0,2
27512,39303,37293,0,3
27513,39304,37294,1,2
27514,39305,37295,1,1
27515,39306,37296,0,1
27516,39308,37298,0,1
27517,39309,37299,1,3
27518,39310,37299,0,3
27519,39311,37300,0,3
27520,39312,37301,1,1
27521,39314,37303,1,3
27522,39316,37305,0,3
27523,39317,37306,0,5
27524,39318,37307,1,2
27525,39319,37308,1,4
27526,39320,37309,1,2
27527,39322,37311,1,2
27528,39323,37312,1,4
27529,39324,37313,1,1
27530,39325,37314,1,3
27531,39326,37315,0,1
27532,39328,37317,1,4
27533,39329,37318,1,2
27534,39330,37319,0,4
27535,39331,37320,0,3
27536,39332,37321,0,2
27537,39335,37324,0,1
27538,39336,37325,1,2
27539,39338,37327,1,3
27540,39340,37329,1,5
27541,39341,37330,1,3
27542,39343,37332,0,1
27543,39345,37334,0,4
27544,39347,37336,0,2
27545,39349,37338,1,2
27546,39350,37339,0,2
27547,39351,37340,0,5
27548,39354,37343,0,2
27549,39355,37344,1,2
27550,39356,37345,0,3
27551,39357,37346,1,5
27552,39358,37347,0,1
27553,39360,37349,0,3
27554,39361,37350,0,3
27555,39362,37351,0,4
27556,39364,37353,1,4
27557,39366,37355,0,3
27558,39367,37356,0,1
27559,39368,37357,0,4
27560,39369,37358,0,5
27561,39370,37359,1,3
27562,39371,37360,0,4
27563,39374,37363,0,5
27564,39377,37366,0,1
27565,39378,37367,1,1
27566,39379,37368,1,5
27567,39380,37369,1,4
27568,39381,37370,1,5
27569,39382,37371,0,3
27570,39384,37373,1,1
27571,39386,37375,1,3
27572,39387,37376,1,4
27573,39388,37377,1,4
27574,39390,37379,1,1
27575,39391,37379,0,1
27576,39393,37381,0,4
27577,39394,37382,1,2
27578,39395,37383,0,5
27579,39396,37384,1,1
27580,39397,37385,1,2
27581,39398,37386,1,3
27582,39400,37388,1,3
27583,39401,37389,0,5
27584,39405,37393,1,4
27585,39407,37395,1,4
27586,39408,37396,1,5
27587,39409,37397,1,1
27588,39410,37398,0,3
27589,39411,37399,1,5
27590,39412,37400,1,5
27591,39415,37403,0,4
27592,39416,37404,0,4
27593,39417,37405,0,1
27594,39418,37406,1,5
27595,39419,37407,1,3
27596,39421,37409,1,3
27597,39422,37410,0,2
27598,39423,37411,1,2
27599,39424,37412,1,4
27600,39425,37413,0,3
27601,39428,37416,0,1
27602,39429,37417,0,2
27603,39431,37419,0,3
27604,39436,37423,0,2
27605,39438,37425,1,3
27606,39439,37426,0,3
27607,39440,37427,1,4
27608,39441,37428,1,2
27609,39442,37429,0,5
27610,39443,37430,1,3
27611,39444,37431,1,3
27612,39446,37433,1,5
27613,39449,37436,1,4
27614,39450,37437,0,1
27615,39451,37438,1,1
27616,39452,37439,1,4
27617,39453,37440,1,4
27618,39454,37441,1,4
27619,39455,37442,1,3
27620,39456,37443,1,3
27621,39458,37445,0,3
27622,39459,37446,0,5
27623,39461,37448,0,5
27624,39462,37449,1,1
27625,39463,37450,1,1
27626,39464,37451,0,3
27627,39466,37453,1,4
27628,39467,37454,0,4
27629,39468,37455,0,1
27630,39469,37456,0,4
27631,39471,37458,1,5
27632,39472,37459,1,2
27633,39473,37460,0,5
27634,39474,37461,1,3
27635,39475,37462,1,2
27636,39476,37463,1,4
27637,39477,37464,0,1
27638,39478,37465,1,2
27639,39479,37466,1,3
27640,39480,37467,0,4
27641,39482,37469,0,3
27642,39483,37470,0,5
27643,39484,37471,1,4
27644,39485,37472,1,5
27645,39486,37473,0,2
27646,39489,37476,1,2
27647,39490,37477,1,4
27648,39491,37478,1,4
27649,39492,37479,1,4
27650,39493,37480,0,3
27651,39494,37481,1,4
27652,39495,37482,1,4
27653,39496,37483,0,4
27654,39498,37485,1,1
27655,39499,37486,0,1
27656,39500,37487,1,1
27657,39502,37489,0,5
27658,39503,37490,1,2
27659,39504,37491,1,3
27660,39505,37492,1,1
27661,39506,37493,0,3
27662,39507,37494,0,1
27663,39508,37495,0,1
27664,39510,37497,1,3
27665,39511,37498,1,2
27666,39513,37500,1,2
27667,39516,37503,0,3
27668,39518,37505,0,5
27669,39519,37506,0,1
27670,39520,37507,1,5
27671,39521,37508,0,2
27672,39522,37509,0,3
27673,39525,37512,0,4
27674,39527,37514,0,2
27675,39529,37516,0,4
27676,39531,37518,1,5
27677,39532,37519,0,5
27678,39533,37520,1,4
27679,39535,37522,1,2
27680,39536,37523,0,2
27681,39537,37524,1,3
27682,39540,37527,1,4
27683,39544,37531,1,4
27684,39545,37532,1,4
27685,39546,37533,0,2
27686,39547,37534,1,1
27687,39549,37536,1,4
27688,39550,37537,0,4
27689,39552,37539,1,4
27690,39553,37540,0,2
27691,39554,37541,1,2
27692,39557,37544,0,5
27693,39559,37546,0,1
27694,39560,37547,0,2
27695,39561,37548,1,2
27696,39562,37549,0,1
27697,39563,37550,0,4
27698,39564,37551,0,4
27699,39567,37554,0,2
27700,39568,37555,0,3
27701,39569,37556,1,2
27702,39570,37557,0,4
27703,39571,37558,0,5
27704,39572,37559,0,3
27705,39574,37561,1,3
27706,39575,37562,1,1
27707,39576,37563,1,3
27708,39577,37564,0,5
27709,39578,37565,0,2
27710,39579,37566,1,4
27711,39580,37567,1,4
27712,39582,37569,1,1
27713,39584,37571,0,4
27714,39585,37572,1,1
27715,39586,37573,1,3
27716,39588,37575,1,1
27717,39590,37577,0,4
27718,39592,37579,1,2
27719,39593,37580,0,4
27720,39595,37582,1,1
27721,39596,37583,0,1
27722,39597,37584,0,2
27723,39598,37585,1,1
27724,39599,37586,0,3
27725,39602,37589,0,5
27726,39603,37590,1,5
27727,39604,37591,1,1
27728,39605,37592,1,3
27729,39607,37594,1,2
27730,39609,37596,0,4
27731,39610,37597,0,5
27732,39611,37598,1,2
27733,39612,37599,0,2
27734,39613,37600,1,4
27735,39614,37601,0,4
27736,39615,37602,1,3
27737,39617,37604,1,2
27738,39618,37605,0,3
27739,39619,37606,1,1
27740,39620,37607,0,5
27741,39624,37611,0,5
27742,39626,37613,1,4
27743,39627,37614,0,3
27744,39628,37615,0,4
27745,39629,37616,1,3
27746,39630,37617,0,5
27747,39631,37618,1,5
27748,39632,37619,0,5
27749,39634,37621,0,4
27750,39635,37622,0,1
27751,39636,37623,1,4
27752,39637,37624,1,5
27753,39639,37626,1,5
27754,39640,37627,1,4
27755,39641,37628,0,1
27756,39642,37629,1,4
27757,39645,37632,0,2
27758,39646,37633,1,5
27759,39647,37634,0,5
27760,39648,37635,1,4
27761,39650,37637,1,1
27762,39652,37639,0,3
27763,39653,37640,0,4
27764,39657,37644,1,1
27765,39658,37645,1,1
27766,39660,37647,1,3
27767,39661,37648,1,3
27768,39663,37650,1,3
27769,39665,37652,0,4
27770,39666,37653,1,4
27771,39667,37654,1,3
27772,39668,37655,1,5
27773,39669,37656,0,3
27774,39670,37657,1,5
27775,39672,37659,0,2
27776,39675,37662,1,3
27777,39676,37663,1,5
27778,39677,37664,1,5
27779,39678,37665,0,2
27780,39679,37666,0,5
27781,39680,37667,1,2
27782,39682,37669,1,3
27783,39683,37670,1,1
27784,39684,37671,0,3
27785,39686,37673,0,4
27786,39687,37674,0,1
27787,39689,37676,0,2
27788,39691,37678,1,2
27789,39695,37682,0,4
27790,39697,37684,1,4
27791,39698,37685,0,2
27792,39699,37686,1,3
27793,39700,37687,0,1
27794,39702,37689,1,2
27795,39703,37690,1,3
27796,39704,37691,1,3
27797,39707,37694,1,3
27798,39708,37695,1,4
27799,39710,37697,0,1
27800,39711,37698,1,5
27801,39713,37700,0,5
27802,39715,37702,0,2
27803,39717,37704,1,1
27804,39718,37705,1,5
27805,39720,37707,0,3
27806,39721,37708,0,5
27807,39722,37709,0,4
27808,39723,37710,1,1
27809,39725,37712,1,5
27810,39726,37713,1,3
27811,39727,37714,1,2
27812,39728,37715,1,1
27813,39729,37716,1,1
27814,39731,37718,1,1
27815,39732,37719,1,3
27816,39734,37721,1,4
27817,39735,37722,1,4
27818,39738,37725,1,2
27819,39739,37726,1,3
27820,39740,37727,1,3
27821,39741,37728,1,4
27822,39743,37730,0,4
27823,39744,37731,1,1
27824,39745,37732,1,4
27825,39746,37733,1,5
27826,39747,37734,0,1
27827,39750,37737,0,1
27828,39751,37738,0,2
27829,39752,37739,0,1
27830,39753,37740,1,1
27831,39754,37741,1,5
27832,39755,37742,1,1
27833,39758,37745,0,2
27834,39759,37746,0,5
27835,39761,37748,0,4
27836,39762,37749,0,3
27837,39763,37750,1,2
27838,39766,37753,0,4
27839,39767,37754,1,4
27840,39769,37756,0,1
27841,39771,37758,0,4
27842,39772,37759,1,2
27843,39774,37761,1,3
27844,39775,37762,0,1
27845,39776,37763,1,4
27846,39777,37764,0,3
27847,39778,37765,0,4
27848,39779,37766,0,2
27849,39781,37768,0,2
27850,39783,37770,0,5
27851,39789,37776,0,2
27852,39790,37777,0,1
27853,39791,37778,1,4
27854,39794,37781,0,4
27855,39795,37782,1,3
27856,39796,37783,1,4
27857,39797,37784,1,3
27858,39798,37785,0,1
27859,39800,37787,0,1
27860,39804,37791,1,4
27861,39806,37793,1,1
27862,39807,37794,0,3
27863,39809,37796,0,5
27864,39810,37797,0,5
27865,39812,37799,0,2
27866,39814,37801,0,5
27867,39815,37802,0,3
27868,39816,37803,1,1
27869,39817,37804,0,5
27870,39818,37805,0,4
27871,39819,37806,0,1
27872,39820,37807,1,1
27873,39821,37808,1,1
27874,39822,37809,0,5
27875,39823,37810,0,1
27876,39824,37811,0,2
27877,39826,37813,0,4
27878,39827,37814,1,2
27879,39829,37816,1,5
27880,39830,37817,1,3
27881,39832,37819,0,4
27882,39836,37823,0,4
27883,39837,37824,1,5
27884,39839,37826,0,5
27885,39840,37827,0,3
27886,39841,37828,1,2
27887,39842,37829,0,2
27888,39845,37832,1,1
27889,39846,37833,1,5
27890,39849,37836,1,4
27891,39850,37837,0,4
27892,39851,37838,1,3
27893,39852,37839,1,1
27894,39853,37840,1,5
27895,39855,37842,0,3
27896,39857,37844,1,5
27897,39858,37845,0,2
27898,39859,37846,0,5
27899,39860,37847,0,1
27900,39861,37848,0,4
27901,39862,37849,0,3
27902,39863,37850,1,4
27903,39864,37851,1,4
27904,39870,37857,0,4
27905,39871,37858,1,2
27906,39872,37859,0,5
27907,39876,37863,1,5
27908,39878,37865,0,1
27909,39879,37866,1,3
27910,39881,37868,1,1
27911,39882,37869,0,2
27912,39883,37870,1,1
27913,39884,37871,0,4
27914,39885,37872,1,3
27915,39887,37874,0,4
27916,39888,37875,0,4
27917,39889,37876,1,5
27918,39892,37879,1,1
27919,39893,37880,1,1
27920,39894,37881,0,1
27921,39895,37882,0,5
27922,39896,37883,1,5
27923,39898,37885,0,4
27924,39899,37886,1,1
27925,39901,37888,0,1
27926,39907,37894,1,3
27927,39908,37895,0,1
27928,39909,37896,0,1
27929,39910,37897,0,4
27930,39912,37899,1,3
27931,39913,37900,0,1
27932,39914,37901,1,5
27933,39915,37902,1,1
27934,39916,37903,0,5
27935,39917,37904,1,3
27936,39918,37905,0,4
27937,39919,37906,0,2
27938,39920,37907,0,3
27939,39921,37908,0,2
27940,39923,37910,0,4
27941,39925,37912,1,5
27942,39928,37915,0,3
27943,39930,37917,0,2
27944,39932,37919,0,2
27945,39933,37920,0,2
27946,39936,37923,0,3
27947,39937,37924,0,3
27948,39939,37926,1,1
27949,39940,37927,1,5
27950,39941,37928,1,3
27951,39942,37929,0,4
27952,39943,37930,0,5
27953,39945,37932,0,5
27954,39946,37933,0,5
27955,39947,37934,1,3
27956,39948,37935,0,2
27957,39949,37936,0,4
27958,39950,37937,1,4
27959,39951,37938,0,1
27960,39952,37939,0,3
27961,39954,37941,1,2
27962,39956,37943,0,2
27963,39957,37944,1,4
27964,39958,37945,1,1
27965,39963,37950,1,1
27966,39964,37951,1,2
27967,39965,37952,0,1
27968,39966,37953,0,5
27969,39967,37954,0,4
27970,39969,37956,1,5
27971,39970,37957,1,3
27972,39971,37958,0,3
27973,39972,37959,1,4
27974,39973,37960,0,4
27975,39974,37961,1,5
27976,39975,37962,1,1
27977,39977,37964,1,2
27978,39979,37966,1,2
27979,39981,37968,0,5
27980,39982,37969,1,1
27981,39983,37970,1,4
27982,39985,37966,1,2
27983,39986,37972,0,4
27984,39989,37975,1,4
27985,39991,37977,0,2
27986,39993,37979,1,5
27987,39994,37980,0,5
27988,39995,37981,0,5
27989,39998,37984,1,2
27990,39999,37985,1,3
27991,40000,37986,0,3
27992,40003,37989,0,5
27993,40005,37991,1,4
27994,40007,37993,0,5
27995,40009,37995,0,5
27996,40014,38000,1,5
27997,40015,38001,1,3
27998,40016,38002,0,4
27999,40017,38003,1,4
28000,40018,38004,0,5
28001,40019,38005,0,1
28002,40020,38006,0,5
28003,40021,38007,1,1
28004,40022,38008,0,5
28005,40023,38009,1,4
28006,40024,38010,0,4
28007,40027,38013,1,2
28008,40029,38015,0,1
28009,40030,38016,1,2
28010,40031,38017,0,2
28011,40032,38018,0,3
28012,40033,38019,1,3
28013,40035,38021,0,4
28014,40037,38023,0,3
28015,40038,38024,1,1
28016,40039,38025,0,2
28017,40041,38027,1,5
28018,40043,38029,1,1
28019,40044,38030,0,5
28020,40045,38031,0,4
28021,40047,38033,0,4
28022,40048,38034,1,5
28023,40049,38035,1,3
28024,40051,38037,0,4
28025,40052,38038,0,1
28026,40053,38039,1,1
28027,40054,38040,1,4
28028,40055,38041,1,2
28029,40057,38043,1,2
28030,40060,38046,1,5
28031,40061,38047,1,3
28032,40062,38048,1,3
28033,40064,38050,1,5
28034,40065,38051,1,2
28035,40067,38053,1,4
28036,40068,38054,0,4
28037,40069,38055,0,5
28038,40070,38056,1,4
28039,40071,38057,1,1
28040,40072,38058,0,5
28041,40073,38059,1,1
28042,40075,38061,0,2
28043,40076,38062,0,1
28044,40077,38063,1,4
28045,40080,38066,0,2
28046,40081,38067,0,1
28047,40082,38068,0,1
28048,40083,38069,1,3
28049,40084,38070,0,2
28050,40087,38073,0,5
28051,40088,38074,0,5
28052,40089,38075,0,5
28053,40090,38076,0,2
28054,40091,38077,1,4
28055,40092,38078,0,1
28056,40094,38080,1,3
28057,40095,38081,0,1
28058,40097,38083,1,4
28059,40099,38085,0,3
28060,40100,38086,0,3
28061,40101,38087,1,5
28062,40102,38088,0,3
28063,40103,38089,1,4
28064,40104,38090,1,1
28065,40105,38091,1,1
28066,40107,38093,0,2
28067,40108,38094,1,3
28068,40109,38095,1,1
28069,40110,38096,0,3
28070,40111,38097,0,4
28071,40113,38099,0,4
28072,40114,38100,1,3
28073,40115,38101,1,5
28074,40116,38102,1,2
28075,40117,38103,1,5
28076,40118,38104,0,3
28077,40119,38105,1,5
28078,40120,38106,1,1
28079,40121,38107,1,2
28080,40122,38108,0,4
28081,40123,38109,1,3
28082,40124,38110,0,4
28083,40125,38111,1,1
28084,40126,38112,1,1
28085,40127,38113,1,1
28086,40129,38115,0,4
28087,40130,38116,0,4
28088,40133,38119,0,3
28089,40135,38121,1,4
28090,40136,38122,0,5
28091,40137,38123,1,2
28092,40138,38124,1,3
28093,40139,38125,1,5
28094,40140,38126,0,2
28095,40141,38127,1,5
28096,40144,38130,1,5
28097,40145,38131,1,1
28098,40146,38132,1,4
28099,40148,38134,0,3
28100,40149,38135,1,1
28101,40151,38137,1,1
28102,40152,38138,0,5
28103,40153,38139,1,5
28104,40154,38140,1,3
28105,40155,38141,1,1
28106,40156,38142,1,3
28107,40158,38144,1,3
28108,40159,38145,0,1
28109,40160,38146,0,3
28110,40161,38147,1,5
28111,40162,38148,1,1
28112,40163,38149,1,5
28113,40164,38150,1,1
28114,40165,38151,1,2
28115,40167,38153,1,3
28116,40169,38155,0,2
28117,40170,38156,0,4
28118,40171,38157,0,2
28119,40172,38158,1,1
28120,40173,38159,0,5
28121,40174,38160,0,1
28122,40175,38161,1,2
28123,40176,38162,0,4
28124,40179,38165,0,1
28125,40180,38166,0,5
28126,40182,38168,0,3
28127,40186,38172,0,1
28128,40187,38173,0,5
28129,40188,38174,1,1
28130,40189,38175,0,2
28131,40190,38176,0,5
28132,40191,38177,1,1
28133,40192,38178,1,5
28134,40193,38179,1,3
28135,40194,38180,1,1
28136,40196,38182,1,5
28137,40197,38183,1,3
28138,40199,38185,1,3
28139,40200,38186,1,3
28140,40202,38188,1,2
28141,40203,38189,1,3
28142,40204,38190,0,5
28143,40205,38191,0,3
28144,40206,38192,0,3
28145,40207,38193,1,5
28146,40208,38194,0,5
28147,40210,38196,1,5
28148,40213,38199,0,2
28149,40214,38200,0,3
28150,40216,38202,1,4
28151,40217,38203,0,4
28152,40219,38205,0,5
28153,40223,38209,1,4
28154,40224,38210,0,2
28155,40225,38211,1,4
28156,40226,38212,1,4
28157,40227,38213,1,1
28158,40229,38215,1,1
28159,40231,38217,1,5
28160,40233,38219,0,1
28161,40234,38220,1,5
28162,40235,38221,1,3
28163,40236,38222,0,5
28164,40238,38224,1,2
28165,40239,38225,1,2
28166,40240,38226,1,2
28167,40241,38227,1,1
28168,40242,38228,0,1
28169,40243,38229,1,2
28170,40245,38231,1,2
28171,40246,38232,1,3
28172,40248,38234,0,1
28173,40252,38238,0,5
28174,40253,38239,0,2
28175,40256,38242,0,3
28176,40257,38243,0,4
28177,40260,38246,0,4
28178,40262,38248,1,4
28179,40263,38249,1,1
28180,40265,38251,1,1
28181,40266,38252,1,1
28182,40269,38255,0,2
28183,40270,38256,0,3
28184,40271,38257,0,5
28185,40272,38256,1,3
28186,40274,38259,0,5
28187,40276,38261,1,2
28188,40279,38264,1,5
28189,40280,38265,1,5
28190,40281,38266,1,5
28191,40282,38267,0,4
28192,40283,38268,1,3
28193,40284,38269,1,1
28194,40285,38270,0,3
28195,40288,38273,0,1
28196,40289,38274,1,2
28197,40290,38275,0,3
28198,40293,38278,1,2
28199,40294,38279,1,4
28200,40295,38280,1,1
28201,40296,38281,1,5
28202,40297,38282,0,3
28203,40298,38283,1,3
28204,40300,38285,1,2
28205,40302,38287,1,3
28206,40303,38288,0,2
28207,40304,38289,0,2
28208,40305,38290,1,4
28209,40308,38293,0,5
28210,40309,38294,1,5
28211,40311,38296,0,2
28212,40312,38297,1,2
28213,40313,38298,1,5
28214,40314,38299,0,3
28215,40315,38300,1,5
28216,40316,38301,0,3
28217,40319,38304,0,3
28218,40320,38305,0,3
28219,40321,38306,0,5
28220,40322,38307,0,5
28221,40323,38308,0,4
28222,40324,38309,0,4
28223,40325,38310,0,1
28224,40327,38312,0,5
28225,40329,38314,1,5
28226,40331,38316,0,5
28227,40332,38317,0,1
28228,40333,38318,0,1
28229,40335,38320,1,2
28230,40336,38321,1,2
28231,40338,38323,0,5
28232,40339,38324,0,4
28233,40340,38325,0,3
28234,40341,38326,0,2
28235,40343,38328,0,4
28236,40344,38329,0,5
28237,40346,38331,0,3
28238,40347,38332,1,4
28239,40348,38333,1,3
28240,40349,38334,1,5
28241,40350,38335,1,4
28242,40351,38336,1,2
28243,40352,38337,1,3
28244,40354,38339,0,3
28245,40355,38340,1,1
28246,40358,38343,1,2
28247,40359,38344,1,4
28248,40360,38345,1,3
28249,40363,38348,1,5
28250,40365,38350,1,3
28251,40366,38351,1,3
28252,40367,38352,1,2
28253,40369,38354,0,4
28254,40371,38356,1,5
28255,40372,38357,0,2
28256,40373,38358,1,2
28257,40374,38359,0,5
28258,40375,38360,1,5
28259,40376,38361,0,5
28260,40377,38362,1,5
28261,40379,38364,1,4
28262,40381,38366,1,4
28263,40382,38367,1,1
28264,40383,38368,0,3
28265,40385,38370,1,2
28266,40387,38372,1,3
28267,40388,38373,0,1
28268,40389,38374,1,1
28269,40390,38375,0,4
28270,40391,38376,1,3
28271,40392,38377,1,5
28272,40395,38380,1,2
28273,40397,38382,0,3
28274,40398,38383,1,1
28275,40400,38385,1,3
28276,40403,38387,0,3
28277,40405,38388,0,2
28278,40409,38392,0,5
28279,40411,38394,1,1
28280,40415,38398,0,3
28281,40416,38399,1,1
28282,40417,38400,1,3
28283,40420,38403,1,3
28284,40423,38406,1,4
28285,40424,38407,1,3
28286,40425,38408,0,4
28287,40426,38409,1,2
28288,40427,38410,1,1
28289,40428,38411,1,4
28290,40429,38412,0,1
28291,40430,38413,0,3
28292,40431,38414,0,3
28293,40432,38415,0,2
28294,40433,38416,0,4
28295,40436,38419,0,2
28296,40438,38421,0,2
28297,40440,38423,1,4
28298,40441,38424,1,2
28299,40445,38428,0,2
28300,40446,38429,1,5
28301,40447,38430,0,1
28302,40448,38431,1,3
28303,40450,38433,1,3
28304,40451,38434,0,2
28305,40452,38435,1,3
28306,40453,38436,0,1
28307,40454,38437,1,3
28308,40457,38440,1,4
28309,40458,38441,1,2
28310,40459,38442,0,2
28311,40460,38443,1,3
28312,40461,38444,1,3
28313,40462,38445,0,3
28314,40463,38446,1,2
28315,40464,38447,0,3
28316,40465,38448,1,3
28317,40466,38449,1,3
28318,40467,38450,1,3
28319,40473,38456,1,3
28320,40474,38457,0,1
28321,40475,38458,1,2
28322,40476,38459,1,1
28323,40478,38461,1,2
28324,40479,38462,0,2
28325,40480,38463,1,2
28326,40481,38464,1,3
28327,40482,38465,1,1
28328,40484,38467,1,2
28329,40485,38468,1,3
28330,40486,38469,0,5
28331,40489,38472,0,5
28332,40491,38474,0,1
28333,40492,38475,1,3
28334,40493,38476,1,2
28335,40494,38477,1,2
28336,40495,38478,1,5
28337,40498,38481,1,1
28338,40500,38483,0,5
28339,40501,38484,0,5
28340,40502,38485,0,2
28341,40504,38487,1,2
28342,40505,38488,0,5
28343,40506,38489,1,5
28344,40507,38490,0,4
28345,40508,38491,0,2
28346,40510,38493,1,1
28347,40511,38494,0,3
28348,40512,38495,0,5
28349,40515,38498,0,3
28350,40516,38499,0,4
28351,40517,38500,1,3
28352,40519,38502,0,2
28353,40520,38503,0,1
28354,40523,38506,0,1
28355,40524,38507,0,4
28356,40525,38508,0,2
28357,40526,38509,0,2
28358,40527,38510,0,3
28359,40530,38513,0,3
28360,40531,38514,0,3
28361,40532,38515,0,1
28362,40533,38516,0,1
28363,40534,38517,0,2
28364,40536,38519,0,2
28365,40537,38520,0,4
28366,40538,38521,0,3
28367,40539,38522,0,4
28368,40541,38524,0,2
28369,40543,38526,1,4
28370,40544,38527,1,4
28371,40546,38529,1,2
28372,40547,38530,1,5
28373,40548,38531,1,4
28374,40549,38532,0,4
28375,40550,38533,0,4
28376,40552,38535,1,5
28377,40554,38537,0,1
28378,40555,38538,0,1
28379,40556,38539,1,5
28380,40557,38540,1,3
28381,40558,38541,1,4
28382,40560,38543,0,3
28383,40561,38544,1,5
28384,40563,38546,1,2
28385,40564,38547,1,4
28386,40565,38548,0,1
28387,40567,38550,1,4
28388,40568,38551,0,5
28389,40569,38552,0,3
28390,40570,38553,0,1
28391,40571,38554,0,5
28392,40572,38555,0,1
28393,40574,38557,1,1
28394,40575,38558,1,3
28395,40578,38561,0,1
28396,40579,38562,0,5
28397,40580,38563,0,4
28398,40581,38564,0,1
28399,40582,38565,0,4
28400,40584,38567,1,2
28401,40585,38568,1,5
28402,40587,38570,0,4
28403,40589,38572,1,1
28404,40590,38573,0,3
28405,40591,38574,0,2
28406,40592,38575,0,5
28407,40593,38576,0,2
28408,40594,38577,1,3
28409,40595,38578,1,1
28410,40596,38579,1,1
28411,40597,38580,0,2
28412,40599,38582,0,3
28413,40600,38583,0,1
28414,40601,38584,1,1
28415,40602,38585,0,1
28416,40604,38587,1,1
28417,40605,38588,0,1
28418,40606,38589,0,4
28419,40608,38591,0,3
28420,40609,38592,0,4
28421,40611,38594,0,5
28422,40613,38596,0,4
28423,40614,38597,0,2
28424,40615,38598,0,5
28425,40616,38599,1,1
28426,40617,38600,1,5
28427,40618,38601,0,2
28428,40622,38605,0,2
28429,40623,38606,0,2
28430,40624,38607,0,5
28431,40625,38608,0,2
28432,40626,38609,1,2
28433,40627,38610,1,3
28434,40629,38612,0,2
28435,40631,38614,0,4
28436,40632,38615,0,5
28437,40633,38616,0,2
28438,40635,38618,0,1
28439,40636,38619,0,3
28440,40637,38620,0,3
28441,40638,38621,1,4
28442,40640,38623,0,1
28443,40642,38625,1,1
28444,40643,38626,1,2
28445,40644,38627,1,1
28446,40645,38628,1,4
28447,40646,38629,0,4
28448,40648,38631,1,5
28449,40649,38632,0,3
28450,40650,38633,0,2
28451,40651,38634,1,2
28452,40652,38635,1,5
28453,40657,38640,0,3
28454,40659,38642,1,1
28455,40660,38643,1,1
28456,40661,38644,1,2
28457,40662,38645,0,3
28458,40663,38646,1,4
28459,40664,38647,1,1
28460,40665,38648,1,3
28461,40666,38649,0,5
28462,40667,38650,0,1
28463,40668,38651,1,4
28464,40669,38652,0,2
28465,40670,38653,1,5
28466,40671,38654,1,4
28467,40673,38656,1,3
28468,40675,38658,1,4
28469,40676,38659,1,2
28470,40677,38660,1,4
28471,40680,38663,0,1
28472,40683,38666,1,5
28473,40684,38667,1,2
28474,40686,38669,1,2
28475,40687,38670,0,1
28476,40688,38671,1,2
28477,40689,38672,0,1
28478,40690,38673,1,5
28479,40691,38674,1,2
28480,40692,38675,1,2
28481,40693,38676,0,4
28482,40694,38677,0,4
28483,40695,38678,0,4
28484,40696,38679,0,2
28485,40697,38680,0,1
28486,40698,38681,0,3
28487,40700,38683,0,3
28488,40701,38684,1,5
28489,40704,38687,0,4
28490,40705,38688,0,3
28491,40706,38689,0,3
28492,40707,38690,0,2
28493,40712,38695,0,3
28494,40715,38698,1,1
28495,40717,38700,1,4
28496,40718,38701,1,3
28497,40719,38702,0,3
28498,40723,38706,1,5
28499,40724,38707,0,5
28500,40725,38708,1,5
28501,40726,38709,0,1
28502,40727,38710,1,3
28503,40729,38712,1,2
28504,40731,38714,1,3
28505,40732,38715,1,2
28506,40733,38716,0,2
28507,40734,38717,1,1
28508,40735,38718,1,1
28509,40736,38719,1,2
28510,40737,38720,0,4
28511,40738,38721,1,5
28512,40739,38722,0,2
28513,40740,38723,1,4
28514,40741,38724,1,1
28515,40742,38725,0,2
28516,40745,38728,0,1
28517,40748,38731,1,5
28518,40750,38733,0,5
28519,40751,38734,1,5
28520,40752,38735,1,4
28521,40753,38736,1,3
28522,40754,38737,1,2
28523,40755,38738,1,3
28524,40756,38739,1,3
28525,40758,38741,1,3
28526,40759,38742,1,3
28527,40760,38743,0,2
28528,40762,38745,1,5
28529,40763,38746,1,3
28530,40764,38747,1,2
28531,40765,38748,0,2
28532,40766,38749,1,4
28533,40767,38750,1,2
28534,40768,38751,1,2
28535,40769,38752,1,5
28536,40770,38753,1,2
28537,40771,38754,1,3
28538,40772,38755,0,4
28539,40774,38757,1,2
28540,40775,38758,1,2
28541,40776,38759,0,1
28542,40778,38761,0,2
28543,40779,38762,1,2
28544,40781,38764,1,5
28545,40783,38766,1,1
28546,40787,38770,1,3
28547,40789,38772,0,2
28548,40790,38773,0,2
28549,40791,38774,0,5
28550,40792,38775,1,1
28551,40793,38776,0,4
28552,40794,38777,0,1
28553,40795,38778,0,1
28554,40796,38779,0,1
28555,40798,38781,1,1
28556,40799,38782,1,3
28557,40801,38784,1,5
28558,40802,38785,0,3
28559,40804,38787,0,1
28560,40805,38788,1,5
28561,40806,38787,0,1
28562,40807,38789,0,5
28563,40808,38790,0,4
28564,40809,38791,0,1
28565,40810,38792,0,3
28566,40811,38793,0,3
28567,40812,38794,0,1
28568,40813,38795,1,2
28569,40814,38796,0,5
28570,40815,38797,0,5
28571,40819,38801,1,4
28572,40821,38803,0,4
28573,40822,38804,1,3
28574,40823,38805,1,3
28575,40824,38806,1,5
28576,40825,38807,0,5
28577,40826,38808,0,2
28578,40827,38809,0,3
28579,40833,38815,0,3
28580,40837,38819,0,1
28581,40839,38821,1,3
28582,40840,38815,0,3
28583,40841,38822,0,4
28584,40844,38825,1,1
28585,40845,38826,1,2
28586,40846,38827,0,3
28587,40847,38828,0,3
28588,40848,38829,0,1
28589,40849,38830,0,2
28590,40850,38831,0,2
28591,40851,38832,1,4
28592,40852,38833,1,1
28593,40853,38834,0,1
28594,40854,38835,1,5
28595,40855,38836,1,1
28596,40856,38837,0,2
28597,40857,38838,0,1
28598,40858,38839,0,5
28599,40859,38840,0,4
28600,40861,38842,0,1
28601,40862,38843,0,3
28602,40863,38844,0,1
28603,40864,38845,0,4
28604,40865,38846,0,2
28605,40866,38847,1,5
28606,40867,38848,1,4
28607,40869,38850,1,4
28608,40870,38851,1,5
28609,40873,38854,0,2
28610,40875,38856,1,3
28611,40876,38857,0,5
28612,40877,38858,1,5
28613,40879,38860,0,3
28614,40880,38861,1,1
28615,40881,38862,0,4
28616,40882,38863,0,5
28617,40883,38864,0,5
28618,40884,38865,1,1
28619,40885,38866,0,4
28620,40886,38867,0,5
28621,40887,38868,0,3
28622,40888,38869,0,4
28623,40890,38871,0,1
28624,40891,38872,1,3
28625,40892,38873,1,5
28626,40893,38874,0,4
28627,40896,38877,0,1
28628,40897,38878,0,2
28629,40898,38879,1,5
28630,40901,38882,1,3
28631,40902,38883,0,4
28632,40904,38885,0,5
28633,40906,38887,0,2
28634,40907,38888,1,3
28635,40908,38889,0,5
28636,40909,38890,1,1
28637,40913,38894,1,2
28638,40914,38895,0,3
28639,40915,38896,0,3
28640,40916,38897,0,3
28641,40918,38899,0,3
28642,40919,38900,0,5
28643,40920,38901,1,2
28644,40923,38904,0,3
28645,40924,38905,0,1
28646,40925,38906,0,5
28647,40926,38907,0,4
28648,40927,38908,1,3
28649,40928,38909,1,1
28650,40932,38913,1,2
28651,40933,38914,1,1
28652,40934,38915,0,5
28653,40935,38916,0,5
28654,40936,38917,0,2
28655,40938,38919,0,3
28656,40939,38920,0,2
28657,40940,38921,1,2
28658,40941,38922,1,4
28659,40942,38923,1,4
28660,40943,38924,1,1
28661,40945,38926,1,5
28662,40949,38930,0,5
28663,40951,38932,1,4
28664,40955,38936,1,3
28665,40957,38938,1,2
28666,40958,38939,0,2
28667,40961,38941,0,2
28668,40962,38942,0,5
28669,40964,38944,0,4
28670,40965,38945,0,4
28671,40966,38946,0,4
28672,40967,38947,0,2
28673,40968,38948,1,1
28674,40969,38949,0,1
28675,40970,38950,1,1
28676,40971,38951,0,3
28677,40974,38954,0,5
28678,40976,38956,1,5
28679,40977,38957,1,1
28680,40980,38960,1,4
28681,40981,38961,1,5
28682,40983,38963,0,4
28683,40984,38964,0,2
28684,40987,38967,0,4
28685,40990,38970,1,5
28686,40991,38971,0,4
28687,40993,38973,1,2
28688,40994,38974,1,2
28689,40995,38975,0,1
28690,40996,38976,1,5
28691,40997,38977,0,2
28692,40999,38979,0,3
28693,41000,38980,1,5
28694,41001,38981,0,5
28695,41002,38982,0,5
28696,41003,38983,1,4
28697,41004,38984,1,2
28698,41005,38985,0,1
28699,41006,38986,1,3
28700,41008,38988,0,1
28701,41009,38989,1,3
28702,41010,38990,1,2
28703,41011,38991,1,1
28704,41012,38992,0,5
28705,41015,38995,0,3
28706,41016,38996,1,4
28707,41019,38999,1,5
28708,41020,39000,1,4
28709,41022,39002,1,1
28710,41024,39004,0,4
28711,41025,39005,1,3
28712,41028,39008,0,4
28713,41030,39010,1,2
28714,41035,39015,1,3
28715,41036,39016,0,4
28716,41037,39017,0,5
28717,41038,39018,1,3
28718,41039,39019,1,1
28719,41040,39020,1,3
28720,41041,39021,0,5
28721,41043,39023,0,1
28722,41045,39025,0,1
28723,41046,39026,1,5
28724,41047,39027,1,1
28725,41049,39029,1,2
28726,41051,39031,0,3
28727,41053,39033,0,4
28728,41054,39034,1,1
28729,41056,39036,0,3
28730,41057,39037,1,4
28731,41058,39038,1,1
28732,41059,39039,0,4
28733,41061,39041,1,3
28734,41063,39043,1,4
28735,41064,39044,0,4
28736,41065,39045,1,2
28737,41066,39046,0,1
28738,41067,39047,0,3
28739,41069,39049,0,4
28740,41070,39050,0,2
28741,41071,39051,0,2
28742,41072,39052,0,5
28743,41073,39053,0,3
28744,41075,39055,0,3
28745,41076,39056,1,1
28746,41079,39059,0,2
28747,41080,39060,0,1
28748,41081,39061,0,1
28749,41082,39062,0,5
28750,41083,39063,1,2
28751,41084,39064,0,1
28752,41086,39066,0,1
28753,41087,39067,0,3
28754,41090,39070,0,1
28755,41091,39071,0,1
28756,41092,39072,1,2
28757,41094,39074,0,5
28758,41095,39075,0,3
28759,41097,39077,0,3
28760,41098,39078,1,1
28761,41100,39080,1,2
28762,41102,39082,0,1
28763,41103,39083,0,2
28764,41104,39084,0,5
28765,41106,39086,0,2
28766,41107,39087,0,3
28767,41108,39088,0,4
28768,41110,39090,1,1
28769,41111,39091,0,1
28770,41112,39092,0,4
28771,41114,39094,1,5
28772,41115,39095,1,2
28773,41117,39097,1,4
28774,41118,39098,0,3
28775,41119,39099,1,5
28776,41120,39100,0,4
28777,41122,39102,1,3
28778,41125,39105,1,2
28779,41126,39106,1,4
28780,41127,39107,1,5
28781,41128,39108,1,1
28782,41129,39109,0,3
28783,41130,39110,1,3
28784,41131,39111,0,2
28785,41133,39113,0,1
28786,41135,39115,0,5
28787,41136,39116,0,2
28788,41137,39117,0,3
28789,41142,39122,1,5
28790,41143,39123,0,2
28791,41144,39124,0,4
28792,41145,39125,1,4
28793,41146,39126,1,5
28794,41147,39127,1,4
28795,41148,39128,1,1
28796,41149,39129,0,5
28797,41150,39130,0,5
28798,41152,39132,0,5
28799,41154,39134,0,2
28800,41155,39135,0,1
28801,41156,39134,1,2
28802,41159,39138,1,5
28803,41160,39139,1,4
28804,41161,39140,0,5
28805,41163,39142,1,5
28806,41164,39143,1,5
28807,41165,39144,1,5
28808,41166,39145,1,4
28809,41167,39146,0,3
28810,41168,39147,0,1
28811,41169,39148,0,1
28812,41170,39149,0,1
28813,41171,39150,1,5
28814,41173,39152,1,5
28815,41174,39153,1,4
28816,41175,39154,0,4
28817,41177,39156,0,1
28818,41178,39157,1,5
28819,41182,39161,0,2
28820,41184,39163,0,2
28821,41187,39166,0,2
