row_id,group_id,y
0,0,0
1,1,0
3,3,0
5,5,0
7,7,0
9,9,0
10,7,0
11,9,0
12,10,0
13,11,0
14,12,0
16,12,0
19,16,0
20,17,0
21,18,0
22,19,0
23,20,0
24,21,0
25,22,0
27,24,0
29,26,0
30,27,0
32,28,0
33,29,0
34,30,0
35,31,0
36,32,0
37,33,0
38,34,0
41,37,0
43,39,0
44,40,0
45,41,0
46,42,0
48,44,0
49,45,0
50,46,0
51,47,0
53,49,0
54,50,0
55,51,0
58,54,0
59,55,0
60,56,0
64,60,0
65,61,0
66,62,0
67,63,0
68,64,0
69,65,0
71,67,0
73,69,0
74,70,0
75,71,1
76,72,0
77,73,0
78,74,0
79,75,0
80,76,0
82,78,0
84,80,0
85,81,0
86,82,0
87,83,0
88,84,1
89,85,0
91,87,0
92,88,0
96,92,0
97,93,0
98,94,0
100,96,0
101,97,0
103,99,0
104,99,0
105,100,0
106,101,0
107,102,0
108,103,0
109,104,0
110,105,0
112,107,0
113,108,0
115,110,0
116,111,0
118,113,0
119,114,0
120,115,0
121,116,0
122,117,0
123,118,0
124,119,0
125,120,0
126,121,0
127,122,0
128,123,0
129,124,1
131,126,0
132,127,0
133,128,0
134,129,0
135,130,0
136,131,0
138,133,0
139,134,1
140,135,0
142,137,0
143,138,0
144,139,0
145,140,0
146,141,0
147,142,0
149,144,0
150,145,0
154,149,0
156,151,0
157,152,0
162,157,0
163,158,0
164,159,0
165,160,0
166,161,0
167,162,0
168,163,0
169,164,0
171,166,0
173,168,0
174,169,0
175,170,0
176,171,0
177,172,0
179,174,0
180,175,0
181,176,0
182,177,1
186,181,0
187,182,0
188,183,0
189,184,0
190,185,0
191,186,0
195,190,0
196,191,0
197,192,0
198,193,0
200,195,0
201,196,0
202,197,0
203,198,0
208,203,0
209,204,0
212,207,0
213,208,0
214,209,0
216,211,0
217,212,0
218,213,0
220,102,0
222,216,0
223,217,0
224,218,0
225,219,0
227,220,0
228,221,0
230,223,0
231,224,0
232,225,0
233,226,0
234,227,0
236,229,0
237,230,0
239,232,0
240,233,0
241,234,0
242,235,0
243,236,0
245,238,0
246,239,0
247,240,0
248,241,0
250,243,0
252,245,0
254,247,0
255,248,0
256,249,0
257,250,0
259,252,0
260,252,0
261,253,0
262,254,0
263,255,0
265,257,0
266,258,0
267,259,0
270,262,0
271,263,0
273,265,0
274,266,0
275,267,0
276,32,0
277,50,0
278,268,0
279,269,0
280,270,0
283,273,0
284,274,0
286,276,1
287,277,0
288,278,0
289,279,0
290,280,0
291,281,0
292,282,0
293,283,0
295,285,0
296,286,0
297,287,0
298,288,0
299,289,0
300,290,0
303,293,0
304,294,0
305,295,0
306,296,0
307,297,0
308,298,0
309,299,0
310,300,0
311,301,0
313,303,0
314,304,0
316,306,0
320,310,0
321,311,0
322,312,0
324,314,0
325,315,0
326,316,0
327,317,0
328,318,0
329,319,0
331,273,0
333,322,0
335,324,0
337,326,0
338,108,0
340,328,0
341,329,0
342,330,0
343,331,0
344,332,0
345,333,0
346,334,0
348,336,0
349,337,0
356,344,0
357,345,0
358,346,0
359,347,0
361,349,0
362,350,0
363,351,0
366,354,0
367,355,0
368,356,0
369,357,0
370,358,0
371,359,0
372,360,0
373,361,0
377,365,0
382,370,0
384,372,0
385,373,0
386,374,0
387,375,0
389,377,1
391,379,0
396,384,0
397,385,0
400,388,0
401,389,0
403,391,0
405,393,0
406,394,0
407,395,0
411,399,0
412,400,0
413,401,0
414,402,0
415,403,0
416,404,0
419,407,0
420,408,0
421,409,0
424,412,0
426,414,0
427,415,0
431,419,0
433,421,0
434,422,0
435,423,0
436,424,0
437,425,0
438,426,0
439,427,0
440,428,0
441,429,0
442,430,0
443,431,0
445,433,0
447,435,0
449,437,0
453,440,0
454,441,0
457,444,0
458,445,0
460,447,0
461,448,0
462,449,0
463,450,0
464,451,0
467,454,0
469,456,1
471,458,0
472,459,0
473,460,0
475,462,0
478,465,0
479,466,0
480,467,0
481,468,0
487,474,0
488,475,0
490,477,0
491,478,0
492,479,0
493,480,0
495,482,0
496,483,0
499,486,0
500,487,0
501,488,0
504,490,1
505,491,0
507,493,0
508,494,0
510,496,0
511,497,0
513,499,0
515,501,0
516,502,0
517,503,0
520,506,0
522,508,0
523,509,0
524,510,0
525,511,0
526,512,0
527,513,0
528,514,0
529,515,0
530,516,0
532,518,0
533,519,0
534,520,0
535,521,0
536,522,0
537,523,0
539,525,0
540,526,0
541,527,0
542,528,0
543,529,0
548,534,0
549,535,0
551,537,0
553,539,0
555,541,0
559,545,0
560,546,0
562,548,0
563,549,0
564,550,0
565,551,0
566,552,0
567,553,0
568,554,0
569,555,0
570,556,0
571,557,0
572,558,0
573,559,0
574,560,0
575,561,0
576,562,0
578,564,0
579,565,0
580,566,0
581,567,0
582,568,0
583,569,0
584,568,0
585,570,0
589,573,0
590,574,0
593,577,0
594,564,0
596,579,0
597,580,0
598,581,0
600,583,0
601,584,0
602,585,0
604,586,0
605,587,0
606,588,0
607,589,0
608,590,0
609,591,0
610,592,0
612,593,0
614,595,0
615,596,0
617,503,0
618,423,0
619,598,0
620,599,0
622,601,0
623,602,0
625,604,0
627,606,0
628,607,0
630,609,0
631,610,0
633,612,0
635,614,0
636,615,0
637,616,0
639,618,0
641,620,0
642,621,0
643,622,0
645,624,0
646,625,0
647,626,0
648,627,0
649,628,0
652,631,0
653,632,0
654,633,0
658,637,0
659,638,0
660,639,0
661,640,0
663,642,0
664,643,0
665,644,0
667,646,0
670,649,0
671,650,0
673,652,0
674,653,0
675,654,0
676,655,0
677,656,0
679,658,0
681,660,1
682,661,0
684,663,0
685,664,0
686,665,0
687,666,0
688,667,0
689,668,0
693,672,0
694,673,0
696,675,0
697,676,0
698,677,0
699,678,0
701,680,0
702,681,0
706,685,0
707,686,0
709,688,0
710,689,0
711,690,0
712,691,0
714,693,0
716,695,0
718,697,0
719,698,0
720,699,0
721,700,0
722,701,0
723,702,0
728,706,0
729,707,0
731,709,0
733,711,0
735,713,0
736,714,0
737,715,0
738,716,0
739,717,0
740,718,0
741,719,0
743,721,0
744,722,0
745,723,0
747,725,0
749,727,0
750,728,0
752,730,0
753,731,0
754,732,0
755,733,0
756,734,0
758,736,0
759,737,0
760,738,0
762,740,0
763,741,0
764,742,0
765,743,0
769,747,0
771,749,0
773,751,0
774,752,0
775,753,0
776,754,0
777,755,0
778,756,0
779,757,0
780,758,0
781,759,0
782,760,0
783,761,0
785,763,0
786,764,0
787,765,0
789,767,0
790,768,0
792,770,0
794,772,0
795,773,0
796,774,0
798,776,0
799,777,0
801,779,0
803,781,0
804,782,0
806,773,0
808,785,0
809,786,0
810,787,0
811,788,0
813,790,0
816,793,0
819,796,0
820,797,1
821,798,0
822,799,0
823,800,0
825,802,0
826,803,0
827,804,0
828,805,0
829,806,0
830,807,0
831,808,0
832,809,1
834,811,0
835,812,0
838,815,0
839,816,0
841,818,0
842,819,0
843,820,0
845,822,0
847,824,0
848,825,0
849,826,0
850,827,0
851,828,0
852,829,0
853,830,0
854,831,0
855,832,0
856,833,1
858,835,0
859,836,0
860,837,0
861,835,0
863,839,0
865,841,0
866,842,0
867,843,0
869,845,0
870,846,1
874,849,0
875,850,0
877,852,0
880,855,0
881,856,0
882,857,0
883,858,0
885,860,0
886,861,0
888,863,0
890,865,0
891,866,0
892,867,0
893,868,0
895,870,0
896,871,0
897,872,0
900,875,0
901,876,0
902,877,0
903,878,0
904,879,0
906,881,0
907,882,0
908,883,0
910,885,0
911,886,0
912,887,0
913,888,0
914,889,0
917,892,0
919,894,0
920,895,0
922,897,0
923,898,0
924,899,0
925,900,0
928,903,0
930,905,0
932,907,0
933,908,0
934,909,0
935,910,0
936,911,0
937,912,0
941,916,0
942,917,0
944,917,0
945,919,0
946,920,0
947,921,0
948,922,0
949,923,0
950,924,0
951,925,0
952,926,0
953,927,0
954,928,0
956,930,0
958,932,0
960,934,0
961,935,0
962,936,0
963,937,0
964,938,0
965,930,0
966,939,0
967,938,0
969,941,0
970,942,0
971,943,0
973,945,0
974,946,0
976,948,0
978,950,0
980,952,0
981,953,0
982,954,0
983,955,0
984,956,0
986,956,0
987,958,0
988,959,0
989,960,0
991,962,0
993,964,0
995,966,0
997,968,0
998,969,0
1000,971,0
1001,972,0
1002,973,0
1005,976,0
1006,977,0
1008,978,0
1009,979,0
1010,980,0
1011,981,0
1013,983,0
1014,984,0
1016,985,0
1018,987,0
1020,985,0
1021,989,0
1022,990,0
1023,991,0
1024,992,0
1025,993,0
1027,995,0
1028,996,0
1030,998,0
1031,999,0
1032,1000,0
1034,1002,0
1035,1003,0
1036,1004,0
1038,1006,0
1039,1007,0
1040,1008,0
1041,1009,0
1042,1010,0
1043,1011,0
1044,1012,0
1045,1013,0
1046,1014,0
1049,1017,0
1050,1018,0
1051,1019,0
1053,1021,0
1054,1022,0
1055,1023,0
1056,808,0
1057,1024,0
1059,1026,0
1062,1029,0
1063,1030,0
1064,1031,0
1066,1033,0
1067,1034,0
1068,1035,0
1069,1036,0
1070,1037,0
1071,1038,0
1072,1039,0
1073,1040,0
1074,1041,0
1075,1042,0
1076,1043,0
1078,1045,1
1079,1046,0
1081,1048,0
1083,1049,0
1084,1050,0
1085,1051,0
1086,1052,0
1087,1053,0
1088,895,0
1089,1054,0
1090,1055,0
1091,1056,0
1092,1057,0
1094,1059,0
1095,1060,0
1098,1063,0
1099,1064,0
1100,1065,0
1101,1066,0
1102,1067,0
1103,1068,0
1104,1069,0
1105,1070,0
1106,1071,0
1107,1072,0
1108,1073,0
1109,1074,0
1110,1075,0
1111,1076,0
1112,1077,0
1113,1078,0
1114,1079,1
1115,1080,0
1116,1081,0
1117,1082,0
1118,1083,0
1119,1084,0
1121,1086,0
1122,1087,0
1123,1088,0
1124,1089,0
1126,1091,0
1127,1092,0
1128,1093,0
1129,1094,0
1131,1096,0
1132,1097,0
1133,1098,0
1134,1099,0
1135,1099,0
1136,1100,0
1137,1101,0
1139,1103,0
1140,1104,0
1141,1105,0
1142,1106,0
1143,1107,0
1144,1108,0
1146,1110,0
1147,1111,0
1149,1113,0
1150,1114,0
1151,1115,0
1152,1116,0
1153,1117,0
1154,1118,0
1155,1119,0
1157,1121,0
1159,1123,0
1161,1125,0
1162,1126,0
1163,1127,0
1164,1128,0
1165,1129,0
1166,1130,1
1167,1131,0
1168,1132,0
1169,1133,0
1171,1135,0
1173,1137,0
1175,1139,0
1176,1140,0
1177,1141,0
1179,1143,0
1181,1145,0
1182,1146,0
1183,1147,0
1184,1148,0
1187,1151,0
1189,1153,1
1190,1154,0
1191,1155,0
1192,1156,0
1193,1157,0
1194,1156,0
1195,1158,0
1198,1161,0
1199,1162,0
1200,1163,0
1201,1164,0
1203,1166,0
1204,1167,0
1205,1168,0
1206,1169,0
1208,1171,0
1209,1172,0
1212,1175,0
1213,1176,0
1214,1177,0
1215,1178,0
1219,1182,0
1221,1184,0
1222,1185,0
1223,1184,0
1226,1188,0
1227,1189,0
1228,1190,0
1229,1191,0
1230,1192,0
1231,1193,0
1233,1195,1
1234,1137,0
1235,1196,0
1236,1197,0
1237,1198,0
1239,1200,0
1240,1201,0
1241,1202,0
1242,1203,0
1243,1204,0
1245,1206,0
1246,1207,0
1247,1208,0
1248,1209,0
1249,1210,0
1250,1211,0
1251,1206,0
1252,1212,0
1253,1213,0
1255,1215,0
1256,1216,1
1257,1217,0
1259,1210,0
1260,1219,0
1269,1226,0
1272,1229,0
1273,1230,0
1274,1231,0
1275,1232,0
1279,1236,0
1280,1237,0
1283,1240,0
1285,1242,0
1289,1245,0
1290,1246,0
1291,1247,0
1292,1248,0
1293,1249,0
1294,1250,0
1295,1251,0
1296,1252,0
1297,1253,0
1298,1254,0
1300,1256,0
1302,1258,0
1303,1259,0
1305,1261,0
1306,1262,0
1307,1263,0
1310,1266,0
1311,1267,0
1312,1268,0
1314,1270,0
1316,1272,0
1319,1275,1
1320,1276,0
1324,1280,0
1327,1283,0
1328,1284,0
1329,1285,0
1330,1286,0
1331,1287,0
1332,1288,0
1333,1289,0
1334,1290,0
1336,1292,0
1337,1293,0
1338,1294,0
1339,1295,0
1341,1297,0
1342,1298,0
1343,1299,0
1344,1300,0
1345,1301,0
1346,1254,0
1347,1302,0
1348,1303,1
1351,1306,0
1353,1308,0
1354,1309,0
1355,1310,0
1356,1311,0
1358,1313,0
1359,1314,0
1362,1317,0
1363,1318,0
1365,1320,0
1366,1321,0
1367,1322,0
1368,1323,0
1369,1324,0
1370,1325,0
1371,1326,0
1372,1327,0
1374,1329,0
1375,1330,0
1378,1333,0
1379,1334,0
1381,1336,0
1382,1337,0
1383,1338,0
1384,1339,0
1385,1340,0
1386,1341,0
1387,1342,0
1391,1345,0
1393,1347,0
1396,1349,1
1397,1350,0
1399,1350,0
1400,1352,0
1401,1353,0
1402,1354,0
1403,1355,0
1405,1357,0
1406,1358,0
1408,1360,0
1412,1364,0
1413,1365,0
1414,1366,0
1415,1367,0
1417,1369,0
1419,1371,0
1421,1372,0
1422,1373,0
1424,1375,0
1425,1376,0
1426,1377,0
1427,1378,0
1428,1379,0
1429,1380,0
1432,1383,0
1436,1387,0
1438,1389,0
1439,1390,0
1442,1393,1
1444,1395,1
1445,1396,0
1446,1397,0
1447,1398,0
1449,1400,0
1451,1402,0
1452,1403,0
1457,1408,0
1458,1409,0
1460,1411,0
1461,1412,0
1462,1413,0
1464,1415,0
1465,1416,0
1466,1417,0
1467,1418,0
1468,1419,0
1469,1420,0
1470,1421,0
1471,1422,0
1472,1423,0
1473,1424,0
1476,1427,0
1477,1428,0
1479,1430,0
1480,1431,0
1483,1434,0
1484,1435,0
1486,1437,0
1488,1439,0
1490,1441,0
1491,1442,0
1492,1443,0
1493,1444,0
1494,1445,0
1498,1449,0
1501,1452,1
1503,1454,0
1504,1455,0
1505,1456,0
1507,1458,0
1509,1460,0
1510,1461,0
1512,1463,0
1513,1464,0
1514,1465,0
1515,1466,0
1516,1467,0
1518,1469,0
1520,1471,0
1521,1472,0
1523,1474,0
1527,1478,0
1529,1480,0
1530,1481,0
1531,1482,0
1532,1483,0
1533,1484,0
1534,1485,0
1535,1486,0
1537,1488,0
1538,1489,0
1539,1490,0
1540,1491,0
1541,1387,0
1542,1492,0
1543,1493,0
1545,1495,0
1546,1496,0
1547,1497,0
1548,1498,0
1549,1499,0
1551,1500,0
1552,1501,0
1553,1502,0
1555,1390,0
1556,1504,0
1557,1505,0
1558,1506,0
1559,1507,0
1560,1508,0
1562,1510,0
1563,1511,0
1564,1512,0
1565,1513,0
1566,1514,0
1567,1515,0
1570,1518,0
1571,1519,0
1572,1520,0
1573,1521,0
1574,1522,0
1575,1523,0
1576,1524,0
1577,1525,0
1579,1527,0
1580,1528,0
1581,1529,0
1582,1530,0
1583,1531,0
1584,1532,0
1585,1533,0
1586,1534,0
1587,1535,0
1589,1537,0
1590,1538,0
1591,1539,0
1592,1540,0
1593,1541,0
1594,1542,0
1595,1543,0
1596,1544,0
1597,1545,0
1598,1546,0
1599,1547,0
1600,1548,0
1601,1549,0
1602,1549,0
1603,1550,0
1604,1551,0
1605,1552,0
1607,1554,0
1609,1556,0
1610,1557,0
1611,1558,0
1612,1559,0
1614,1561,0
1615,1562,0
1616,1563,0
1618,1565,0
1619,1566,0
1620,1567,0
1621,1568,0
1622,1569,0
1623,1570,0
1624,1571,0
1626,1573,0
1627,1574,0
1628,1575,0
1629,1576,0
1630,1577,0
1631,1578,0
1632,1579,1
1633,1580,0
1635,1582,0
1636,1583,1
1637,1584,0
1638,1585,0
1639,1586,0
1642,1589,0
1643,1590,0
1644,1591,0
1645,1592,0
1646,1593,0
1648,1595,0
1650,1597,0
1651,1598,0
1652,1599,0
1653,1600,0
1655,1602,1
1656,1603,0
1657,1604,0
1658,1598,0
1659,1605,0
1660,1606,0
1661,1607,0
1662,1608,0
1665,1611,0
1666,1612,0
1668,1614,0
1669,1615,0
1670,1616,0
1672,1618,0
1673,1619,0
1674,1620,0
1675,1621,0
1677,1620,0
1678,1623,0
1679,1624,0
1680,1625,0
1681,1626,0
1682,1627,0
1684,1629,0
1686,1631,0
1687,1632,0
1688,1633,0
1689,1634,0
1690,1635,0
1691,1636,1
1693,1638,0
1694,1639,0
1695,1640,0
1696,1641,0
1697,1641,0
1698,1642,0
1700,1644,0
1701,1645,0
1702,1646,0
1705,1649,0
1706,1649,0
1707,1650,0
1708,1651,0
1709,1652,0
1710,1653,0
1711,1654,0
1712,1655,0
1713,1656,0
1714,1657,0
1715,1658,0
1717,1660,0
1721,1664,0
1722,1665,0
1725,1668,1
1726,1669,0
1729,1672,0
1730,1673,0
1732,1675,0
1734,1677,0
1735,1678,0
1736,1679,0
1739,1680,0
1741,1682,0
1742,1683,0
1743,1684,0
1746,1687,0
1747,1688,0
1748,1689,0
1749,1690,0
1750,1691,0
1751,1692,0
1752,1693,0
1756,1697,0
1757,1698,0
1758,1699,0
1760,1701,0
1761,1702,0
1762,1703,0
1765,1705,0
1766,1706,0
1767,1707,0
1769,1708,0
1770,1709,0
1772,1711,0
1774,1713,0
1775,1714,0
1776,1715,0
1777,1716,0
1779,1718,0
1780,1719,0
1781,1720,0
1782,1721,0
1783,1722,0
1784,1723,0
1785,1724,0
1789,1728,0
1790,1729,0
1791,1730,1
1793,1732,0
1794,1733,0
1795,1734,0
1796,1735,0
1799,1738,0
1801,1739,0
1802,1740,0
1804,1742,0
1806,1744,0
1807,1745,0
1808,1746,0
1810,1748,0
1812,1750,0
1815,1753,0
1816,1754,0
1818,1756,0
1819,1757,1
1820,1758,0
1821,1759,0
1822,1760,0
1823,1761,0
1824,1762,0
1825,1763,0
1826,1673,0
1827,1631,0
1828,1764,0
1829,1765,0
1831,1767,0
1832,1768,0
1834,1770,0
1835,1771,0
1839,1775,0
1840,1776,0
1841,1777,0
1844,1780,0
1845,1781,0
1846,1782,0
1847,1783,0
1848,1784,0
1849,1785,0
1850,1786,0
1851,1787,0
1852,1788,0
1854,1790,0
1856,1792,0
1857,1793,0
1859,1795,0
1860,1796,0
1861,1797,0
1862,1798,0
1863,1799,0
1864,1800,0
1865,1801,0
1867,1803,0
1868,1804,0
1869,1805,0
1870,1806,0
1871,1807,0
1874,1810,0
1876,1812,0
1878,1814,0
1880,1816,0
1881,1817,0
1882,1818,0
1883,1819,0
1884,1820,0
1885,1821,0
1886,1822,0
1887,1823,0
1889,1825,0
1890,1826,0
1891,1827,0
1892,1828,0
1893,1829,0
1896,1832,0
1897,1833,0
1898,1834,0
1899,1835,0
1900,1836,0
1902,1838,0
1903,1839,0
1904,1840,0
1905,1841,0
1906,1842,0
1907,1843,0
1908,1844,0
1910,1846,0
1911,1847,0
1915,1851,0
1917,1853,0
1918,1854,0
1920,1856,0
1921,1857,0
1925,1861,0
1926,1862,0
1928,1864,0
1929,1865,0
1930,1866,0
1931,1867,0
1932,1868,0
1934,1870,0
1937,1873,0
1938,1874,0
1941,1877,0
1942,1878,0
1943,1879,0
1944,1880,0
1945,1881,0
1946,1882,0
1948,1884,0
1949,1885,0
1951,1887,0
1952,1888,0
1953,1889,0
1954,1890,0
1955,1891,0
1956,1892,0
1959,1894,0
1960,1895,0
1961,1896,0
1962,1897,0
1963,1898,0
1964,1899,0
1965,1900,0
1967,1902,0
1968,1903,0
1971,1906,0
1972,1907,0
1973,1908,0
1974,1909,0
1976,1911,0
1977,1912,0
1979,1914,0
1980,1915,0
1984,1918,0
1985,1919,0
1986,1920,0
1989,1923,0
1990,1924,0
1991,1925,0
1993,1927,0
1995,1929,0
1996,1930,0
1997,1931,0
1998,1932,0
2000,1934,0
2002,1936,1
2003,1937,0
2005,1939,0
2007,1941,0
2008,1942,0
2009,1943,0
2010,1944,0
2011,1945,0
2013,1947,0
2015,1949,0
2017,1951,0
2018,1952,0
2019,1953,0
2020,1954,0
2022,1956,0
2023,1957,0
2025,1959,0
2026,1960,0
2027,1961,0
2030,1964,0
2032,1966,0
2036,1970,0
2037,1971,0
2038,1972,0
2040,1974,0
2042,1976,0
2043,1977,0
2044,1978,0
2045,1979,0
2046,1980,0
2047,1981,0
2048,1982,0
2049,1982,0
2051,1984,0
2052,1985,0
2054,1987,0
2055,1988,0
2056,1989,0
2057,1990,0
2058,1991,0
2061,1993,0
2063,1995,0
2064,1996,1
2065,1997,0
2066,1998,0
2067,1999,0
2068,2000,0
2069,2001,0
2070,2002,0
2072,1979,0
2073,2004,0
2074,2005,0
2075,2006,0
2076,2007,0
2077,2008,0
2079,2010,0
2080,2011,0
2081,2012,0
2082,2013,0
2083,2014,0
2084,2015,0
2085,2016,0
2086,92,0
2088,2018,0
2089,2019,0
2090,2020,0
2092,2022,0
2093,2023,0
2094,2024,0
2097,2027,0
2099,2029,0
2100,2030,0
2101,2031,0
2102,2032,0
2103,2033,0
2106,2036,0
2108,2038,0
2110,2040,0
2111,2041,0
2112,2042,0
2114,2042,0
2115,2044,0
2116,2045,0
2117,2046,0
2118,2046,0
2119,2047,0
2120,2048,0
2122,2050,0
2123,2051,0
2124,2052,0
2125,2053,0
2129,2057,0
2130,2058,0
2132,2060,0
2133,2061,0
2134,2062,0
2136,2064,0
2137,2065,0
2138,2066,0
2139,2067,0
2140,2068,0
2143,2071,0
2146,2074,0
2147,2075,0
2148,18,0
2150,2077,0
2151,2078,0
2153,2080,0
2154,2081,0
2155,2082,0
2156,2083,0
2157,2084,0
2159,2086,0
2160,2087,0
2162,2088,0
2163,2086,0
2164,299,0
2165,2089,0
2167,2091,0
2168,2092,0
2170,2094,0
2171,2095,0
2172,2096,0
2175,2099,0
2176,2100,0
2177,2101,0
2178,2102,0
2179,2103,0
2180,2104,0
2182,2106,0
2183,2107,0
2184,2108,0
2186,2110,0
2187,2111,0
2188,2112,0
2190,2114,0
2191,2115,0
2192,2116,0
2193,2091,0
2195,2118,0
2196,2119,0
2197,2120,0
2200,2123,0
2202,2125,0
2203,2126,0
2204,2127,0
2205,2128,0
2206,2071,0
2208,2130,0
2210,2132,0
2211,1945,0
2212,2133,0
2213,2134,0
2218,2139,0
2220,2141,0
2224,2145,0
2225,2146,0
2226,2147,0
2227,2148,0
2229,2150,0
2230,2151,0
2232,2153,0
2233,2154,0
2234,2155,0
2235,2156,0
2236,2157,0
2237,2158,0
2239,2160,0
2241,2130,0
2243,2163,0
2244,2164,0
2245,2165,0
2247,2167,0
2249,2169,0
2250,2170,0
2251,2171,0
2252,2172,0
2253,2173,0
2254,2174,0
2257,2177,1
2259,2179,0
2261,2181,0
2262,2182,0
2264,2184,0
2265,2185,0
2266,2186,0
2268,2188,0
2270,2190,0
2271,2191,0
2272,2192,0
2273,2193,0
2274,2194,0
2275,2195,1
2277,2197,0
2278,2198,0
2279,2199,0
2280,2200,0
2282,2202,0
2285,2205,0
2286,2206,0
2288,2208,0
2290,2210,0
2291,2211,0
2292,2212,0
2293,2213,0
2294,2214,0
2295,2215,0
2296,2216,0
2298,2218,0
2300,2220,0
2301,2218,0
2302,2221,0
2303,2222,0
2304,2223,0
2305,2224,1
2314,2233,0
2315,2234,1
2316,2235,1
2318,2237,0
2319,2238,0
2320,2239,0
2321,2240,0
2323,2242,0
2324,2243,0
2326,2245,0
2327,2246,0
2328,2246,0
2329,2247,0
2330,2248,1
2331,2249,0
2334,2252,0
2336,2254,0
2339,2257,0
2340,2258,0
2344,2260,0
2345,2261,0
2346,2262,0
2347,2263,0
2349,2263,0
2350,2265,0
2352,2267,0
2353,2268,0
2354,2269,0
2356,2271,0
2357,2267,0
2359,2273,0
2361,2275,0
2362,2276,0
2363,2277,0
2364,2278,0
2366,2280,0
2367,2263,0
2368,2281,0
2369,2282,0
2371,2284,0
2372,2285,0
2373,2286,0
2374,2287,0
2375,2288,0
2376,2289,0
2377,2290,0
2379,2290,0
2380,2292,0
2381,2293,0
2383,2295,0
2386,2298,0
2387,2299,0
2390,2301,0
2391,2302,0
2392,2303,0
2393,2304,0
2394,2305,0
2395,2306,0
2396,2307,0
2397,2308,0
2398,2309,0
2399,2310,0
2403,2314,0
2405,2316,0
2406,2317,1
2407,2318,0
2409,2320,0
2410,2321,0
2412,2323,0
2413,2324,0
2415,2325,0
2416,2326,0
2417,2314,1
2418,2327,0
2419,2328,0
2420,2329,0
2424,2333,1
2426,2335,0
2427,2336,0
2428,2337,0
2430,2339,0
2431,2340,0
2432,2341,0
2433,2342,0
2435,2344,0
2436,2345,0
2437,2346,0
2438,2347,0
2439,2348,0
2440,2282,0
2442,2350,0
2443,2351,0
2445,2353,0
2446,2354,0
2449,2357,1
2450,2358,0
2451,2359,0
2452,2360,0
2453,2361,0
2455,2363,0
2456,2364,0
2457,2365,0
2458,2366,0
2459,2367,0
2462,2370,0
2463,2371,0
2465,2373,0
2466,2374,0
2468,2376,0
2469,2377,0
2471,2379,0
2472,2380,0
2473,2381,1
2474,2382,0
2475,2383,0
2476,2384,0
2477,2385,0
2478,2386,0
2480,2388,0
2481,2374,0
2482,2389,0
2483,2390,0
2486,2393,0
2488,2395,0
2490,2397,0
2495,2354,0
2498,2404,0
2499,2405,0
2501,2342,0
2502,2407,0
2503,2408,0
2505,2410,0
2506,2411,0
2507,2258,0
2508,2412,0
2509,2413,0
2510,2414,0
2512,2416,0
2513,2417,0
2515,2419,0
2516,2420,0
2517,2421,0
2519,2423,0
2522,2426,0
2523,2427,0
2524,2428,0
2525,2429,0
2527,2431,0
2528,2432,0
2529,2433,0
2530,2434,0
2531,2435,0
2532,2436,0
2533,2437,0
2534,2438,0
2535,2439,0
2536,2440,0
2537,2441,0
2538,2442,0
2540,2444,0
2541,2445,0
2543,2447,0
2545,2449,0
2546,2450,0
2548,2452,0
2549,2453,0
2551,2455,0
2552,2456,0
2553,2457,0
2554,2458,0
2555,2459,0
2556,2460,0
2557,2461,0
2558,2462,0
2560,2464,0
2561,2465,0
2562,2466,0
2563,2467,0
2566,2470,0
2567,2471,0
2568,2472,0
2569,2473,0
2570,2474,0
2572,2476,0
2573,2477,0
2574,2478,0
2575,2479,0
2576,2480,0
2577,2481,0
2578,2482,0
2579,2483,0
2580,2484,0
2581,2485,0
2582,2486,0
2583,2200,0
2584,2487,0
2586,2489,0
2587,2490,0
2589,2492,0
2590,2493,0
2591,2494,0
2592,2495,0
2593,2496,0
2595,2498,0
2596,2499,0
2597,2500,0
2598,2501,0
2600,2503,0
2602,2505,0
2605,2508,0
2606,2509,0
2608,2511,0
2609,2512,0
2610,2513,0
2611,2514,0
2614,2517,0
2615,2518,0
2616,2519,0
2619,2522,0
2620,2523,0
2621,2524,0
2622,2525,0
2623,2526,0
2624,2527,0
2625,2528,0
2626,2529,0
2627,2464,0
2628,2530,0
2629,2531,0
2630,2532,0
2634,2536,0
2637,2539,0
2638,2540,0
2640,2542,0
2641,2543,0
2642,2544,0
2643,2545,0
2644,2546,0
2645,2547,1
2648,2550,0
2649,2551,0
2650,2552,0
2651,2553,0
2653,2555,0
2654,2556,0
2655,2557,0
2656,2558,0
2658,2560,0
2659,2561,0
2661,2563,0
2662,2564,0
2663,2565,0
2664,2566,0
2665,2567,0
2669,2571,0
2672,2574,0
2674,2576,0
2677,2579,0
2678,2580,0
2679,2581,0
2680,2582,0
2682,2584,0
2683,2585,0
2684,2586,1
2685,2587,0
2686,2588,0
2687,2589,0
2688,2590,0
2689,2591,0
2690,2592,0
2691,2593,0
2693,2595,0
2694,2596,0
2695,2597,0
2696,2598,0
2697,2599,1
2698,2600,0
2700,2602,0
2703,2605,0
2704,2606,0
2705,2607,0
2706,2608,0
2707,2609,0
2709,2611,0
2710,2612,0
2711,2613,0
2712,2614,0
2713,2615,1
2714,2616,0
2715,2617,0
2716,2618,0
2717,2619,0
2718,2620,0
2719,2621,0
2720,2622,0
2721,2623,0
2723,2625,0
2724,2626,0
2725,2627,0
2726,2628,0
2727,2629,0
2728,2630,0
2729,2631,0
2730,2632,0
2732,2634,0
2735,2637,0
2736,2638,0
2737,2639,0
2738,2640,0
2739,2641,0
2742,2643,0
2745,2646,0
2746,2647,0
2747,2648,0
2748,2649,0
2750,2651,0
2751,2652,0
2753,2654,0
2755,2656,1
2757,2658,0
2758,2659,0
2759,2660,0
2760,2661,0
2761,2662,0
2762,2663,0
2763,2664,1
2764,2665,0
2765,2666,0
2766,2667,0
2767,2668,0
2768,2669,0
2769,2670,0
2770,2671,0
2771,2672,0
2774,2675,0
2777,2678,0
2780,2681,0
2781,2682,0
2782,2683,0
2783,2684,0
2784,2685,0
2785,2686,0
2786,2687,0
2788,2689,0
2790,2691,0
2791,2692,0
2792,2693,0
2794,2695,0
2795,2696,0
2796,2697,0
2797,2698,0
2798,2699,0
2799,2700,0
2801,2702,0
2802,2703,0
2804,2705,0
2806,2706,0
2807,2705,0
2808,2707,0
2811,2710,0
2812,2711,0
2813,2712,0
2814,2703,0
2815,2713,0
2818,2716,0
2819,2717,0
2820,2718,0
2821,2719,0
2822,2720,0
2823,2721,0
2824,2722,0
2825,2723,0
2830,2728,0
2833,2731,0
2834,2732,0
2835,2733,0
2838,2736,0
2839,2737,0
2840,2738,0
2844,2742,0
2845,2743,0
2846,2744,0
2847,2745,0
2848,2746,0
2850,2748,0
2853,2751,1
2854,2752,0
2856,2753,0
2857,2754,0
2859,2756,0
2860,2757,0
2861,2758,0
2864,2761,0
2866,2763,0
2868,2765,0
2869,2766,0
2870,2767,0
2871,2768,0
2874,2771,0
2876,2773,0
2878,2775,0
2879,2776,0
2881,2771,0
2882,2778,0
2883,2779,0
2884,2780,0
2885,2781,0
2886,2782,0
2887,2783,0
2888,2784,0
2890,2786,0
2891,2787,0
2895,2791,0
2896,2792,0
2897,2793,0
2898,2794,0
2899,2795,0
2900,2796,0
2901,2797,0
2902,2798,0
2904,2800,0
2906,2802,0
2910,2806,0
2911,2807,0
2912,2808,0
2913,2809,0
2914,2810,0
2915,2811,0
2917,2813,0
2918,2814,0
2920,2816,0
2921,2817,0
2922,2818,0
2924,2820,0
2926,2822,0
2927,2823,0
2933,2813,0
2934,2828,0
2935,2829,0
2936,2830,0
2937,2831,0
2939,2833,0
2940,2834,0
2942,2836,0
2943,2837,0
2945,2839,0
2946,2840,0
2947,2841,0
2948,2842,0
2950,2844,0
2951,2845,0
2952,2846,0
2953,2847,0
2954,2848,0
2955,2849,0
2958,2852,0
2959,2853,0
2960,2854,0
2961,2855,0
2962,2856,0
2965,2859,0
2968,2862,0
2970,2864,0
2971,2865,0
2972,2866,0
2973,2867,0
2974,2868,0
2976,2870,0
2977,2871,0
2978,2620,0
2980,2873,0
2981,2874,0
2982,2875,0
2984,2877,0
2985,2878,0
2987,2880,0
2988,2881,0
2989,2882,0
2990,2883,0
2997,2890,0
2998,2891,0
3002,2894,0
3003,2895,0
3004,2896,0
3006,2898,0
3007,2899,0
3008,2900,0
3010,2902,0
3011,2903,0
3012,2904,0
3013,2905,0
3014,2906,0
3015,2907,0
3016,2908,0
3018,2910,0
3019,2911,0
3020,2912,0
3023,2915,0
3024,2916,0
3025,2917,0
3027,2919,0
3028,2920,0
3029,2921,0
3030,2922,0
3032,2924,0
3033,2925,0
3034,2926,0
3035,2927,0
3036,2928,0
3037,2929,0
3039,2931,0
3040,2932,0
3041,2933,0
3043,2935,0
3044,2936,0
3046,2938,0
3048,2940,0
3049,2941,0
3050,2942,0
3052,2944,0
3055,2768,0
3056,2947,0
3058,2949,0
3059,2950,0
3061,2952,0
3063,2954,0
3064,2955,0
3065,2956,0
3066,2957,0
3067,2958,0
3070,2961,0
3071,2962,0
3072,2963,0
3073,2964,0
3074,2965,0
3075,2966,0
3076,2967,0
3078,2969,0
3079,2970,0
3080,2971,0
3081,2972,0
3082,2973,0
3084,2975,0
3085,2976,0
3087,2978,0
3088,2979,0
3089,2980,0
3090,2981,1
3091,2982,0
3093,2984,0
3096,2987,0
3099,2990,0
3100,2991,0
3101,2992,0
3102,2993,0
3105,2996,0
3106,2997,0
3108,2999,0
3109,3000,0
3110,3001,0
3111,3000,0
3113,3003,1
3114,3004,0
3115,3005,0
3116,3006,0
3117,3007,0
3118,3008,0
3119,3009,0
3120,3010,0
3121,3011,0
3123,3013,0
3124,3014,0
3125,3015,0
3126,3016,0
3128,3018,0
3129,3019,0
3130,3020,0
3131,3021,0
3132,3022,0
3133,3023,0
3134,3024,0
3137,3027,0
3138,3028,0
3139,3029,0
3140,3030,0
3141,3031,0
3143,3033,0
3146,3036,0
3149,3039,0
3151,3041,0
3152,3042,0
3154,3044,0
3155,3045,0
3156,3046,0
3159,3049,0
3160,3050,0
3161,3051,0
3162,3052,0
3164,3054,0
3165,3055,0
3166,3056,0
3167,3057,0
3168,3058,0
3169,3059,0
3170,3060,0
3173,3063,0
3174,3064,1
3175,3065,0
3176,3066,0
3183,3072,1
3185,3074,0
3186,3075,0
3188,3077,0
3189,3078,0
3190,3079,0
3191,3080,0
3192,3081,0
3194,3083,0
3195,3084,0
3196,3085,0
3197,3086,0
3198,3087,0
3199,3088,0
3201,3090,0
3202,3091,0
3203,3092,1
3204,3093,0
3206,3095,0
3207,3096,0
3208,3097,0
3211,3100,0
3212,3101,0
3213,3102,0
3216,3100,0
3219,3107,1
3220,3108,0
3221,3109,0
3222,3110,0
3223,3111,1
3225,3113,0
3227,3115,0
3228,3116,0
3229,3117,0
3230,3118,0
3231,3119,0
3233,3121,0
3234,3122,0
3235,3123,0
3236,3124,0
3237,3125,0
3238,3126,0
3239,3127,0
3240,3128,0
3241,3129,0
3243,3131,0
3244,3132,0
3245,3133,0
3246,3134,0
3247,3135,0
3248,3136,0
3249,3137,0
3251,3139,0
3253,3141,0
3255,3143,0
3256,3144,0
3260,3148,0
3263,3151,0
3264,3152,1
3265,3153,0
3267,3155,0
3268,3156,0
3269,3157,0
3270,3158,0
3271,3159,0
3272,3160,0
3273,3161,0
3274,3096,0
3276,3163,0
3278,3165,0
3282,3169,0
3283,3170,0
3284,3171,0
3285,3172,0
3287,3174,0
3288,3175,0
3289,3176,0
3294,3181,0
3295,3182,0
3296,3183,0
3298,3185,0
3299,3186,0
3300,3187,0
3301,3188,0
3302,3189,0
3303,3190,0
3304,3191,0
3305,3192,0
3306,3193,0
3307,3194,0
3308,3195,0
3310,3197,0
3312,3199,0
3313,3200,0
3314,3201,0
3316,3203,0
3317,3204,0
3318,3205,0
3319,3206,0
3321,3208,0
3322,3209,0
3323,3210,0
3324,3211,0
3325,3212,0
3326,3213,0
3328,3215,0
3329,3216,0
3331,3218,0
3332,3219,0
3333,3220,0
3335,3222,0
3337,3224,0
3341,3228,0
3343,3230,0
3344,3231,0
3345,3232,0
3347,3234,0
3348,3235,0
3349,3236,0
3350,3237,0
3351,3238,0
3353,3240,0
3354,3241,0
3355,3242,0
3358,3244,0
3360,3246,0
3361,3247,0
3362,3181,0
3364,3249,0
3365,3250,0
3368,3253,0
3369,3254,0
3371,3256,0
3372,3257,0
3374,3259,0
3375,3260,0
3376,3261,0
3377,3262,0
3378,3263,0
3379,3264,0
3380,3265,0
3381,3266,1
3382,3267,0
3383,3268,0
3384,3269,1
3385,3270,0
3386,3271,0
3387,3272,0
3388,3273,0
3389,3274,0
3390,3275,0
3392,3277,0
3393,3278,0
3394,3279,0
3395,3280,1
3396,3281,0
3397,3282,0
3398,3283,0
3399,3284,0
3403,3288,0
3404,3289,0
3405,3290,0
3407,3292,0
3409,3294,0
3410,3295,0
3411,3296,0
3412,3297,0
3413,3298,0
3414,3299,0
3415,3300,0
3418,3303,0
3422,3307,0
3424,3309,0
3427,3312,1
3428,3313,0
3429,3314,0
3430,3315,0
3432,3317,0
3433,3318,0
3434,3319,0
3435,3320,0
3437,3322,0
3438,3323,0
3440,3325,0
3443,3328,0
3445,3330,0
3446,3331,0
3447,3332,0
3448,3333,0
3450,3334,0
3451,3335,0
3452,3336,0
3453,3337,1
3454,3338,0
3455,3339,0
3456,3340,0
3457,3341,0
3458,3342,0
3459,3343,0
3460,3344,0
3461,3345,0
3464,3348,0
3465,3349,0
3466,3350,0
3467,3351,0
3468,3352,0
3469,3353,0
3472,3356,0
3476,3360,0
3477,3361,0
3478,3362,0
3479,3363,0
3480,3364,0
3483,3367,0
3484,3368,0
3485,3369,0
3486,3370,0
3488,3372,0
3489,3373,0
3491,3375,0
3493,3377,0
3494,3378,0
3495,3379,0
3496,3380,0
3497,3381,0
3498,3382,0
3500,3384,0
3501,3385,0
3504,3388,0
3505,3389,0
3507,3391,0
3509,3393,0
3510,3394,0
3516,3400,0
3518,3402,0
3519,3403,0
3520,3404,0
3521,3405,0
3526,3410,0
3527,3411,0
3528,3412,0
3529,3413,0
3530,3414,0
3531,3415,0
3532,3416,0
3533,3417,0
3534,3418,0
3536,3420,0
3538,3422,0
3539,3423,0
3540,3424,0
3541,3425,1
3543,3427,0
3544,3428,0
3546,3430,0
3548,3432,0
3549,3433,0
3550,3434,0
3551,3435,0
3553,3437,0
3554,3438,0
3555,3439,0
3556,3440,0
3558,3442,0
3559,3443,0
3560,3444,0
3561,3445,0
3562,3446,0
3563,3447,0
3564,3448,1
3566,3450,1
3568,3452,0
3569,3453,0
3570,3454,1
3572,3456,0
3573,3457,0
3574,3458,1
3576,3460,1
3577,3461,0
3578,3462,0
3580,3464,0
3581,3465,0
3582,3466,0
3584,3467,0
3586,3469,0
3587,3470,0
3589,3472,0
3591,3474,0
3592,3475,0
3593,3476,0
3594,3477,0
3595,3478,0
3596,3479,0
3597,3480,0
3598,3481,0
3599,3482,0
3601,3484,0
3602,3485,0
3603,3486,0
3604,3487,0
3605,3488,0
3606,3489,0
3607,3490,0
3610,3493,0
3611,3494,0
3612,3495,0
3613,3496,0
3614,3497,0
3615,3498,0
3617,3500,0
3618,3501,0
3620,3503,0
3621,3504,0
3622,3505,0
3623,3506,0
3624,3507,0
3625,3508,0
3626,3509,0
3627,3510,0
3630,3513,0
3632,3515,0
3633,3516,0
3635,3518,0
3636,3519,0
3637,3520,0
3638,3521,0
3639,3522,0
3640,3523,0
3642,3525,0
3643,3526,0
3644,3527,0
3645,3528,0
3646,3529,0
3647,3530,0
3649,3532,0
3652,3535,0
3655,3538,0
3657,3540,0
3658,3541,0
3661,3544,1
3662,3545,0
3663,3546,0
3664,3547,0
3665,3548,0
3666,3549,0
3668,3551,0
3670,3553,0
3671,3554,0
3672,3555,0
3673,3556,0
3674,3557,0
3675,3558,0
3681,3564,0
3682,3412,0
3684,3566,0
3687,3569,0
3688,3570,0
3692,3574,0
3693,3575,1
3694,3576,0
3695,3577,0
3696,3578,0
3697,3579,1
3698,3580,0
3699,3581,0
3700,3582,0
3702,3584,0
3703,3472,0
3704,3585,0
3705,3586,0
3706,3587,0
3707,3588,0
3708,3589,0
3709,3590,0
3711,3592,0
3713,3594,0
3715,3596,0
3716,3597,0
3717,3598,0
3719,3600,0
3720,3601,0
3722,3603,0
3723,3604,0
3724,3603,0
3725,3605,0
3726,3606,0
3728,3608,0
3729,3609,0
3731,3611,0
3733,3613,0
3734,3614,1
3739,3619,0
3740,3620,1
3741,3621,0
3742,3622,0
3743,3623,0
3744,3624,0
3745,3625,0
3747,3627,0
3749,3629,0
3750,3630,0
3751,3631,0
3755,3635,0
3759,3639,0
3761,3641,0
3762,3642,0
3763,3643,0
3765,3645,0
3767,3647,0
3769,3649,0
3770,3650,0
3771,3651,0
3772,3652,0
3773,3653,0
3776,3656,0
3777,3657,0
3778,3658,0
3779,3659,0
3780,3660,0
3782,3662,0
3783,3663,0
3784,3664,0
3785,3665,0
3786,3666,0
3787,3667,0
3789,3669,0
3791,3671,0
3792,3672,0
3796,3676,0
3799,3679,0
3801,3681,0
3803,3683,0
3804,3684,0
3805,3685,0
3806,3686,0
3809,3688,0
3810,3689,0
3814,3693,0
3815,3694,0
3817,3696,0
3819,3698,0
3820,3699,0
3821,3700,0
3822,3701,0
3823,3702,0
3824,3703,0
3825,3704,0
3826,3705,0
3827,3706,0
3828,3707,0
3829,3708,0
3830,3709,0
3832,3711,0
3833,3685,0
3834,3712,0
3835,3713,0
3836,3714,0
3837,3715,0
3838,3716,0
3839,3717,0
3840,3718,0
3841,3719,0
3842,3720,0
3843,3721,0
3845,3723,0
3847,3725,0
3849,3727,0
3850,3728,0
3851,3729,0
3852,3730,0
3853,3731,0
3856,3734,0
3857,3735,0
3858,3736,0
3859,3737,0
3860,3738,0
3861,3739,0
3862,3740,0
3863,3741,0
3864,3742,0
3865,3743,0
3866,3744,0
3868,3746,0
3869,3747,0
3870,3748,0
3871,3749,0
3873,3751,0
3875,3753,0
3877,3755,0
3878,3679,0
3879,3756,0
3880,3757,0
3881,3758,0
3883,3760,0
3884,3761,0
3885,3762,0
3886,3763,0
3888,3765,0
3893,3770,0
3895,3772,0
3896,3773,0
3898,3775,0
3899,3776,0
3901,3778,0
3902,3779,0
3903,3780,0
3905,3782,0
3907,3784,0
3909,3786,0
3910,3787,0
3911,3788,0
3912,3789,0
3913,3790,0
3914,3791,0
3915,3792,0
3916,3793,0
3917,3794,0
3918,3795,0
3920,3797,0
3921,3798,0
3922,3799,0
3923,3800,0
3924,3801,0
3925,3802,0
3926,3803,0
3928,3805,0
3929,3806,0
3930,3807,0
3931,3808,0
3932,3809,0
3936,3813,0
3937,3814,0
3939,3816,1
3940,3817,0
3941,3818,0
3942,3819,0
3944,3821,0
3945,3822,0
3946,3823,0
3947,3824,0
3948,3825,0
3949,3826,0
3950,3827,0
3951,3828,0
3953,3830,0
3954,3831,0
3955,3832,0
3957,3834,0
3958,3835,0
3959,3836,0
3960,3837,0
3962,3839,0
3963,3840,0
3965,3842,0
3967,3782,0
3968,3844,0
3969,3845,0
3970,3846,0
3971,3847,0
3972,3848,0
3974,3850,0
3975,3851,0
3976,3852,0
3977,3853,0
3978,3854,0
3979,3855,1
3980,3856,0
3982,3858,0
3983,3859,0
3984,3860,0
3985,3861,0
3986,3862,0
3987,3863,0
3988,3864,1
3990,3866,0
3991,3867,0
3992,3868,0
3993,3869,0
3994,3870,0
3997,3873,0
3998,3874,0
3999,3875,0
4001,3877,0
4003,3879,0
4004,3880,0
4005,3881,0
4006,3882,0
4007,3883,0
4008,3884,0
4009,3885,0
4013,3889,0
4014,3890,0
4016,3892,0
4017,3893,0
4018,3894,0
4019,3895,0
4020,3896,0
4021,3897,0
4022,3898,0
4025,3901,0
4026,3902,0
4027,3903,0
4029,3905,0
4031,3907,0
4032,3908,0
4033,3909,0
4036,3912,0
4038,3914,0
4039,3915,0
4041,3917,0
4042,3918,0
4043,3919,0
4044,3920,0
4045,3921,0
4047,3923,0
4048,3924,0
4049,3925,0
4050,3926,1
4056,3931,0
4057,3932,0
4059,3934,0
4060,3935,0
4061,3936,0
4062,3937,0
4065,3940,0
4066,3941,0
4067,3942,0
4068,3884,0
4069,3943,0
4070,3944,0
4071,3945,0
4072,3946,0
4073,3947,0
4074,3948,0
4075,3949,0
4076,3950,0
4077,3951,0
4078,3952,0
4081,3955,0
4082,3956,0
4083,3957,0
4084,3958,0
4085,3793,0
4086,3959,0
4088,3961,0
4089,3962,0
4091,3964,0
4093,3966,0
4094,3967,0
4095,3968,0
4099,3972,0
4100,3973,0
4101,3974,0
4103,3976,0
4104,3977,0
4105,3978,0
4107,3980,0
4108,3981,0
4109,3982,0
4110,3983,1
4111,3984,0
4116,3989,0
4117,3990,0
4118,3991,0
4119,3992,0
4121,3994,0
4122,3995,0
4123,3982,0
4124,3996,0
4125,3997,0
4126,3998,0
4127,3999,0
4128,4000,0
4129,3997,0
4130,4001,0
4131,4002,0
4133,4004,0
4134,4005,0
4136,4007,0
4137,4008,0
4138,4009,0
4139,4010,0
4140,4011,0
4141,4012,0
4142,4013,0
4144,4015,0
4147,4018,0
4148,4019,0
4149,4020,0
4150,4021,0
4151,4022,0
4154,4025,0
4155,4026,0
4156,4027,0
4157,4028,0
4159,4030,0
4163,4034,0
4164,4035,1
4165,4036,0
4166,4037,0
4167,4038,1
4169,4040,0
4170,4041,0
4172,4043,0
4173,4044,0
4174,4045,0
4176,4047,0
4179,4050,0
4180,4051,0
4182,4053,0
4183,4054,0
4184,4055,0
4186,4057,0
4189,4060,0
4190,4061,0
4191,4062,0
4192,4063,0
4193,4064,0
4194,4065,0
4195,4066,0
4197,4068,0
4198,4069,0
4199,4070,0
4201,4072,0
4202,4073,0
4203,4074,0
4204,4075,0
4205,4076,0
4206,4077,0
4207,4078,0
4209,4080,1
4210,4081,0
4212,4083,0
4214,4085,0
4215,4086,0
4216,4087,0
4218,4089,0
4221,4092,0
4223,4094,0
4225,4096,0
4227,4098,0
4228,4099,0
4229,4100,0
4230,4101,0
4231,2263,0
4232,4102,0
4233,4103,0
4235,4105,0
4237,4107,0
4239,4109,0
4243,4113,0
4246,4116,0
4247,2407,0
4248,4117,0
4251,4120,0
4252,4121,1
4253,4122,0
4255,4124,0
4258,4127,0
4260,4128,0
4261,4129,0
4263,4131,0
4266,4134,0
4267,4135,0
4268,4136,1
4270,4138,0
4271,4139,0
4273,4141,0
4274,4142,0
4275,2439,0
4276,4143,0
4277,4144,0
4278,4143,0
4280,4146,0
4281,4147,0
4282,4148,0
4283,4149,0
4284,4150,0
4285,4151,0
4286,4152,0
4287,4153,0
4288,4154,0
4291,4157,0
4292,4158,0
4293,4159,0
4296,4162,0
4297,4163,0
4298,4164,0
4299,4165,0
4300,4166,0
4301,4167,0
4302,4168,0
4303,4169,0
4304,4170,0
4305,4171,0
4306,4172,0
4307,4173,0
4308,4174,0
4309,4175,0
4310,4176,0
4311,4177,0
4312,4178,0
4313,4179,0
4314,4180,0
4315,4181,0
4316,4182,0
4317,4183,0
4319,4185,0
4320,4186,0
4321,4187,0
4322,4188,0
4323,4189,0
4324,4190,0
4325,4191,0
4326,4192,0
4328,4194,0
4330,4196,0
4331,4197,0
4332,4198,0
4333,4199,0
4334,4200,0
4335,4201,0
4336,4202,0
4337,2550,0
4339,4204,0
4340,4205,0
4341,4206,0
4343,4208,0
4344,4209,0
4345,4146,0
4347,4131,0
4348,4191,0
4349,4211,0
4351,4213,0
4354,4216,0
4355,4217,0
4357,4219,0
4358,4220,0
4359,4221,0
4362,4224,0
4363,4225,0
4364,4226,0
4365,4227,0
4366,4228,0
4367,4229,0
4368,4230,0
4369,4231,0
4370,4232,0
4372,4234,0
4373,4235,0
4374,4236,0
4375,2346,0
4376,4237,0
4377,4238,0
4379,4240,0
4380,4241,0
4382,4243,0
4383,4244,0
4386,4247,0
4388,4249,0
4389,4250,0
4390,4251,0
4392,4253,0
4393,4254,0
4394,4255,0
4395,4256,0
4397,4258,0
4398,4259,0
4400,4261,0
4401,4262,0
4402,4263,0
4403,4264,0
4404,4265,0
4405,4266,0
4407,4268,0
4408,4269,0
4410,4271,0
4413,4274,0
4414,4275,0
4417,2326,0
4418,4278,0
4420,4280,0
4423,4283,0
4424,4284,0
4425,4285,0
4427,4287,0
4429,4289,0
4431,4291,0
4432,4292,0
4433,4293,0
4434,4294,0
4435,4295,0
4436,4296,0
4437,4297,0
4439,4299,0
4440,4300,0
4441,4301,0
4443,4303,0
4444,4304,0
4445,4305,0
4447,4307,0
4449,4309,0
4451,4311,0
4452,4312,0
4455,4315,0
4457,4317,0
4459,4319,0
4461,4321,0
4464,4324,0
4465,4325,0
4466,4326,0
4467,4327,0
4468,4328,0
4469,4329,0
4470,4330,0
4471,4331,0
4472,4332,0
4474,4334,0
4475,4335,0
4476,4336,0
4478,4338,0
4479,4339,1
4480,4340,0
4481,4341,0
4482,4342,0
4485,4345,1
4486,4346,0
4487,4347,0
4488,4348,0
4489,4349,0
4490,4350,0
4491,4351,0
4493,4353,0
4495,4355,0
4496,4356,0
4497,4357,0
4498,4358,0
4500,4360,0
4501,4361,0
4502,4362,0
4503,4363,0
4506,4366,0
4507,4367,0
4508,4368,0
4510,4370,0
4512,4372,0
4513,4373,0
4515,4375,0
4516,4376,0
4517,4377,0
4518,4378,0
4519,4379,0
4522,4382,1
4523,4383,0
4524,4384,0
4525,4385,0
4526,4386,0
4527,4387,0
4528,4388,0
4529,4389,0
4532,4392,0
4533,4393,0
4534,4394,0
4535,4395,0
4538,4398,0
4539,4399,0
4540,4400,0
4543,2503,0
4544,4403,0
4545,4404,0
4546,4405,0
4547,4406,0
4548,4407,0
4549,4408,0
4550,4409,0
4551,4410,0
4553,4412,0
4554,4413,0
4556,4415,0
4557,4416,0
4559,4418,0
4560,4419,0
4561,4420,0
4563,4422,0
4565,4424,0
4567,4426,0
4568,4427,0
4569,4428,0
4572,4430,0
4573,4431,0
4574,4432,0
4575,4433,0
4576,4434,0
4577,4435,0
4579,2499,0
4580,4435,0
4583,2434,0
4584,4439,0
4585,4440,0
4587,4442,0
4588,4443,0
4589,4444,0
4590,4445,0
4596,4451,0
4599,4454,0
4602,4457,0
4605,4460,0
4606,4461,0
4607,4462,0
4608,4463,0
4609,4464,1
4611,4460,0
4612,4466,0
4613,4467,0
4614,4468,0
4615,4469,0
4616,4470,0
4618,4472,0
4620,4474,0
4621,4475,0
4623,4477,1
4625,4478,0
4628,4481,0
4629,4482,0
4631,4484,0
4632,4485,0
4636,4489,0
4637,4490,0
4638,4491,0
4639,4492,0
4640,4493,0
4641,4494,0
4642,4495,0
4643,4496,0
4648,4500,0
4650,4502,0
4651,4503,0
4652,4504,1
4653,4505,0
4654,4506,0
4655,4507,0
4657,4509,0
4658,4510,0
4659,4511,0
4661,4513,0
4662,4514,0
4663,4515,0
4664,4516,0
4665,4517,0
4666,4518,0
4667,4519,0
4668,4520,0
4669,4521,0
4672,4524,1
4673,4525,0
4674,4526,0
4677,4529,1
4679,4531,0
4681,4533,0
4682,4534,0
4683,4535,0
4684,4536,0
4686,4538,0
4687,4533,0
4689,4540,0
4690,4541,0
4691,4542,0
4692,4543,0
4695,4546,0
4696,4547,0
4697,4548,0
4698,4549,0
4699,4550,0
4701,4552,0
4702,4553,0
4703,4554,0
4704,4555,0
4705,4556,0
4707,4558,0
4708,4559,0
4710,4561,0
4712,4563,0
4713,4564,0
4714,4565,0
4715,4565,0
4716,4566,0
4717,4567,0
4719,4569,0
4721,4571,0
4723,4573,0
4725,4575,0
4726,4576,0
4727,4577,0
4728,4578,0
4729,4579,0
4730,4533,0
4731,4580,0
4733,4582,0
4737,4586,1
4744,4592,0
4746,4594,0
4748,4596,0
4752,4600,1
4754,4602,0
4757,4605,0
4758,4606,0
4762,4610,0
4763,4611,0
4764,4612,0
4765,4613,0
4766,4614,0
4768,4616,0
4769,4617,1
4770,4618,0
4775,4623,0
4776,4624,0
4777,4625,0
4780,4628,0
4781,4629,0
4783,4631,0
4784,4632,0
4785,4633,0
4786,4634,0
4787,4635,0
4788,4636,0
4789,4637,0
4790,4638,0
4791,4639,0
4796,4644,0
4797,4645,0
4798,4646,0
4800,4648,0
4801,4649,0
4802,4650,0
4803,4633,0
4804,4651,0
4808,4655,0
4809,4656,0
4811,4658,0
4812,4659,0
4813,4660,0
4814,4661,0
4816,4663,0
4819,4666,0
4820,4667,0
4821,4668,0
4823,4670,0
4826,4673,0
4828,4675,0
4829,4676,0
4830,4677,0
4831,4678,0
4832,4495,0
4833,4679,0
4834,4680,0
4837,4683,0
4838,4684,0
4839,4685,0
4842,4688,0
4843,4689,0
4844,4690,0
4846,4692,0
4847,4693,0
4849,4695,0
4850,4696,0
4851,4697,1
4853,4699,0
4854,4700,0
4855,4701,0
4856,4702,0
4858,4704,0
4859,4705,0
4861,4707,0
4862,4708,0
4863,4705,0
4865,4710,0
4867,4712,0
4872,4717,1
4873,4718,0
4874,4719,0
4875,4720,0
4876,4721,0
4877,4722,0
4878,4723,0
4879,4724,0
4880,4725,1
4882,4727,0
4883,4728,0
4885,4730,0
4886,4731,0
4889,4734,0
4890,4735,0
4891,4736,0
4893,4738,0
4895,4740,0
4896,4741,0
4897,4742,0
4898,4743,0
4899,4744,1
4900,4745,0
4901,4746,0
4903,4748,0
4904,4749,1
4905,4750,0
4906,4751,0
4907,4752,0
4909,4723,0
4910,4754,0
4913,4757,0
4915,4759,0
4916,4760,0
4917,4761,0
4918,4762,0
4919,4763,0
4920,4764,0
4921,4765,0
4922,4766,0
4923,4767,0
4926,4770,0
4927,4771,0
4929,4773,0
4932,4775,0
4934,4777,0
4935,4778,0
4936,4779,0
4938,4781,0
4939,4782,0
4940,4783,0
4941,4784,0
4942,4785,0
4943,4741,0
4944,4786,0
4945,4787,0
4946,4788,0
4947,4789,0
4950,4792,0
4951,4793,0
4953,4795,0
4954,4796,0
4956,4798,0
4957,4799,0
4958,4800,0
4959,4801,0
4960,4802,0
4962,4804,0
4965,4807,0
4966,4808,0
4967,4809,0
4968,4810,0
4969,4811,0
4971,4813,0
4972,4814,0
4973,4815,0
4974,4816,0
4975,4817,0
4976,4818,0
4977,4819,0
4980,4822,0
4981,4823,0
4982,4824,1
4983,4825,0
4984,4826,0
4985,4827,0
4988,4830,0
4989,4831,0
4990,4832,0
4991,4833,0
4992,4834,0
4993,4835,0
4994,4836,0
4995,4837,0
4996,4838,0
4999,4841,0
5000,4842,0
5002,4844,0
5003,4845,0
5004,4846,0
5007,4849,1
5008,4850,0
5009,4851,0
5010,4852,0
5012,4854,0
5013,4855,0
5014,4856,0
5016,4858,0
5017,4859,0
5019,4861,0
5020,4862,0
5021,4863,0
5022,4864,0
5023,4865,0
5024,4866,0
5025,4867,0
5026,4868,0
5028,4870,0
5030,4872,0
5033,4809,0
5035,4876,0
5037,4878,0
5038,4879,0
5040,4881,0
5041,4882,0
5042,4883,0
5045,4886,0
5046,4887,0
5047,4888,0
5048,4889,0
5052,4893,0
5054,4895,0
5057,4898,0
5060,4901,0
5061,4902,0
5062,4902,0
5063,4903,0
5067,4907,0
5069,4909,0
5070,4910,0
5071,4911,0
5073,4913,1
5076,4916,0
5078,4918,0
5079,4919,0
5080,4920,0
5081,4921,0
5082,4922,0
5084,4924,1
5085,4925,0
5087,4927,0
5088,4928,0
5089,4929,0
5090,4930,0
5091,4931,0
5092,4932,0
5093,4933,0
5094,4934,0
5095,4935,0
5096,4936,0
5097,4937,0
5098,4938,0
5099,4939,0
5100,4940,0
5101,4941,0
5103,4943,0
5104,4944,0
5105,4945,0
5106,4946,0
5107,4947,1
5108,4948,0
5109,4949,0
5110,4950,0
5111,4951,0
5112,4952,1
5113,4953,0
5114,4954,0
5115,4953,0
5116,4955,0
5118,4957,0
5119,4958,0
5121,4960,0
5122,4961,0
5123,4962,0
5124,4963,0
5126,4965,0
5127,4966,0
5128,4967,0
5129,4968,0
5130,4969,0
5133,4971,0
5135,4973,0
5137,4975,0
5138,4976,0
5141,4979,0
5143,4981,0
5144,4982,0
5147,4985,0
5149,4986,0
5151,4988,0
5152,4989,0
5154,4991,0
5155,4992,0
5158,4995,0
5159,4996,0
5160,4997,0
5161,4998,0
5162,4999,1
5163,5000,0
5164,5001,0
5165,5002,0
5167,4944,0
5168,5004,0
5169,5005,0
5170,5006,0
5171,5007,0
5172,5008,0
5173,5009,0
5174,5010,1
5178,5014,0
5179,5015,0
5180,5016,0
5181,5017,0
5182,5018,0
5183,5019,0
5185,5021,0
5186,5022,0
5189,5025,0
5190,5026,0
5192,5028,0
5193,5029,0
5196,5032,0
5197,5033,0
5198,5034,0
5199,5035,0
5203,5039,0
5204,5040,0
5205,5041,0
5207,5043,0
5208,5044,0
5212,5048,0
5214,5050,0
5215,5051,0
5216,5052,0
5217,4981,0
5218,5053,0
5221,5056,0
5222,5057,0
5224,5059,0
5225,5060,0
5226,5061,0
5227,5062,0
5228,5063,0
5230,5065,0
5233,5068,0
5234,5069,0
5235,5070,0
5236,5071,0
5237,5072,0
5239,5074,0
5240,5075,0
5241,5076,0
5242,5077,0
5243,5078,0
5244,5079,0
5246,5081,0
5248,5083,0
5249,5084,0
5250,5085,0
5251,5086,0
5252,5087,0
5254,5089,0
5255,5090,0
5256,5091,0
5258,5093,0
5260,5095,0
5264,5099,0
5265,5100,0
5266,5101,0
5267,5102,0
5268,5103,0
5269,5104,0
5271,5106,0
5273,5009,0
5274,5108,0
5275,5109,0
5276,5110,0
5277,5111,0
5278,5112,0
5279,5113,0
5280,5114,0
5281,5115,0
5282,5116,0
5283,5117,0
5284,5118,0
5285,5119,0
5286,5120,0
5288,5122,0
5289,5123,0
5290,5124,0
5291,5125,0
5293,5127,0
5295,5129,0
5296,5130,0
5297,5131,0
5298,5132,0
5299,5133,0
5300,5134,0
5302,5136,0
5304,5138,0
5305,5139,0
5306,5140,0
5307,5141,0
5308,5142,0
5309,5143,0
5310,5144,0
5311,5145,0
5312,5146,0
5313,5147,0
5315,5149,0
5317,5151,0
5319,5153,0
5321,5155,0
5322,5156,0
5323,5157,0
5324,5158,0
5325,5159,0
5327,5161,0
5328,5162,0
5330,5164,0
5331,5165,0
5332,5166,0
5333,5167,0
5334,5168,0
5335,5169,0
5336,5170,0
5338,5172,0
5339,5173,0
5340,5174,0
5341,5175,0
5342,5176,0
5344,5178,0
5345,5179,0
5348,5182,0
5350,5184,0
5351,5185,0
5352,5186,0
5353,5187,0
5354,5188,0
5355,5189,0
5356,5190,0
5357,5191,0
5359,5193,0
5360,5174,0
5363,5196,1
5364,5197,0
5365,5198,0
5366,5199,0
5367,5200,0
5368,5201,0
5369,5202,0
5370,5203,0
5376,5209,0
5378,5211,0
5379,5212,0
5380,5213,0
5382,5215,0
5383,5216,0
5384,5217,1
5386,5219,0
5387,5220,0
5388,5221,0
5390,5223,0
5391,5224,0
5392,5225,0
5393,5226,0
5394,5227,0
5397,5230,0
5399,5232,0
5401,5234,0
5402,5235,0
5403,5236,0
5404,5237,0
5405,5238,0
5406,5239,0
5407,5240,0
5408,5241,0
5410,5243,0
5411,5244,0
5412,5245,0
5414,5247,0
5415,5248,1
5416,5249,0
5417,5250,0
5418,5251,0
5419,5252,0
5420,5253,0
5421,5254,0
5422,5255,0
5423,5256,0
5424,5257,0
5425,5258,0
5426,5259,0
5427,5260,0
5428,5261,0
5429,5262,0
5430,5263,0
5431,5264,0
5432,5265,0
5435,5268,1
5436,5269,0
5437,5270,0
5439,5272,0
5440,5273,0
5441,5274,0
5443,5276,0
5445,5278,0
5446,5279,0
5447,5280,0
5448,5281,0
5449,5282,0
5450,5283,0
5452,5285,0
5453,5286,0
5454,5287,0
5455,5288,0
5459,5292,0
5460,5293,0
5461,5294,0
5462,5295,0
5464,5297,0
5465,5298,0
5466,5299,0
5468,5301,0
5471,5304,0
5472,5305,0
5474,5307,0
5475,5308,0
5476,5309,0
5477,5310,0
5478,5311,0
5479,5312,0
5481,5314,0
5483,5316,0
5484,5317,0
5485,5318,0
5486,5319,0
5488,1988,0
5490,5322,0
5491,5323,0
5493,5325,0
5494,5326,0
5496,5328,0
5498,5330,0
5499,5331,0
5502,71,0
5504,5335,0
5505,5336,0
5506,5337,0
5509,5340,0
5510,44,0
5511,5341,0
5512,5342,0
5513,5343,0
5516,5345,0
5517,5346,0
5518,5347,0
5520,5349,0
5521,5350,0
5523,5352,0
5524,5353,0
5525,5354,0
5527,5356,0
5528,5357,0
5530,5359,0
5531,5360,0
5532,5361,0
5533,5362,0
5534,5363,0
5535,5364,0
5536,5365,0
5537,5366,0
5538,5367,0
5540,5369,0
5541,5370,0
5542,5371,0
5544,5373,0
5545,1993,0
5548,171,0
5549,5376,0
5550,5377,1
5551,5378,0
5552,5379,0
5553,5380,0
5554,5381,0
5555,5382,0
5556,5383,0
5557,5384,0
5558,5385,0
5559,5386,0
5560,5387,0
5561,5386,0
5565,5390,0
5566,2044,0
5567,5391,0
5568,5392,0
5569,5393,0
5570,5394,0
5571,5395,0
5573,5397,0
5576,5399,0
5577,2051,0
5580,61,0
5581,2050,0
5582,5402,0
5583,5403,0
5584,5404,0
5585,5405,0
5586,5406,0
5587,5407,0
5588,5357,0
5589,5408,0
5591,5410,0
5595,5413,0
5596,5414,0
5598,5416,0
5599,5417,0
5600,5418,0
5601,5419,0
5602,5420,0
5603,5421,0
5604,5422,0
5605,5423,0
5606,5424,0
5607,5425,0
5608,5426,0
5611,5429,0
5612,5430,0
5613,5431,1
5615,5433,0
5620,76,0
5622,5438,0
5625,5441,0
5626,5442,0
5627,5443,0
5628,5444,0
5629,5445,0
5630,5446,0
5633,5449,0
5634,5450,0
5636,5452,1
5637,5453,0
5639,5455,0
5640,5456,0
5641,5457,0
5643,5459,0
5645,5461,0
5646,5462,0
5647,5463,0
5649,5465,0
5652,5468,1
5654,5470,0
5655,5471,0
5656,5472,0
5657,5473,0
5658,5474,0
5659,5475,0
5660,5476,0
5661,5477,0
5664,5480,0
5666,5482,0
5668,5484,0
5669,5485,0
5674,5490,0
5675,5491,0
5676,5492,0
5677,5493,0
5680,5496,0
5681,5497,0
5682,5498,0
5683,5499,0
5685,5501,0
5686,5502,0
5688,5504,0
5689,5505,0
5691,5507,0
5692,5508,0
5693,5509,0
5694,5510,0
5695,5511,0
5696,5512,0
5698,5514,0
5699,5515,1
5700,5516,0
5704,5520,0
5706,5522,0
5708,5524,0
5709,287,0
5710,5525,0
5711,5526,0
5713,5528,0
5716,5446,0
5717,5531,0
5718,5532,0
5723,5537,0
5724,5538,0
5725,5539,0
5726,5540,0
5728,5542,0
5729,5543,0
5732,5546,0
5733,39,0
5735,5548,0
5736,5549,0
5737,5550,0
5741,5554,0
5742,5555,0
5743,5456,0
5745,5557,0
5747,5559,0
5750,5562,0
5751,5563,0
5753,5565,0
5754,5566,0
5755,5567,0
5756,5568,0
5757,5569,0
5758,5570,0
5759,5570,0
5761,5572,0
5762,5573,0
5764,5575,0
5765,5576,0
5769,5580,0
5770,5581,0
5771,5582,0
5772,5583,0
5773,5584,0
5775,5586,0
5776,5587,0
5777,5588,0
5778,2036,0
5779,5589,0
5780,5590,1
5786,5596,0
5787,5597,0
5788,5598,0
5789,5599,0
5790,5600,0
5792,257,0
5793,5602,0
5796,5604,0
5797,5605,0
5798,5606,0
5801,5609,0
5805,5613,0
5807,5615,0
5808,5616,0
5809,5617,0
5810,5618,0
5811,5619,0
5812,5620,0
5815,5622,0
5816,5623,0
5818,5625,1
5820,5627,0
5821,5628,0
5822,5629,0
5824,5631,0
5825,5632,0
5826,5633,0
5830,345,0
5832,5638,0
5833,5639,0
5835,5641,0
5836,5642,0
5837,5643,0
5838,5644,0
5839,5645,0
5840,5646,0
5841,5647,0
5842,5648,0
5844,5650,0
5845,5651,0
5846,5652,0
5847,1996,0
5848,287,0
5849,5653,0
5850,5654,1
5851,5655,0
5852,5656,1
5853,5657,0
5855,5659,0
5858,5662,0
5859,5663,0
5860,5664,0
5861,5665,0
5862,5666,0
5864,5668,0
5865,5669,0
5866,5670,0
5867,5671,0
5868,5672,0
5869,5673,0
5870,5674,0
5872,5676,0
5873,5677,0
5875,5679,0
5877,5681,0
5878,5682,0
5879,5683,0
5880,5684,0
5882,5686,0
5883,5687,0
5884,5688,0
5885,5689,0
5886,5690,0
5887,5691,0
5888,5692,0
5889,5693,0
5890,5694,0
5891,5695,0
5893,5697,0
5894,5698,0
5895,5699,0
5896,5700,0
5897,5701,0
5902,5706,0
5903,5707,0
5904,5708,0
5905,5709,0
5906,5710,0
5908,2092,0
5909,5712,0
5910,5713,0
5911,5714,0
5913,5716,0
5914,5717,0
5916,5719,0
5918,5721,0
5920,5723,0
5922,5725,0
5923,5726,0
5926,5729,0
5927,5730,0
5928,5731,0
5929,5732,0
5930,5733,0
5931,5734,0
5932,5735,0
5933,5736,0
5934,5737,0
5936,5739,0
5937,5740,0
5940,5743,0
5941,5744,0
5943,621,0
5944,5746,0
5945,5747,0
5946,5748,0
5947,5749,0
5949,5751,0
5951,5753,0
5952,5754,0
5953,5755,0
5954,5756,0
5955,5757,0
5956,5758,0
5957,5759,0
5958,5760,0
5959,5761,0
5960,5762,0
5963,5764,0
5964,5765,0
5965,5766,0
5966,5767,0
5967,5768,0
5968,5769,0
5969,5770,0
5970,5771,0
5971,5772,0
5973,5774,0
5975,5776,0
5976,409,0
5977,5777,0
5978,5778,1
5979,5779,0
5980,5780,0
5981,5781,0
5982,5782,0
5984,5784,0
5985,5785,0
5987,5787,0
5988,5788,0
5991,5791,0
5992,5792,0
5993,5793,0
5994,5794,0
5995,5795,0
5996,5796,0
5997,5797,0
5998,5798,1
6001,5801,0
6002,5802,0
6003,5803,0
6004,5804,0
6005,5805,0
6006,5806,0
6007,5807,0
6008,5808,0
6009,5809,0
6011,5811,0
6012,5812,0
6014,5814,0
6015,5815,0
6017,5817,0
6021,5820,0
6022,5821,0
6023,5822,0
6024,5823,0
6025,5824,0
6026,5825,0
6027,5826,0
6028,5827,0
6029,5828,0
6031,5829,0
6032,5830,0
6034,5832,0
6036,5834,0
6037,5835,0
6038,5836,0
6039,5837,0
6040,5838,0
6041,5839,0
6042,5840,0
6043,5841,0
6046,5844,0
6047,5845,0
6050,5848,0
6051,5849,0
6054,5852,0
6056,5844,0
6057,5854,0
6058,5855,0
6060,5857,0
6061,5858,0
6063,5860,0
6064,5861,0
6065,5862,0
6066,5863,0
6067,5864,0
6068,5865,0
6069,5866,0
6071,5868,0
6072,5869,0
6073,451,0
6074,5870,0
6075,5871,0
6076,5872,0
6077,5873,0
6078,5874,0
6079,5875,0
6080,5876,0
6081,5877,0
6086,5882,0
6088,5884,0
6092,5888,0
6094,5890,0
6096,5891,0
6097,588,0
6100,5894,0
6102,5896,0
6103,5897,0
6104,5898,1
6105,5899,0
6107,5901,0
6108,5902,0
6110,5904,0
6111,5905,0
6112,5906,0
6113,5907,0
6114,5908,0
6115,5909,0
6116,5910,0
6117,5911,0
6118,5912,0
6121,5915,0
6124,5918,0
6125,5919,0
6126,5920,0
6127,5921,0
6128,5922,0
6129,5923,0
6130,5924,0
6131,5857,0
6132,5925,0
6135,5928,0
6136,5929,0
6139,5932,0
6140,5933,0
6141,5934,0
6143,5936,1
6145,5938,0
6146,5939,0
6147,5940,0
6148,5941,0
6149,5942,0
6150,5943,0
6151,5944,0
6152,5945,0
6156,5949,0
6157,5950,0
6158,5951,0
6159,5952,0
6160,5953,0
6161,5954,0
6163,5956,0
6164,5957,1
6165,5958,0
6166,5959,0
6168,5961,0
6169,5962,0
6171,5964,0
6174,5967,0
6175,5968,0
6176,5969,0
6178,5971,0
6179,5972,0
6180,5973,0
6181,5974,0
6182,5975,0
6183,5976,0
6184,5977,0
6185,5978,0
6186,5979,0
6187,5980,0
6188,5981,0
6190,5983,0
6192,5985,0
6193,5986,0
6194,5987,0
6195,5936,0
6196,5988,0
6197,5989,0
6198,5990,0
6200,5992,0
6201,5993,0
6202,5994,0
6204,5995,0
6205,5996,0
6206,5997,0
6207,5739,0
6210,6000,0
6212,6002,0
6216,6006,0
6217,6007,0
6218,6008,0
6219,6009,0
6220,6010,0
6222,6012,0
6223,6013,0
6224,6014,0
6225,6015,0
6226,6016,0
6228,6018,0
6229,6019,0
6230,6020,0
6231,6021,0
6232,6022,0
6233,6023,0
6234,6024,0
6235,6025,0
6236,6026,0
6240,6030,0
6241,6031,0
6242,6032,0
6245,6035,0
6246,6036,0
6247,6037,0
6248,6038,0
6249,6039,0
6250,6040,0
6251,6041,0
6252,689,0
6253,6042,0
6256,6045,0
6258,6047,0
6261,5971,0
6262,6050,0
6264,6052,0
6265,6053,0
6266,6054,0
6267,6055,0
6268,6056,0
6269,6057,0
6270,6058,0
6271,6059,0
6272,6060,0
6273,6061,0
6274,6062,0
6275,6063,0
6276,6064,0
6277,6065,0
6278,6066,0
6279,6067,0
6281,6069,0
6283,6071,0
6285,6073,0
6286,6074,0
6287,6075,0
6288,6076,0
6289,6077,0
6290,6078,0
6291,6079,0
6293,6081,0
6294,6082,0
6296,6084,0
6297,6085,0
6298,6086,0
6300,718,0
6301,6088,0
6302,6089,0
6305,6092,0
6306,6093,0
6307,6094,0
6309,6096,0
6310,6097,0
6312,6099,0
6318,6105,0
6319,6106,0
6320,6107,0
6323,6110,0
6324,6111,0
6325,6112,0
6326,6113,0
6327,6114,0
6328,6115,0
6330,6117,0
6331,6118,0
6332,6119,0
6333,6120,0
6334,6121,0
6335,6122,0
6337,6124,0
6338,6125,0
6340,6127,0
6343,6129,0
6344,6130,0
6345,6131,0
6347,6133,0
6348,6134,0
6349,6135,0
6350,6136,0
6351,6137,0
6352,6138,0
6353,6139,0
6355,6141,0
6357,6143,0
6358,6144,0
6359,6145,0
6360,6146,0
6361,6147,0
6362,6148,1
6363,6149,0
6365,6151,0
6368,6154,0
6369,6021,0
6372,6157,0
6373,6158,0
6374,6159,0
6375,6160,0
6376,6161,0
6377,6162,0
6378,6163,0
6381,6166,0
6383,6168,0
6385,6170,0
6386,6171,0
6387,6172,0
6389,6174,0
6390,6175,0
6391,6176,0
6392,6177,0
6393,6178,0
6394,6179,0
6395,6180,0
6396,6181,0
6397,6182,0
6398,6183,0
6399,6184,0
6402,6187,0
6403,6188,0
6404,6189,0
6405,6190,0
6406,6191,0
6407,6192,0
6410,6195,0
6411,6196,0
6412,6197,0
6413,6198,0
6414,6199,0
6415,6200,0
6416,6201,0
6417,6202,0
6418,6203,0
6420,6205,0
6421,6206,0
6422,6207,0
6424,6209,0
6425,6210,0
6426,6211,0
6428,6213,0
6429,6214,0
6430,6215,0
6431,6216,0
6432,6217,0
6434,6219,0
6435,6220,0
6436,6221,0
6438,6223,0
6440,6225,0
6441,6226,0
6442,6227,0
6443,6228,0
6444,6229,0
6446,6231,0
6448,6233,0
6449,6234,0
6451,6236,0
6452,6237,0
6453,6238,0
6454,6239,0
6455,6240,0
6458,6243,0
6459,6244,0
6460,6245,0
6462,6247,0
6463,6248,0
6464,6249,0
6466,6251,1
6467,6252,0
6469,6254,0
6470,6255,0
6475,6260,0
6476,6261,0
6477,6262,0
6478,6263,0
6479,6264,0
6480,6265,0
6481,6266,0
6483,6268,0
6484,6269,0
6486,6271,0
6491,6276,0
6492,6277,0
6493,6278,0
6494,6279,0
6495,6280,0
6497,6282,0
6498,6283,0
6499,6284,0
6501,6286,0
6502,6287,0
6504,6289,0
6505,6290,0
6506,6291,0
6507,6292,0
6509,6294,0
6513,6298,0
6517,6301,0
6518,6302,0
6520,6304,1
6521,6305,0
6523,6307,0
6524,6308,0
6525,6309,0
6527,6311,0
6528,6312,0
6530,6314,0
6532,6316,0
6533,6317,0
6534,6318,0
6535,6319,0
6536,6320,0
6537,6321,0
6539,6323,0
6541,6325,0
6542,6326,0
6543,6327,0
6544,6328,0
6546,6330,0
6549,6333,0
6551,6335,0
6552,6336,0
6553,6337,0
6554,6338,0
6555,6339,0
6556,6340,0
6557,6341,0
6558,6342,0
6559,6343,0
6560,6344,0
6562,6346,0
6564,6348,0
6565,6349,0
6567,6351,0
6569,6353,0
6570,6354,0
6573,6357,0
6574,6358,0
6575,6359,0
6576,6360,0
6577,6361,0
6579,6363,0
6580,6364,0
6582,6360,0
6583,6366,0
6584,6367,0
6586,6369,0
6587,6370,0
6588,6371,0
6591,6374,0
6592,6375,0
6593,6376,0
6594,6377,0
6595,6378,0
6598,6380,0
6600,6382,0
6601,6383,0
6602,6384,0
6603,6385,0
6606,6388,1
6607,6389,0
6608,6390,0
6609,6391,0
6611,6392,0
6613,6394,0
6614,6395,0
6615,6396,0
6617,6398,0
6618,6399,0
6619,6400,0
6621,6402,0
6624,6405,0
6625,6406,0
6626,6407,0
6627,6408,0
6630,6411,0
6631,6412,0
6632,6413,0
6633,6414,0
6635,6416,0
6636,6417,0
6637,6418,0
6638,6419,0
6641,6422,0
6642,6423,0
6646,6427,0
6647,6428,0
6648,6429,1
6649,6430,0
6650,6214,0
6651,6431,0
6652,6432,0
6654,6434,0
6655,6435,0
6656,6436,0
6657,6437,0
6658,6438,0
6659,6439,0
6661,6441,0
6662,6442,1
6663,6443,0
6664,6444,0
6667,6447,0
6668,6448,0
6669,6449,0
6670,6450,0
6671,6451,0
6672,6452,0
6673,6453,0
6674,6454,0
6675,6455,0
6676,6456,0
6677,6457,0
6679,6459,0
6680,6460,0
6682,6462,0
6683,6463,0
6684,6464,0
6685,6465,0
6686,6466,0
6688,6468,0
6691,6471,0
6692,6472,0
6693,6473,0
6694,6474,0
6695,6475,1
6696,6476,0
6698,6478,0
6699,6479,0
6700,6480,0
6701,6481,0
6702,6482,0
6704,6484,0
6711,6491,0
6712,6492,0
6716,6496,0
6717,6497,0
6718,6498,0
6719,6499,0
6722,6501,0
6723,6502,0
6728,6507,0
6731,6510,0
6732,6511,0
6733,6512,0
6735,6514,0
6736,6515,0
6739,6518,0
6741,6520,0
6742,6521,0
6743,6522,0
6744,6523,0
6747,6526,0
6749,6528,0
6750,6396,0
6751,6529,0
6753,6531,0
6754,6532,0
6755,6533,0
6757,6535,0
6758,6536,0
6759,6537,0
6760,6538,0
6763,6541,0
6764,6542,0
6765,6543,0
6766,6544,0
6767,6545,0
6768,6546,0
6769,6547,0
6771,6549,0
6772,6550,0
6773,6551,0
6774,6552,0
6775,6553,0
6776,6554,0
6777,6555,0
6778,6556,0
6780,6558,0
6781,6559,0
6783,6561,0
6784,6562,0
6785,6563,0
6786,6564,0
6789,6567,0
6790,6568,0
6792,6570,0
6793,6571,0
6794,6572,0
6795,6573,0
6797,6575,0
6798,6576,0
6799,6577,0
6800,6578,0
6801,6579,0
6802,6580,0
6803,6581,0
6806,6418,0
6809,6586,0
6810,6587,0
6811,6588,0
6814,6591,0
6815,6592,0
6817,6594,0
6818,6595,0
6819,6596,0
6820,6597,0
6821,6598,0
6822,6599,0
6823,6600,0
6824,6601,0
6825,6602,0
6826,6603,0
6827,6604,0
6828,6605,0
6829,6606,0
6830,6607,0
6831,6608,0
6832,6609,0
6833,6610,0
6834,6611,0
6835,6612,0
6836,6613,0
6838,6615,0
6840,6617,0
6841,6618,0
6842,6619,0
6843,6620,0
6844,6621,0
6845,6622,0
6846,6623,0
6847,6624,0
6848,6625,0
6849,6626,0
6850,6627,0
6852,6629,0
6853,6630,0
6854,6631,0
6855,6632,0
6859,6636,0
6860,6637,1
6861,6638,0
6862,6639,0
6863,6640,0
6864,6641,0
6865,6642,0
6866,6643,0
6867,6644,0
6868,6645,0
6869,6646,0
6870,6647,0
6871,6648,0
6872,6649,0
6873,6650,0
6874,6651,0
6878,6655,0
6879,6656,0
6880,6657,0
6885,6662,0
6886,6663,0
6887,6664,0
6888,6665,0
6890,6667,0
6892,6669,0
6893,6670,0
6894,6671,0
6895,6672,0
6897,6674,0
6898,3220,0
6899,6675,0
6901,6677,1
6902,6678,0
6903,6679,0
6906,6682,0
6907,6683,0
6908,6684,0
6909,6685,0
6911,6687,0
6912,6688,0
6913,6689,0
6914,6690,0
6915,6691,0
6916,6692,0
6917,6693,0
6918,6694,0
6920,6696,0
6922,6698,0
6924,6700,0
6925,6701,0
6927,6703,0
6928,6704,0
6929,6705,0
6930,6706,0
6931,6707,0
6932,6708,0
6933,6709,0
6936,6711,0
6937,6712,1
6939,6714,0
6942,6717,0
6943,6718,0
6944,6691,0
6945,6719,0
6946,3299,0
6947,6720,0
6948,6721,0
6949,6722,0
6950,6723,0
6951,6724,0
6955,6728,0
6956,6729,0
6958,6731,0
6959,6732,1
6960,6733,0
6961,6734,0
6962,6735,0
6964,6737,0
6966,6739,0
6968,6741,0
6969,6742,0
6971,6744,0
6972,6745,0
6973,6746,0
6974,6747,0
6975,6748,0
6976,6749,0
6977,6750,0
6980,6752,0
6981,6753,0
6982,6754,1
6983,6755,0
6984,6756,0
6986,6758,0
6987,6691,0
6989,6760,0
6990,6761,0
6991,6762,0
6992,6763,0
6993,6764,0
6994,6765,0
6995,6766,0
6996,6767,0
6997,6768,0
7000,6771,0
7001,6772,0
7002,6773,0
7003,6774,0
7004,6775,0
7005,6776,0
7006,6777,0
7008,6779,0
7009,6780,1
7010,6781,0
7011,6782,0
7012,6783,0
7013,6784,0
7014,6785,0
7015,6786,0
7016,6787,0
7017,3185,0
7018,6788,0
7019,6789,0
7020,6790,0
7022,6792,0
7024,6794,0
7025,6795,0
7026,6796,0
7028,3041,0
7029,6798,0
7030,6799,0
7031,3277,0
7032,6800,0
7035,6803,0
7036,6804,0
7037,6805,0
7038,6806,0
7041,6809,0
7042,6810,0
7043,6811,0
7044,6812,0
7046,6814,0
7047,6815,0
7048,6816,0
7049,6817,0
7051,6819,0
7053,6821,0
7054,6822,0
7055,6823,1
7056,6824,0
7057,6825,0
7059,6827,0
7060,6828,0
7062,3028,0
7064,6831,0
7065,6832,0
7066,6833,0
7067,6834,0
7072,6839,0
7075,6842,0
7079,3152,0
7080,6846,0
7081,6847,0
7082,6848,0
7083,6849,0
7084,6850,0
7087,6853,0
7088,6854,0
7089,6855,0
7090,6856,0
7091,6857,0
7092,6858,0
7093,6859,0
7094,6860,0
7096,6862,0
7097,6863,0
7098,6864,0
7102,6868,0
7103,6869,0
7104,6870,0
7105,6871,0
7106,6872,0
7108,6874,0
7109,6875,0
7113,6879,0
7114,6880,0
7115,6881,0
7116,6882,0
7117,6883,0
7119,6885,0
7120,6811,0
7121,6886,0
7122,6887,0
7123,6888,0
7124,6889,0
7125,6890,0
7126,6891,0
7127,6892,0
7128,6893,0
7131,6896,0
7134,6898,0
7135,6899,1
7136,6900,0
7137,6901,1
7138,6902,0
7139,6903,0
7140,6904,0
7141,6905,0
7142,6906,0
7143,6907,0
7145,6909,0
7148,6912,0
7149,6913,0
7150,6914,0
7151,6915,0
7152,6916,0
7153,6917,0
7154,6918,0
7157,6921,0
7158,6922,0
7159,6923,0
7160,6924,0
7161,6925,0
7162,3370,1
7163,6926,0
7164,6927,0
7166,6929,0
7167,6930,0
7169,6932,0
7170,6933,0
7171,6934,0
7173,6936,0
7174,6937,0
7175,6938,0
7181,6944,0
7183,6946,0
7184,6947,0
7185,6948,0
7187,6950,0
7189,6952,0
7190,6953,0
7191,6954,0
7192,6955,0
7193,6956,0
7194,6957,0
7196,6959,0
7198,6961,0
7201,6964,0
7204,6967,0
7207,6970,0
7208,6971,0
7209,6972,0
7210,6973,0
7213,6976,0
7215,6978,0
7218,6981,0
7219,6982,0
7220,6983,0
7221,6984,0
7222,6985,0
7223,6986,0
7224,6987,0
7225,6988,0
7229,6992,0
7231,6994,0
7232,6995,0
7233,6996,0
7234,6997,0
7235,6998,0
7237,7000,0
7238,7001,0
7239,7002,0
7240,2972,0
7241,7003,0
7242,7004,0
7243,7005,0
7244,7006,0
7245,7007,0
7246,7008,0
7247,7009,0
7248,7010,1
7250,7012,0
7252,7014,0
7254,7016,0
7255,7017,0
7256,7018,0
7259,3075,0
7261,7022,0
7262,7023,0
7263,7024,0
7264,7025,0
7267,7028,0
7268,7029,0
7269,7030,0
7270,7031,0
7272,7033,0
7274,7035,0
7275,7036,0
7277,7038,0
7278,7039,0
7279,7040,0
7281,7042,0
7282,7043,0
7283,7044,0
7284,7045,0
7286,7047,0
7287,7048,0
7288,7049,1
7290,7051,0
7291,7052,0
7292,7053,0
7294,7055,0
7295,7056,0
7296,7057,0
7297,6987,0
7301,7061,0
7302,7062,0
7303,7063,0
7304,7064,0
7305,7065,0
7307,7067,0
7309,7069,0
7311,7071,0
7312,7072,0
7316,7076,0
7317,7077,0
7318,7078,0
7320,7080,0
7321,7081,0
7322,7082,0
7329,7089,0
7331,7091,0
7333,7093,0
7334,7094,0
7335,7095,0
7337,7097,0
7338,7098,0
7339,7099,0
7340,7100,0
7341,7101,0
7342,7102,0
7343,7103,0
7344,7104,0
7345,7105,0
7346,7106,0
7347,7107,0
7348,7108,0
7349,7109,0
7350,7110,0
7351,7111,0
7352,7112,0
7355,7115,0
7356,7116,0
7357,7117,0
7359,7119,1
7360,7120,0
7361,7121,0
7362,7122,0
7363,7123,0
7364,7124,0
7365,7125,0
7366,7126,0
7367,7127,0
7368,7128,0
7369,7129,0
7372,7132,0
7373,7133,0
7374,7134,0
7376,7136,0
7377,7137,0
7378,7138,0
7379,7139,0
7381,7141,0
7382,7142,0
7383,7143,0
7384,7144,0
7385,7145,0
7387,7147,0
7391,7151,0
7392,7152,0
7393,7153,0
7394,7154,0
7395,7155,0
7396,7156,0
7397,7157,1
7398,7158,0
7399,7159,0
7400,7160,0
7401,7161,0
7402,7162,0
7403,7163,0
7404,7164,1
7405,7165,0
7406,7166,0
7407,7167,0
7408,7168,0
7409,7169,0
7412,7172,0
7413,7173,0
7414,7174,0
7415,7175,0
7416,7176,0
7417,7177,0
7418,7178,0
7419,7179,1
7420,7180,0
7421,7181,0
7422,7182,0
7423,7183,0
7424,7184,0
7425,7185,0
7426,7186,0
7427,7187,0
7428,7188,0
7429,7189,0
7430,7190,0
7431,7191,0
7432,7192,0
7435,7195,0
7438,7198,0
7439,7199,0
7440,7200,0
7442,7202,0
7443,7203,0
7444,7204,1
7445,7205,1
7451,7211,0
7452,7212,0
7453,7213,0
7455,7215,0
7456,7216,0
7457,7217,0
7458,7218,0
7459,7219,0
7460,7220,0
7461,7221,0
7462,7222,0
7463,7223,0
7464,7224,0
7465,7225,0
7466,7226,0
7467,7227,0
7468,7228,0
7469,7229,0
7470,7230,1
7471,7231,0
7472,7232,0
7476,7236,0
7477,7237,0
7479,7239,0
7480,7240,0
7481,7241,0
7482,7242,0
7483,7243,0
7484,7243,0
7485,7244,0
7486,7245,1
7487,7246,0
7488,7247,0
7490,7249,0
7491,7250,0
7492,7251,0
7493,7252,0
7494,7253,0
7495,7254,0
7497,7256,0
7498,7257,0
7501,7260,0
7502,7261,0
7503,7262,0
7504,7263,0
7505,7264,0
7506,7265,0
7508,7267,0
7509,7268,0
7510,7269,0
7511,7270,0
7512,7271,0
7513,7272,0
7514,7224,0
7515,7273,0
7517,7275,0
7518,7276,0
7521,7279,0
7522,7280,0
7523,7281,0
7524,7282,0
7525,7283,0
7527,7285,0
7528,7286,0
7529,7287,0
7530,7288,0
7532,7290,0
7534,7183,0
7535,7292,0
7536,7293,0
7537,7294,0
7538,7295,0
7539,7296,0
7540,7297,0
7541,7298,0
7542,7299,1
7543,7120,0
7544,7300,1
7547,7288,0
7548,7303,0
7549,7304,0
7550,7305,1
7552,7307,0
7553,7308,0
7556,7311,0
7557,7312,0
7558,7313,0
7560,7315,0
7562,7317,0
7563,7318,0
7564,7319,0
7565,7320,0
7566,7321,0
7567,7322,0
7569,7324,0
7572,7327,0
7574,7329,0
7577,7332,0
7579,7334,0
7582,7337,0
7583,7338,0
7585,7340,0
7588,7343,0
7590,7345,0
7591,7346,0
7594,7349,0
7595,7350,0
7596,7351,0
7597,7352,0
7598,7353,0
7599,7354,0
7602,7357,0
7603,7358,0
7604,7359,0
7608,7363,0
7610,7365,0
7611,7366,0
7612,7367,0
7613,7368,1
7615,7370,0
7616,7371,0
7619,7374,0
7621,7376,0
7622,7377,0
7623,7378,0
7625,7380,0
7631,7386,0
7632,7387,0
7633,7388,0
7634,7389,0
7636,7391,0
7637,7392,0
7638,7393,0
7639,7394,0
7640,7395,0
7641,7396,0
7642,7397,0
7643,7398,0
7645,7400,0
7646,7401,0
7647,7402,0
7648,7403,0
7649,7404,0
7652,7407,1
7653,7408,0
7654,7409,0
7655,7410,0
7656,7411,0
7657,7412,0
7659,7414,0
7661,7416,0
7663,7418,0
7664,7419,0
7665,7420,0
7666,7421,0
7667,7422,0
7668,7423,0
7670,7425,0
7671,7426,0
7672,7427,0
7673,7428,0
7679,7434,0
7680,7435,0
7681,7436,0
7683,7438,0
7684,7439,0
7685,7440,0
7686,7441,0
7688,7443,0
7691,7446,0
7692,7447,0
7693,7448,0
7694,7449,0
7695,7450,0
7696,7451,0
7697,7452,0
7698,7453,0
7699,7454,0
7700,7455,0
7702,7457,0
7703,7458,0
7704,7459,0
7705,7460,0
7706,7461,0
7708,7349,0
7709,7463,0
7710,7464,0
7711,7465,0
7712,7466,0
7713,7467,0
7714,7468,0
7715,7469,0
7717,7471,1
7718,7472,0
7719,7473,1
7720,7474,0
7721,7475,0
7722,7476,0
7730,7484,0
7731,7485,1
7734,7488,0
7735,7489,0
7736,7490,0
7738,7492,0
7742,7496,0
7743,7497,0
7744,7498,0
7746,7500,0
7748,7502,0
7751,7505,0
7752,7506,0
7753,7507,0
7754,7508,0
7755,7509,0
7756,7510,0
7757,7511,0
7758,7512,0
7761,7515,0
7762,7516,0
7763,7517,0
7765,7519,0
7767,7521,0
7770,7524,0
7771,7525,0
7772,7526,0
7773,7527,0
7774,7528,0
7782,7536,0
7783,7537,0
7784,7538,0
7785,7539,0
7787,7541,0
7788,7542,0
7789,7543,0
7791,7545,0
7792,7546,0
7794,7548,0
7796,7550,0
7797,7551,0
7798,7552,0
7800,7554,0
7802,7556,0
7804,7558,0
7805,7559,0
7806,7560,0
7807,7561,0
7808,7562,1
7810,7564,0
7811,7565,0
7812,7566,0
7813,7567,0
7814,7568,1
7817,7571,1
7818,7572,0
7821,7575,0
7823,7576,0
7824,7577,0
7828,7581,0
7829,7582,0
7830,7583,0
7831,7584,0
7833,7586,0
7834,7587,0
7835,7588,1
7836,7589,0
7837,7590,0
7838,7591,0
7840,7593,0
7841,7594,0
7842,7595,0
7846,7599,0
7847,7600,0
7852,7604,0
7853,7605,0
7854,7606,0
7855,7607,0
7856,7608,0
7858,7610,0
7859,7611,0
7861,7613,0
7862,7614,0
7865,7617,0
7866,7618,0
7868,7620,0
7870,7622,0
7871,7623,0
7874,7626,0
7875,7627,0
7876,7628,0
7880,7632,0
7881,7633,1
7882,7634,0
7883,7635,0
7884,7636,0
7886,7638,0
7887,7639,0
7888,7640,0
7889,7641,0
7890,7642,0
7892,7644,0
7893,7645,0
7894,7646,0
7895,7647,0
7896,7648,0
7897,7649,0
7898,7650,0
7899,7651,0
7900,7652,0
7902,7654,0
7903,7655,0
7904,7656,0
7905,7657,0
7906,7658,0
7907,7659,0
7908,7660,0
7909,7661,0
7910,7662,0
7911,7663,0
7912,7664,0
7914,7666,0
7915,7667,0
7916,7668,0
7917,7669,0
7919,7671,0
7920,7672,0
7921,7673,0
7922,7674,0
7924,7676,0
7925,7677,0
7927,7679,0
7928,7680,0
7931,7683,0
7932,7684,0
7933,7685,1
7934,7686,0
7935,7687,0
7936,7688,0
7937,7689,0
7940,7692,0
7941,7693,0
7942,7694,0
7944,7696,0
7945,7697,0
7946,7698,0
7948,7700,0
7951,7703,0
7952,7704,1
7953,7705,0
7954,7706,0
7955,7707,0
7957,7709,0
7958,7710,0
7961,7713,0
7962,7714,0
7964,7716,0
7965,7717,0
7967,7719,0
7968,7720,0
7969,7721,0
7970,7722,0
7971,7723,0
7972,7724,0
7973,7725,0
7974,7726,0
7975,7727,0
7976,7728,0
7979,7731,0
7980,7732,0
7982,7734,0
7983,7735,1
7984,7736,0
7985,7737,0
7986,7738,0
7987,7732,0
7991,7742,0
7992,7743,0
7993,7744,0
7994,7745,0
7995,7746,0
7997,7748,0
8000,7751,0
8001,7752,0
8003,7754,0
8005,7756,0
8006,7757,0
8008,7759,0
8009,7760,0
8010,7761,0
8011,7762,0
8014,7765,1
8017,7768,0
8018,7769,0
8020,7771,0
8021,7772,0
8022,7773,0
8023,7774,0
8024,7775,0
8025,7776,0
8026,7777,0
8027,7734,0
8028,7778,0
8030,7780,0
8031,7781,0
8032,7782,0
8033,7783,0
8034,7784,0
8036,7786,0
8037,7787,0
8038,7788,0
8041,7791,0
8042,7792,0
8043,7793,0
8044,7794,0
8045,7795,0
8046,7796,0
8047,7797,0
8048,7798,0
8049,7799,0
8050,7800,0
8051,7801,0
8052,7802,0
8055,7805,0
8056,7806,0
8057,7807,0
8058,7808,0
8059,7809,0
8060,7810,0
8061,7811,0
8063,7813,0
8064,7814,0
8065,7815,0
8066,7816,0
8067,7817,0
8068,7818,0
8069,7819,0
8070,7820,0
8071,7821,0
8072,7822,0
8074,7824,0
8076,7826,0
8078,7828,0
8079,7829,0
8080,7830,0
8081,7831,0
8082,7832,0
8084,7834,0
8086,7836,0
8087,7837,0
8088,7838,0
8090,7840,0
8092,7842,0
8094,7844,0
8095,7845,0
8096,7846,0
8098,7848,0
8099,7849,0
8100,7850,0
8102,7852,0
8104,7854,0
8105,7855,0
8106,7856,0
8107,7857,0
8109,7859,0
8110,7860,0
8111,7861,0
8112,7862,1
8113,7863,0
8114,7864,0
8115,7865,0
8116,7866,0
8119,7869,0
8120,7870,0
8121,7871,0
8124,7874,0
8125,7875,0
8127,7877,0
8128,7878,0
8130,7880,1
8131,7881,0
8132,7882,0
8134,7884,0
8135,7885,1
8137,7887,0
8139,7889,0
8140,7890,0
8141,7891,0
8143,7893,0
8144,7894,0
8146,7896,0
8147,7897,0
8148,7898,0
8150,7900,0
8151,7901,0
8152,7902,0
8154,7904,0
8155,7905,0
8159,7909,0
8160,7910,0
8161,7911,0
8162,7912,0
8164,7914,0
8165,7915,0
8166,7916,0
8167,7917,0
8168,7918,0
8169,7919,0
8170,7920,0
8171,7921,0
8174,7924,0
8175,7925,0
8176,7926,0
8177,7927,0
8178,7928,0
8181,7931,0
8182,7932,0
8183,7933,0
8184,7934,0
8185,7935,0
8187,7937,0
8188,7938,0
8189,7939,0
8190,7940,0
8191,7941,0
8193,7943,0
8194,7944,0
8196,7946,1
8198,7948,0
8199,7949,0
8200,7950,0
8201,7951,0
8203,7953,0
8206,7956,0
8207,7957,0
8209,7959,0
8210,7960,0
8213,7963,0
8216,7966,0
8220,7970,0
8221,7971,0
8222,7972,0
8224,7974,0
8225,7975,0
8227,7977,0
8228,7978,0
8229,7979,0
8231,7981,0
8232,7982,0
8236,7986,0
8238,7988,0
8239,7989,0
8240,7990,0
8241,7991,0
8242,7992,0
8244,7994,0
8245,7995,0
8246,7996,1
8247,7997,0
8248,7998,0
8249,7999,0
8252,8002,0
8255,8005,0
8256,8006,0
8257,8007,0
8258,8008,0
8259,8009,0
8264,8014,0
8265,8015,0
8268,8018,0
8270,8020,0
8273,8023,0
8274,8024,0
8275,8025,0
8278,8028,0
8279,8029,1
8280,8030,0
8281,8031,0
8282,8032,0
8284,8034,0
8285,8035,0
8286,8036,0
8288,8038,0
8289,8039,0
8290,8040,0
8291,8041,0
8294,8044,0
8295,8045,0
8296,8046,0
8298,8048,0
8299,8049,0
8301,8051,0
8303,8053,0
8304,7956,0
8305,8054,0
8307,8056,0
8308,8057,0
8311,8060,0
8312,8061,0
8314,8063,0
8315,8064,1
8317,8066,0
8319,8068,0
8322,8071,0
8323,8072,0
8324,8073,0
8325,8074,0
8326,8075,0
8327,8076,0
8330,8079,0
8331,8080,0
8332,8081,0
8334,8083,0
8335,8084,0
8336,8085,0
8337,8086,0
8338,8087,0
8340,8089,0
8341,8090,0
8342,8091,0
8343,8092,0
8345,8094,0
8346,8095,0
8348,8097,0
8349,8098,0
8352,8101,0
8354,8103,0
8355,8104,1
8357,8106,0
8361,8110,0
8364,8113,0
8365,8114,0
8366,8115,0
8368,8117,0
8370,8119,0
8371,8120,0
8372,8121,0
8374,8123,0
8376,8125,0
8377,8126,0
8378,8127,0
8379,8128,0
8380,8129,0
8381,8130,0
8385,8134,0
8386,8135,0
8387,8136,0
8388,8137,0
8390,8139,0
8392,8141,0
8393,8142,0
8394,8143,0
8395,8144,0
8396,8145,0
8397,8146,0
8398,8147,0
8399,8148,0
8401,8150,0
8402,8151,0
8404,8153,0
8405,8154,0
8406,8155,0
8407,8156,0
8408,8157,0
8409,8158,0
8411,8160,0
8412,8161,0
8414,8163,0
8415,8164,0
8417,8166,1
8418,8167,0
8420,8169,0
8423,8172,0
8424,8173,0
8426,8175,0
8429,8178,0
8432,8181,0
8435,8184,1
8436,8185,0
8438,8187,0
8439,8188,0
8440,8189,0
8442,8191,0
8445,8194,0
8447,8196,0
8449,8198,0
8450,8199,0
8451,8200,0
8452,8201,0
8453,8202,0
8454,8203,0
8458,8207,0
8459,8208,0
8460,8209,0
8461,8210,0
8462,8211,0
8463,8212,0
8464,8213,0
8466,8215,0
8467,8216,0
8469,8218,0
8470,8219,0
8471,8220,0
8472,8221,0
8473,8222,0
8474,8223,0
8475,8224,0
8477,8226,0
8478,8227,0
8479,8228,0
8480,8229,0
8481,8230,0
8482,8231,0
8483,8232,0
8484,8233,0
8486,8235,0
8487,8236,0
8488,8237,0
8489,8238,1
8490,8239,0
8492,8241,0
8493,8242,0
8494,8243,0
8495,8244,0
8496,8245,0
8497,8246,0
8498,8247,0
8500,8249,0
8502,8251,1
8503,8252,0
8504,8253,0
8507,8256,0
8510,8259,0
8512,8261,0
8513,8262,0
8515,8264,0
8517,8266,0
8518,8267,0
8519,8268,0
8520,8269,0
8521,8270,0
8522,8271,0
8523,8272,0
8524,8273,0
8525,8274,0
8526,8275,0
8527,8276,0
8528,8277,1
8530,8279,0
8531,8280,0
8532,8281,0
8534,8283,0
8535,8284,1
8536,8285,0
8537,8286,0
8539,8288,0
8541,8290,0
8542,8291,1
8543,8292,0
8544,8293,0
8545,8294,0
8546,8295,0
8548,8297,0
8551,8300,0
8552,8301,0
8553,8302,0
8554,8303,0
8555,8304,0
8558,8307,0
8559,8308,0
8561,8310,0
8562,8311,0
8563,8312,0
8564,8313,0
8565,8314,0
8567,8312,0
8568,8316,1
8569,8317,0
8570,8318,0
8572,8320,0
8575,8323,0
8579,8327,0
8580,8328,0
8581,8329,0
8582,8330,0
8583,8331,0
8584,8332,0
8586,8334,0
8587,8335,0
8588,8336,0
8589,8337,0
8590,8338,0
8591,8339,0
8595,8330,0
8596,8343,1
8597,8344,0
8598,8345,0
8599,8346,1
8602,8349,0
8603,8350,1
8606,8353,0
8607,8354,1
8610,8357,0
8613,8360,0
8614,8361,0
8615,8362,0
8616,8363,0
8617,8364,1
8618,8365,0
8619,8366,0
8620,8367,0
8621,8368,1
8623,8370,0
8624,8371,0
8625,8372,0
8626,8373,0
8629,8376,0
8630,8377,0
8632,8379,0
8633,8380,0
8635,8382,0
8636,8383,0
8637,8384,0
8638,8385,0
8639,8382,0
8641,8387,0
8642,8388,0
8644,8390,0
8645,8391,0
8646,8392,0
8647,8393,0
8650,8396,0
8652,8398,0
8654,8400,0
8655,8401,0
8656,8402,0
8657,8403,0
8658,8404,0
8660,8406,0
8661,8407,0
8662,8408,0
8665,8411,0
8666,8412,0
8667,8413,0
8669,8415,0
8670,8416,0
8671,8417,0
8673,8417,0
8675,8420,0
8676,8421,0
8677,8422,0
8678,8423,0
8679,8424,0
8680,8425,0
8682,8427,0
8683,8428,0
8684,8429,0
8686,8431,0
8688,8433,0
8689,8434,0
8690,8435,0
8691,8436,0
8692,8437,0
8693,8438,0
8694,8439,0
8696,8441,0
8697,8442,0
8698,8443,0
8699,8444,0
8700,8445,0
8702,8447,0
8703,8447,0
8705,8449,0
8706,8343,0
8707,8450,0
8709,8452,0
8710,8453,0
8711,8454,0
8714,8457,0
8715,8458,0
8716,8459,0
8717,8460,0
8718,8461,0
8719,8462,0
8721,8464,0
8722,8465,0
8723,8466,0
8725,8468,0
8726,8385,0
8727,8469,0
8728,8470,0
8729,8471,0
8730,8472,0
8733,8475,0
8734,8476,0
8737,8479,0
8741,8483,0
8743,8485,0
8745,8487,0
8746,8488,0
8747,8489,0
8751,8493,0
8752,8494,0
8753,8495,0
8754,8495,0
8757,8498,0
8761,8502,0
8762,8503,0
8763,8504,0
8764,8505,0
8765,8506,0
8766,8507,0
8767,8508,0
8768,8509,0
8773,8513,0
8774,8514,0
8775,8515,0
8776,8516,0
8777,8517,0
8778,8518,0
8780,8520,0
8781,8521,0
8782,8522,0
8783,8523,0
8784,8524,0
8785,8525,0
8786,8526,0
8789,8529,0
8790,8530,0
8791,8531,0
8794,8534,0
8795,8535,0
8796,8536,0
8798,8538,0
8799,8539,0
8800,8540,0
8801,8541,0
8803,8543,0
8805,8545,0
8806,8546,0
8808,8504,0
8809,8548,0
8814,8553,0
8815,8554,0
8816,8555,0
8817,8556,1
8819,8558,0
8820,8559,0
8821,8560,1
8826,8565,1
8827,8566,0
8828,8567,0
8829,8568,0
8830,8569,0
8831,8570,0
8833,8572,0
8834,8573,0
8835,8574,0
8838,8577,0
8839,8578,0
8841,8580,0
8842,8581,0
8843,8582,0
8844,8583,0
8845,8584,0
8846,8585,0
8847,8586,0
8848,8587,0
8849,8588,0
8851,8590,0
8852,8591,0
8853,8592,0
8854,8593,0
8856,8595,0
8858,8597,0
8859,8598,0
8860,8599,0
8861,8600,0
8862,8601,0
8863,8602,0
8864,8603,0
8865,8604,0
8866,8605,1
8867,8606,0
8868,8607,0
8869,8608,0
8870,8609,0
8872,8611,0
8874,8485,0
8876,8614,0
8877,8615,0
8878,8616,0
8879,8617,0
8880,8618,0
8885,8623,0
8886,8624,0
8887,8625,0
8890,8628,0
8891,8629,0
8892,8630,0
8895,8633,0
8896,8634,0
8897,8635,1
8898,8636,0
8900,8638,0
8901,8639,0
8904,8642,0
8905,8643,0
8906,8644,1
8907,8645,0
8908,8646,0
8909,8647,0
8910,8648,0
8911,8649,0
8912,8650,1
8913,8651,1
8916,8654,0
8918,8656,0
8919,8657,0
8922,8660,0
8923,8661,0
8924,8662,0
8926,8664,0
8927,8665,0
8929,8667,0
8930,8668,0
8931,8669,0
8933,8540,0
8934,8671,0
8935,8672,0
8937,8674,0
8938,8675,0
8939,8676,0
8940,8677,0
8942,8679,0
8943,8680,0
8944,8681,0
8945,8682,0
8946,8647,0
8947,8683,0
8948,8684,0
8950,8686,0
8951,8687,0
8952,8688,0
8954,8690,0
8955,8691,0
8958,8693,1
8959,8694,0
8962,8697,0
8963,8698,0
8964,8699,0
8965,8700,0
8966,8701,0
8967,8702,0
8968,8701,0
8969,8703,0
8970,8704,0
8971,8705,0
8972,8706,0
8973,8707,0
8974,8708,0
8975,8709,0
8977,8711,1
8980,8714,0
8982,8716,0
8983,8717,0
8984,8718,0
8985,8719,0
8986,8720,0
8987,8721,0
8988,8722,0
8990,8724,0
8991,8725,0
8992,8726,0
8997,8731,0
8998,8732,0
9000,8734,0
9003,8737,1
9004,8738,0
9008,8742,0
9009,8743,0
9010,8694,0
9013,8746,0
9015,8748,0
9017,8750,0
9018,8751,0
9019,8752,0
9020,8753,0
9022,8755,0
9025,8758,0
9026,8759,0
9028,8761,1
9029,8762,0
9030,8763,0
9031,8764,0
9032,8765,0
9033,8766,0
9034,8767,0
9035,8768,0
9036,8769,0
9037,8770,0
9039,8772,0
9040,8773,0
9041,8748,0
9043,8775,0
9044,8776,0
9045,8777,0
9046,8778,0
9049,8781,0
9051,8783,0
9052,8784,0
9054,8786,0
9055,8787,0
9057,8789,0
9058,8790,0
9059,8791,0
9060,8792,0
9061,8793,0
9065,8797,0
9066,8798,0
9067,8799,0
9068,8800,0
9069,8801,0
9070,8802,0
9071,8803,0
9073,8805,0
9074,8806,0
9075,8807,0
9078,8810,0
9080,8812,0
9081,8813,0
9083,8815,0
9084,8816,0
9085,8817,0
9089,8821,0
9090,8822,0
9092,8824,0
9094,8826,0
9095,8827,0
9096,8828,0
9097,8829,0
9098,8830,0
9100,8832,0
9101,8833,1
9103,8835,0
9104,8836,0
9105,8837,0
9106,8838,0
9108,8840,0
9109,8841,0
9113,8845,0
9114,8846,0
9116,8848,0
9117,8849,0
9119,8851,0
9121,8853,0
9122,8854,0
9124,8856,0
9125,8857,0
9126,8858,0
9127,8859,0
9128,8860,0
9129,8861,0
9130,8862,0
9133,8865,0
9134,8866,0
9135,8867,0
9136,8868,0
9137,8869,0
9138,8870,0
9140,8872,0
9141,8873,0
9144,8876,0
9145,8877,0
9146,8878,0
9147,8879,0
9148,8880,0
9149,8856,1
9150,8881,0
9151,8882,0
9152,8883,0
9153,8884,0
9154,8885,0
9155,8886,0
9157,8888,1
9158,8889,0
9159,8890,0
9160,8891,0
9161,8892,0
9162,8893,0
9163,8894,0
9165,8896,0
9166,8897,0
9167,8898,0
9168,8899,0
9170,8901,0
9171,8902,0
9172,8903,0
9173,8904,0
9174,8905,0
9176,8907,0
9177,8908,0
9178,8909,0
9179,8910,0
9183,8914,0
9186,8917,0
9189,8920,0
9190,8921,0
9192,8923,0
9193,8924,0
9194,8925,0
9195,8926,0
9196,8927,1
9198,8929,0
9199,8930,0
9200,8931,0
9202,8933,0
9203,8934,1
9204,8935,1
9205,8936,0
9207,8938,0
9208,8939,0
9209,8940,0
9210,8941,0
9211,8942,0
9213,8944,0
9215,8946,1
9216,8947,0
9217,8948,0
9218,8949,0
9219,8950,0
9220,8951,0
9221,8952,0
9223,8954,0
9224,8955,0
9227,8958,0
9228,8959,0
9229,8960,0
9230,8961,0
9231,8962,0
9232,8963,0
9234,8965,0
9235,8966,0
9236,8967,0
9237,8968,0
9240,8971,0
9241,8972,0
9242,8973,0
9243,8974,0
9244,8975,0
9245,8976,0
9246,8977,0
9247,8978,0
9248,8979,0
9249,8980,0
9250,8981,0
9251,8982,0
9252,8983,0
9253,8984,0
9254,8985,0
9255,8986,0
9256,8987,1
9257,8988,0
9260,8991,0
9262,8993,0
9264,8995,0
9266,8997,0
9267,8998,0
9268,8999,0
9269,9000,0
9270,9001,0
9271,9002,0
9276,9007,1
9277,9008,0
9278,9009,0
9279,9010,0
9281,9012,0
9282,9013,0
9284,9015,0
9285,9016,0
9286,9017,0
9287,9018,0
9288,9019,0
9290,9021,0
9291,9022,0
9292,9023,0
9293,9024,0
9294,9025,0
9295,9026,0
9296,9027,0
9297,9028,0
9300,9031,0
9301,9032,0
9302,9033,0
9304,9035,0
9305,9036,0
9306,9037,0
9308,9039,0
9309,9040,0
9310,9041,0
9311,9042,0
9312,9043,0
9313,9044,0
9315,9046,0
9316,9047,0
9318,9049,0
9322,9053,0
9323,9054,0
9324,9055,0
9325,9056,0
9328,9059,0
9329,9060,0
9330,9061,0
9331,9062,0
9333,9064,0
9334,9065,0
9335,9066,0
9336,9067,0
9337,9068,0
9339,9070,0
9341,9072,0
9342,9073,0
9343,9074,0
9344,9075,0
9345,9076,0
9346,9077,0
9347,9078,0
9349,9080,0
9350,9081,0
9353,9084,0
9354,9085,0
9357,9088,0
9358,9089,0
9359,9090,0
9360,9091,0
9361,9092,0
9362,9093,0
9366,9097,0
9367,8978,0
9368,9098,0
9369,9099,0
9370,9100,0
9371,9101,0
9372,9102,0
9373,9103,0
9374,9104,0
9375,9105,0
9377,9107,0
9378,9108,0
9379,9109,0
9380,9110,0
9381,9111,0
9382,9112,0
9383,9113,0
9384,9114,0
9385,9115,0
9387,9117,0
9388,9118,0
9390,9120,0
9391,9121,0
9392,9122,0
9394,9124,0
9395,9125,0
9396,9126,0
9398,9127,0
9399,9128,0
9400,9129,0
9401,9130,0
9402,9131,0
9403,9132,0
9404,9133,0
9405,9134,0
9407,9136,0
9408,9137,0
9410,9056,0
9411,9139,0
9413,9141,0
9414,9142,0
9415,9143,0
9416,9144,0
9417,9145,0
9419,9147,0
9420,9148,0
9421,9149,0
9422,9150,0
9423,9151,0
9424,9152,0
9425,9075,0
9427,9154,0
9428,9155,0
9429,9156,0
9430,9157,0
9434,9161,0
9436,9163,0
9438,9165,0
9439,8884,0
9440,9166,0
9443,9169,0
9444,9170,0
9447,9173,1
9450,9176,0
9452,9178,0
9453,9179,0
9454,9180,0
9456,9182,0
9457,9183,0
9458,9184,0
9459,9185,0
9460,9186,0
9462,9188,0
9463,9189,0
9464,9190,0
9465,9191,0
9467,9193,0
9468,9194,0
9470,9196,0
9474,9200,0
9475,9201,0
9479,9205,0
9480,9206,0
9481,9207,0
9482,9208,0
9483,9209,0
9484,9210,0
9485,9211,0
9486,9212,0
9487,9213,0
9488,9214,0
9489,9215,0
9490,9216,0
9491,9217,0
9494,9220,0
9498,9224,0
9499,9225,0
9501,9227,0
9502,9228,0
9504,9230,0
9505,9231,0
9507,9233,0
9509,9235,0
9512,9238,0
9516,9242,0
9518,9244,0
9519,9245,0
9520,9246,0
9522,9248,0
9524,9250,1
9525,9251,0
9526,9252,0
9527,9253,0
9529,9255,0
9531,9257,0
9533,9259,0
9534,9260,0
9535,9261,0
9536,9262,0
9538,9264,0
9539,9265,0
9541,9267,0
9542,9268,0
9543,9269,0
9544,9270,0
9545,9271,0
9547,9273,1
9548,9274,0
9549,9275,0
9550,9276,0
9551,9277,0
9552,9278,0
9554,9280,0
9555,9281,0
9556,9282,0
9557,9283,0
9559,9285,0
9560,9286,0
9563,9289,0
9565,9291,0
9566,9292,0
9567,9291,0
9568,9293,0
9569,9294,0
9570,9295,0
9571,9296,0
9572,9297,1
9575,9300,0
9576,9301,0
9578,9303,0
9580,9300,0
9581,9305,0
9582,9306,0
9583,9307,0
9584,9308,0
9585,9309,1
9586,9310,0
9587,9311,0
9588,9312,0
9589,9313,0
9590,9314,0
9593,9317,0
9594,9318,0
9595,9319,0
9597,9321,0
9598,9297,0
9602,9324,0
9605,9327,0
9607,9329,0
9608,9330,0
9609,9331,0
9612,9334,0
9613,9335,0
9614,9336,0
9616,9338,0
9618,9340,0
9620,9342,0
9623,9345,0
9624,9346,0
9626,9348,0
9627,9349,0
9628,9350,0
9629,9351,0
9630,9352,0
9631,9353,0
9633,9355,0
9634,9356,0
9635,9357,0
9639,9361,0
9640,9362,0
9643,9365,0
9644,9366,0
9645,9367,0
9646,9368,0
9647,9369,0
9648,9370,0
9649,9371,0
9650,9372,1
9651,9373,0
9652,9374,0
9653,9375,0
9654,9376,0
9656,9378,0
9657,9379,0
9658,9380,0
9663,9385,0
9664,9386,0
9665,9387,0
9666,9388,0
9667,9389,0
9669,9391,0
9670,9392,0
9671,9393,0
9672,9394,0
9673,9395,0
9674,9396,0
9676,9398,0
9677,9399,0
9679,9401,0
9680,9402,0
9682,9404,0
9683,9405,0
9685,9407,0
9686,9408,0
9687,9409,0
9688,9410,0
9689,9411,0
9690,9412,0
9691,9413,0
9692,9414,0
9694,9416,0
9696,9418,0
9697,9419,0
9698,9420,0
9699,9421,0
9700,9422,0
9701,9423,0
9702,9424,0
9704,9426,0
9705,9427,1
9707,9429,0
9708,9430,1
9710,9432,0
9712,9434,0
9715,9437,0
9716,9438,0
9717,9439,0
9723,9445,0
9724,9446,0
9725,9447,0
9729,9451,0
9731,9453,0
9732,9454,0
9735,9457,0
9737,9459,0
9738,9460,0
9740,9462,0
9741,9463,1
9742,9464,0
9743,9465,0
9744,9466,0
9745,9467,0
9746,9468,0
9747,9469,0
9748,9470,0
9749,9471,0
9750,9472,0
9751,9473,0
9753,9475,0
9754,9476,0
9757,9479,0
9758,9480,0
9759,9481,0
9761,9483,0
9762,9484,0
9763,9485,0
9764,9486,0
9765,9487,0
9767,9489,0
9769,9491,0
9770,9492,0
9773,9495,0
9774,9496,0
9775,9497,0
9776,9498,0
9777,9499,0
9778,9500,0
9779,9501,0
9780,9502,0
9781,9503,0
9782,9504,0
9784,9506,0
9785,9507,0
9786,9508,0
9787,9509,0
9788,9510,0
9790,9512,0
9791,9513,0
9792,9514,1
9795,9517,0
9796,9518,1
9797,9519,0
9798,9520,0
9799,9521,0
9800,9522,0
9802,9524,0
9803,9525,0
9804,9526,0
9807,9529,0
9809,9531,0
9810,9532,0
9811,9533,1
9812,9534,0
9813,9535,0
9815,9537,0
9816,9538,0
9817,9539,0
9820,9542,0
9821,9543,0
9822,9544,0
9823,9545,0
9824,9546,0
9825,9547,0
9826,9545,0
9827,9548,0
9828,9549,0
9832,9553,0
9833,9554,0
9834,9555,0
9837,9558,0
9838,9559,0
9839,9560,0
9841,9562,1
9842,9563,0
9844,9565,0
9847,9567,0
9848,9568,0
9849,9569,0
9851,9571,0
9852,9572,1
9853,9573,0
9854,9574,0
9855,9575,0
9856,9576,0
9857,9577,0
9859,9579,0
9861,9581,0
9863,9583,0
9864,9584,0
9865,9585,0
9866,9586,0
9867,9587,0
9868,9588,0
9869,9589,0
9870,9590,0
9871,9591,0
9872,9592,0
9873,9593,0
9875,9595,0
9878,9598,0
9879,9599,0
9880,9600,0
9881,9601,0
9885,9605,0
9886,9606,0
9887,9607,0
9888,9608,0
9889,9609,0
9890,9610,0
9891,9611,0
9893,9613,1
9894,9614,0
9895,9615,0
9896,9616,0
9897,9617,0
9898,9618,0
9900,9620,0
9901,9621,1
9904,9624,1
9905,9625,0
9906,9626,0
9907,9627,1
9910,9630,0
9911,9631,1
9913,9633,0
9914,9634,1
9917,9637,0
9918,9638,0
9919,9639,0
9921,9641,0
9923,9643,0
9924,9644,0
9926,9646,0
9927,9647,0
9928,9648,0
9930,9650,0
9932,9652,0
9933,9653,0
9935,9655,0
9936,9656,0
9938,9658,0
9939,9659,0
9940,9660,0
9945,9665,0
9946,9666,0
9947,9667,0
9949,9669,0
9950,9670,0
9951,9671,0
9952,9672,0
9955,9675,0
9957,9677,0
9958,9678,0
9959,9679,0
9960,9680,0
9961,9681,0
9962,9682,0
9963,9683,0
9964,9684,0
9965,9685,0
9967,9687,0
9968,9688,0
9969,9689,0
9973,9693,0
9974,9694,0
9975,9695,0
9977,9697,0
9978,9581,0
9979,9698,0
9982,9701,0
9984,9703,0
9985,9704,0
9986,9705,0
9987,9706,0
9988,9707,0
9994,9713,0
9995,9714,0
9996,9715,0
9997,9716,0
9998,9717,1
9999,9718,0
10000,9719,0
10001,9720,0
10002,9721,0
10003,9722,0
10006,9725,0
10007,9726,0
10008,9727,0
10011,9729,0
10013,9731,0
10014,9732,0
10015,9733,0
10016,9734,0
10017,9735,0
10018,9736,0
10020,9738,0
10022,9740,0
10023,9741,0
10024,9742,0
10025,9743,0
10026,9744,0
10029,9747,0
10030,9748,0
10033,9751,0
10034,9752,1
10035,9753,0
10037,9755,0
10039,9757,0
10040,9758,0
10043,9761,0
10044,9762,0
10045,9763,0
10047,9765,0
10048,9766,0
10049,9767,1
10051,9769,0
10053,9771,0
10054,9772,0
10055,9773,0
10057,9775,0
10058,9776,0
10059,9777,0
10060,9778,0
10061,9779,1
10062,9780,0
10063,9781,0
10064,9782,0
10065,9783,0
10066,9784,0
10067,9785,0
10068,9786,0
10069,9787,0
10071,9789,0
10072,9790,0
10073,9791,0
10074,9792,0
10075,9793,0
10076,9794,1
10077,9795,0
10078,9796,0
10081,9799,0
10082,9800,0
10083,9801,0
10085,9803,0
10086,9804,0
10087,9805,0
10089,9807,0
10091,9809,0
10092,9810,0
10093,9811,0
10094,9812,0
10096,9814,0
10097,9815,0
10098,9816,0
10099,9817,0
10101,9819,0
10102,9820,0
10103,9821,0
10106,9824,0
10107,9825,0
10108,9826,0
10109,9827,0
10110,9828,0
10112,9830,0
10113,9831,0
10114,9832,0
10116,9834,0
10118,9836,0
10120,9838,0
10122,9840,0
10123,9841,0
10124,9842,1
10126,9844,0
10127,9845,0
10129,9847,0
10131,9849,0
10132,9850,0
10135,9853,0
10136,9854,0
10137,9855,0
10138,9856,0
10139,9857,0
10144,9862,1
10145,9863,0
10146,9864,0
10147,9865,0
10149,9866,0
10150,9867,0
10151,9868,0
10154,9871,0
10156,9873,0
10158,9875,1
10159,9876,0
10160,9877,0
10161,9878,0
10163,9880,0
10164,9881,0
10166,9883,0
10167,9884,0
10168,9885,0
10169,9886,0
10170,9887,0
10171,9888,1
10173,9890,0
10175,9892,0
10176,9893,0
10178,9895,0
10179,9896,0
10180,9897,0
10182,9899,0
10183,9900,0
10184,9901,1
10185,9902,0
10186,9903,0
10189,9906,0
10191,9908,0
10193,9910,0
10194,9911,0
10195,9912,0
10199,9916,0
10200,9917,0
10201,9918,0
10202,9753,0
10203,9919,0
10204,9920,0
10205,9921,0
10206,9922,0
10208,9924,0
10209,9925,0
10210,9926,0
10211,9927,0
10212,9928,0
10213,9929,0
10214,9930,0
10215,9931,0
10216,9932,0
10218,9934,0
10219,9935,0
10220,9936,0
10221,9937,0
10222,9938,0
10223,9939,0
10228,9944,0
10229,9945,0
10230,9946,0
10231,9947,0
10234,9950,0
10235,9951,0
10236,9952,0
10238,9954,0
10239,9955,1
10240,9956,0
10241,9957,0
10242,9958,0
10243,9959,0
10244,9960,0
10245,9961,0
10246,9962,0
10247,9963,1
10249,9965,0
10251,9967,0
10254,9970,1
10256,9972,0
10257,9973,0
10259,9975,0
10260,9976,0
10261,9977,0
10263,9979,0
10264,9980,0
10265,9981,0
10266,9982,0
10267,9983,0
10268,9984,0
10269,9985,0
10271,9987,0
10272,9988,0
10273,9989,0
10274,9990,0
10275,9991,0
10276,9992,0
10278,9994,0
10279,9995,0
10280,9996,0
10282,9998,0
10283,9999,0
10285,10001,0
10287,10003,0
10289,10005,0
10293,9991,0
10295,10010,0
10296,10011,0
10297,10012,1
10300,10015,0
10302,10017,0
10305,10020,0
10308,10023,0
10309,10024,0
10310,10025,0
10311,10026,0
10312,10027,0
10313,10028,0
10317,10032,0
10318,10033,0
10319,10034,0
10320,10035,0
10321,10036,0
10322,10037,0
10323,10038,0
10324,10039,0
10325,10040,0
10326,10041,0
10327,10042,0
10328,10043,0
10329,10044,0
10333,10048,0
10334,9929,0
10335,10049,0
10336,10050,0
10337,10051,0
10338,10052,0
10339,10053,0
10341,10055,0
10343,10057,0
10344,10058,0
10346,10060,0
10347,10061,0
10348,10062,0
10351,10065,0
10352,10066,0
10353,10067,1
10355,10069,0
10357,10071,0
10358,10072,0
10359,10073,0
10360,10074,0
10361,10075,0
10362,10076,0
10366,10080,0
10370,10084,0
10371,10085,0
10372,10086,0
10374,10088,0
10375,10089,0
10376,10090,0
10377,10091,0
10378,10092,0
10379,10093,0
10380,10094,0
10382,10096,0
10383,10097,0
10384,10098,0
10385,10099,0
10386,10100,0
10387,10101,0
10388,10102,0
10389,10103,0
10390,10104,0
10393,10107,0
10394,10108,0
10395,10109,0
10396,10110,0
10398,10112,0
10399,10113,0
10402,10116,1
10404,10118,0
10405,10119,0
10406,10120,0
10407,10121,0
10408,10122,0
10411,10125,0
10412,10126,0
10413,10127,0
10415,10129,0
10416,10130,0
10417,10131,0
10418,10132,1
10420,10134,0
10421,10135,0
10422,10136,0
10423,10137,0
10424,10138,0
10425,10139,0
10426,10140,0
10427,10141,0
10428,10142,0
10429,10143,0
10430,10144,0
10431,10145,0
10432,10146,0
10436,10150,0
10438,10152,0
10439,10153,0
10441,10155,0
10442,10156,0
10445,10159,0
10447,10161,0
10448,10162,0
10449,10163,0
10451,10165,0
10452,10166,0
10453,10167,0
10454,10168,0
10455,10169,0
10456,10170,1
10457,10171,0
10458,10172,0
10459,10173,0
10460,10174,0
10461,10175,0
10462,10176,0
10463,10177,0
10464,10178,0
10465,10179,0
10467,10181,0
10468,10182,0
10469,10183,0
10470,10184,0
10471,10185,0
10472,10186,0
10473,10187,0
10474,10188,0
10475,10189,0
10476,10190,0
10477,10191,0
10478,10192,0
10479,10193,0
10480,10194,0
10481,10195,0
10482,10196,0
10484,10198,0
10485,10199,0
10489,10203,0
10490,10204,0
10491,10205,0
10493,10207,0
10494,10208,0
10495,10209,0
10496,10210,0
10497,10211,0
10498,10212,0
10499,10213,0
10500,10214,0
10503,10217,0
10505,10219,0
10506,10220,0
10507,10221,0
10508,10222,0
10509,10223,0
10510,10224,0
10511,10225,0
10515,10229,0
10516,10230,0
10518,10232,0
10521,10235,0
10522,10236,0
10523,10237,0
10524,10238,0
10525,10239,0
10526,10240,0
10527,10241,0
10528,10242,0
10531,10245,0
10533,10247,0
10534,10248,0
10535,10249,0
10538,10252,0
10539,10253,0
10540,10254,0
10541,10255,0
10543,10257,0
10544,10258,1
10545,10259,0
10546,10260,0
10547,10261,0
10548,10262,0
10549,10263,0
10551,10265,0
10552,10266,0
10553,10267,0
10554,10268,0
10556,10270,0
10558,10272,0
10561,10275,0
10562,10276,0
10563,10277,0
10564,10278,0
10565,10279,0
10568,10282,0
10569,10283,0
10570,10284,0
10571,10285,0
10572,10286,0
10575,10289,0
10576,10290,0
10577,10291,0
10578,10292,0
10579,10293,0
10580,10294,0
10581,10295,0
10583,10297,0
10584,10298,0
10585,10299,0
10586,10300,0
10587,10301,0
10588,10302,0
10589,10303,0
10590,10304,0
10591,10305,0
10592,10306,0
10593,10307,0
10595,10309,0
10596,10310,0
10600,10314,0
10602,10316,0
10603,10317,0
10605,10319,0
10606,10320,0
10607,10321,0
10609,10323,0
10610,10324,0
10611,10325,0
10612,10326,0
10613,10327,0
10614,10328,0
10615,10329,0
10616,10330,0
10617,10331,0
10618,10332,0
10619,10333,0
10620,10334,0
10621,10335,0
10625,10339,0
10626,10340,0
10628,10342,0
10629,10343,0
10632,10346,0
10634,10348,0
10635,10349,1
10636,10350,0
10638,10352,0
10642,10356,0
10643,10357,0
10644,10358,0
10646,10360,0
10647,10361,0
10649,10363,0
10650,10364,0
10652,10366,0
10656,10370,0
10657,10371,0
10659,10373,1
10660,10374,0
10661,10375,1
10662,10376,0
10663,10377,1
10664,10378,0
10665,10379,0
10666,10380,0
10669,10383,0
10670,10384,0
10672,10386,0
10673,10387,0
10674,10388,0
10675,10389,0
10677,10391,0
10678,10392,0
10679,10393,0
10680,10394,0
10681,10395,0
10682,10396,0
10683,10397,0
10685,10399,1
10689,10403,0
10690,10404,0
10691,10405,0
10693,10407,0
10695,10409,0
10697,10411,0
10698,10412,0
10699,10413,0
10700,10414,0
10702,10416,0
10703,10417,0
10704,10418,1
10705,10419,0
10706,10420,0
10707,10421,1
10708,10422,0
10709,10423,0
10710,10424,0
10711,10425,0
10712,10426,0
10713,10427,0
10714,10428,0
10715,10429,0
10717,10431,0
10718,10432,0
10719,10433,0
10720,10434,0
10721,10435,0
10723,10437,0
10725,10439,0
10726,10440,0
10727,10441,0
10728,10442,0
10730,10444,0
10732,10446,0
10734,10448,0
10735,10449,0
10737,10451,0
10739,10453,0
10740,10454,0
10741,10455,0
10742,10456,0
10743,10457,0
10744,10458,0
10745,10459,0
10746,10460,0
10747,10461,0
10748,10462,0
10749,10463,0
10751,10465,0
10752,10466,0
10754,10468,0
10755,10469,0
10757,10471,0
10758,10472,0
10759,10473,0
10760,10474,0
10761,10475,0
10762,10476,0
10763,10477,0
10764,10478,0
10767,10481,0
10769,10483,0
10772,10486,0
10773,10487,0
10774,10488,0
10775,10489,0
10777,10491,0
10781,10495,0
10784,10498,0
10785,10499,0
10788,10502,0
10791,10505,0
10792,10506,0
10794,10508,0
10797,10511,0
10799,10513,0
10803,10517,0
10804,10518,0
10805,10519,0
10806,10520,0
10807,10521,0
10810,10524,0
10811,10525,0
10812,10526,0
10813,10527,0
10814,10528,0
10815,10529,0
10816,10530,0
10817,10531,0
10819,10533,0
10820,10534,0
10822,10536,0
10823,10537,0
10824,10538,0
10825,10539,0
10826,10540,0
10828,10542,0
10829,10543,0
10830,10544,0
10831,10545,0
10832,10546,0
10833,10547,0
10835,10549,1
10836,10550,0
10837,10551,0
10838,10552,0
10839,10553,0
10840,10554,0
10841,10555,0
10842,10556,0
10845,10559,0
10846,10560,0
10847,10561,0
10848,10562,1
10850,10564,0
10852,10566,0
10853,10567,0
10854,10568,0
10856,10570,0
10857,10571,0
10858,10572,0
10859,10573,0
10860,10574,0
10861,10575,0
10862,10576,0
10864,10578,0
10865,10579,1
10866,10580,0
10867,10581,0
10868,10582,0
10871,10585,0
10874,10588,0
10875,10589,0
10879,10593,0
10880,10594,0
10881,10595,0
10885,10599,0
10886,10600,0
10887,10601,0
10888,10600,0
10889,10602,0
10890,10603,0
10891,10604,0
10892,10605,0
10895,10608,0
10896,10609,0
10897,10609,0
10898,10610,0
10900,10612,0
10901,10613,0
10905,10617,0
10906,10618,0
10907,10619,1
10908,10617,0
10909,10605,0
10910,10620,0
10911,10621,0
10914,10624,0
10915,10625,0
10916,10626,1
10918,10628,0
10920,10630,0
10921,10631,0
10922,10632,0
10923,10633,0
10924,10634,0
10925,10635,0
10928,10638,0
10931,10641,0
10933,10643,0
10934,10644,0
10935,10645,0
10938,10647,0
10939,10648,0
10940,10649,0
10941,10650,0
10942,10651,0
10943,10652,0
10944,10651,0
10947,10655,0
10948,10656,0
10949,10657,0
10952,10660,0
10954,10662,0
10955,10663,0
10956,10663,0
10958,10665,0
10959,10666,0
10960,10667,0
10961,10668,0
10962,10669,0
10963,10670,0
10964,10671,0
10966,10673,0
10968,10675,0
10970,10677,0
10971,10678,0
10972,10679,0
10973,10677,0
10975,10681,0
10976,10682,0
10977,10683,1
10978,10684,0
10979,10685,1
10980,10686,0
10981,10687,1
10982,10688,0
10983,10689,0
10985,10691,0
10986,10692,0
10988,10694,0
10989,10695,0
10991,10697,0
10993,10699,0
10994,10700,0
10996,10702,0
10998,10704,0
10999,10705,0
11001,10707,0
11002,10708,0
11003,10709,0
11004,10667,0
11005,10710,0
11006,10711,0
11007,10712,0
11008,10713,0
11010,10715,0
11011,10716,0
11012,10717,1
11013,10718,0
11014,10719,0
11015,10720,0
11017,10722,0
11018,10723,0
11019,10724,0
11020,10725,1
11021,10726,0
11024,10729,0
11025,10730,0
11027,10732,0
11029,10734,0
11030,10735,0
11031,10736,0
11032,10737,0
11034,10739,0
11035,10740,0
11038,10743,0
11039,10744,0
11040,10745,0
11041,10746,0
11042,10747,0
11044,10749,0
11045,10750,0
11047,10752,0
11048,10753,0
11049,10754,0
11051,10756,0
11052,10757,0
11057,10762,0
11058,10763,0
11059,10764,0
11060,10765,0
11063,10768,0
11064,10769,0
11066,10771,0
11067,10772,0
11068,10773,0
11069,10774,0
11070,10775,1
11071,10776,0
11073,10778,0
11074,10779,0
11075,10780,0
11079,10784,0
11080,10785,0
11082,10787,0
11084,10789,0
11085,10790,0
11086,10791,0
11087,10792,0
11088,10793,0
11090,10795,0
11091,10796,0
11092,10797,0
11093,10798,0
11094,10799,0
11095,10800,0
11096,10801,0
11097,10802,0
11100,10805,1
11101,10806,0
11102,10807,0
11103,10808,0
11105,10810,0
11106,10811,0
11107,10812,0
11108,10813,0
11110,10815,0
11111,10799,0
11112,10816,0
11113,10817,0
11114,10818,0
11115,10819,0
11118,10822,0
11119,10823,0
11121,10825,0
11124,10828,0
11127,10831,0
11128,10832,0
11129,10833,0
11130,10834,0
11131,10835,0
11133,10837,0
11136,10840,0
11137,10841,0
11138,10842,0
11139,10843,0
11142,10846,0
11143,10847,0
11145,10849,0
11146,10850,0
11147,10851,0
11149,10853,0
11150,10854,0
11151,10855,0
11153,10857,0
11154,10858,0
11155,10859,0
11158,10858,0
11159,10862,0
11163,10866,0
11164,10867,0
11165,10868,0
11166,10869,0
11167,10870,0
11168,10871,0
11170,10873,0
11171,10874,0
11174,10877,0
11175,10878,0
11176,10879,0
11177,10880,0
11178,10881,0
11179,10882,0
11180,10883,0
11182,10885,0
11183,10886,0
11184,10887,0
11186,10889,0
11188,10891,0
11190,10893,0
11192,10895,0
11193,10896,0
11194,10897,0
11195,10898,0
11197,10900,0
11198,10901,0
11199,10902,0
11201,10903,0
11202,10904,0
11203,10905,0
11204,10906,0
11205,10907,0
11206,10908,0
11207,10909,0
11208,10910,0
11209,10911,0
11210,10912,0
11212,10914,0
11214,10916,0
11215,10917,0
11220,10922,0
11221,10923,0
11222,10924,0
11223,10925,0
11224,10926,0
11225,10927,0
11226,10928,0
11227,10929,0
11228,10930,0
11231,10933,0
11232,10934,0
11233,10935,1
11235,10937,0
11236,10938,0
11237,10939,0
11238,10940,0
11239,10941,0
11242,10944,0
11244,10946,1
11245,10947,0
11246,10948,0
11248,10950,0
11249,10951,0
11250,10952,0
11251,10953,0
11252,10954,0
11253,10955,0
11255,10957,1
11256,10958,0
11258,10960,0
11260,10962,0
11261,10963,0
11262,10964,0
11266,10968,0
11267,10969,0
11271,10973,0
11272,10974,0
11273,10975,0
11274,10976,1
11276,10978,0
11277,10979,0
11278,10980,0
11279,10981,0
11280,10982,0
11283,10985,0
11285,10987,0
11286,10988,0
11287,10989,0
11288,10990,0
11289,10880,0
11290,10991,0
11295,10996,0
11296,10997,0
11298,10999,0
11299,11000,0
11301,11002,0
11302,11003,0
11303,11004,0
11305,11006,0
11306,11007,0
11307,11008,0
11309,11009,0
11311,11011,0
11312,11012,0
11314,11014,0
11316,11016,0
11317,11017,1
11319,11019,0
11321,11021,0
11322,11022,0
11324,11024,0
11326,11026,0
11328,11028,0
11329,11029,0
11330,11030,0
11331,11031,0
11332,11032,0
11333,11033,0
11334,11034,0
11336,11036,0
11341,11041,0
11342,11042,0
11344,11044,0
11346,11046,1
11347,11047,0
11348,11048,1
11349,11049,0
11352,11052,0
11353,11053,0
11354,11054,0
11355,11055,0
11358,11058,0
11359,11059,0
11361,11061,0
11362,11062,0
11365,11065,0
11366,11066,0
11367,11067,0
11368,11068,0
11370,11070,0
11371,11071,0
11372,11072,0
11373,11066,0
11377,11076,0
11379,11078,0
11380,11079,0
11381,11080,0
11382,11081,0
11383,11082,0
11385,11084,0
11386,11085,0
11387,11086,0
11388,11087,0
11390,11089,0
11391,11090,0
11392,11091,0
11393,11092,0
11394,11093,0
11395,11094,0
11397,11096,0
11399,11098,0
11400,11099,0
11401,11100,0
11403,11102,0
11404,11103,0
11405,11104,0
11409,11108,0
11410,11109,0
11411,11110,0
11413,11112,0
11415,11114,0
11416,11115,0
11418,11117,0
11420,11119,0
11421,11120,0
11423,11122,0
11424,11123,0
11425,11124,0
11426,11125,0
11428,11127,0
11429,11128,0
11431,11130,0
11435,11108,0
11438,11136,0
11439,11137,0
11441,11139,0
11443,11141,0
11446,11144,0
11448,11146,0
11449,11147,1
11450,11148,1
11452,11150,0
11454,11146,0
11455,11152,0
11460,11156,0
11462,11158,0
11465,11161,0
11466,11162,0
11467,11163,0
11468,11164,0
11470,11166,0
11473,11168,0
11477,11172,0
11478,11173,0
11479,11174,0
11480,11175,0
11481,11130,0
11482,11176,0
11483,11177,0
11484,11178,0
11485,11179,0
11486,11180,0
11487,11181,0
11488,11182,0
11490,11184,0
11491,11185,0
11492,11186,1
11493,11187,0
11494,11188,0
11495,11189,0
11496,11190,0
11497,11191,0
11498,11192,0
11499,11193,0
11500,11194,0
11501,11195,0
11502,11196,0
11504,11139,0
11505,11198,0
11507,11200,0
11508,11201,0
11509,11202,0
11510,11203,0
11511,11204,0
11512,11205,0
11513,11206,0
11514,11207,0
11517,11210,0
11519,11212,0
11521,11214,0
11522,11215,0
11523,11216,0
11525,11218,0
11527,11220,0
11529,11222,1
11531,11224,0
11532,11225,1
11533,11226,0
11534,11227,0
11537,11230,0
11538,11231,0
11539,11232,0
11540,11233,0
11541,11234,0
11542,11235,0
11543,11236,0
11544,11237,0
11545,11238,0
11546,11239,0
11548,11241,0
11549,11242,1
11550,11243,0
11552,11245,1
11553,11246,0
11554,11247,0
11555,11248,0
11557,11250,0
11558,11251,0
11559,11252,0
11562,11254,0
11563,11255,0
11566,11258,0
11568,11260,0
11569,11261,0
11570,11262,0
11572,11264,0
11573,11265,0
11574,11266,0
11576,11268,0
11577,11269,0
11578,11270,0
11579,11271,0
11580,11272,0
11581,11273,0
11582,11274,0
11583,11275,0
11584,11276,0
11585,11277,0
11586,11278,0
11587,11279,0
11589,11281,0
11590,11282,0
11592,11284,0
11594,11286,0
11596,11288,0
11597,11289,0
11598,11290,0
11599,11291,0
11600,11292,0
11601,11293,0
11605,11297,0
11607,11299,0
11608,11300,0
11610,11302,0
11611,11303,0
11612,11304,0
11613,11305,0
11615,11307,0
11616,11308,0
11618,11310,0
11619,11311,0
11620,11312,0
11621,11313,0
11622,11314,0
11623,11315,0
11624,11316,0
11625,11317,0
11628,11320,0
11629,11321,0
11631,11323,0
11634,11326,0
11636,11328,0
11637,11329,0
11638,11330,0
11639,11331,0
11640,11332,0
11641,11333,0
11642,11334,0
11643,11335,0
11644,11336,0
11647,11339,0
11648,11340,0
11649,11341,0
11650,11342,0
11653,11345,0
11654,11346,0
11655,11347,0
11657,11349,0
11658,11350,0
11659,11351,0
11661,11353,0
11662,11354,0
11663,11355,0
11665,11357,0
11666,11358,0
11669,11361,0
11672,11364,0
11673,11365,0
11675,11367,0
11677,11369,0
11678,11370,0
11679,11371,0
11680,11372,0
11681,11373,0
11682,11374,0
11683,11375,0
11686,11378,0
11687,11379,0
11688,11380,0
11689,11381,0
11690,11382,1
11691,11383,0
11692,11384,0
11693,11385,0
11694,11386,0
11695,11387,0
11698,11390,0
11699,11391,0
11700,11392,0
11701,11393,0
11702,11394,0
11704,11396,0
11707,11399,0
11708,11400,1
11709,11401,0
11710,11402,0
11712,11404,0
11713,11405,0
11714,11406,0
11716,11408,1
11717,11409,1
11721,11413,0
11722,11414,0
11727,11419,0
11728,11420,0
11729,11421,0
11730,11422,0
11731,11423,0
11732,11424,0
11733,11425,0
11737,11429,1
11738,11430,0
11739,11431,0
11740,11432,0
11741,11433,0
11742,11434,0
11746,11438,0
11747,11439,0
11750,11442,0
11751,11443,0
11752,11444,1
11753,11445,0
11754,11446,0
11755,11447,0
11756,11448,0
11757,11449,0
11758,11450,0
11759,11451,0
11760,11452,0
11763,11455,0
11765,11457,0
11766,11458,0
11767,11459,0
11768,11304,0
11770,11461,0
11772,11463,0
11773,11464,0
11774,11465,0
11777,11468,0
11779,11470,0
11780,11471,0
11781,11472,0
11783,11474,0
11784,11475,0
11786,11477,0
11788,11479,0
11789,11480,0
11792,11483,0
11794,11485,0
11795,11486,0
11796,11487,0
11797,11488,0
11799,11490,0
11800,11491,0
11802,11493,0
11803,11494,0
11804,11495,0
11805,11496,0
11807,11498,0
11809,11500,0
11810,11501,0
11813,11504,0
11814,11505,0
11815,11506,0
11816,11507,0
11817,11508,0
11819,11510,0
11820,11511,0
11821,11512,0
11822,11513,0
11823,11514,0
11824,11515,0
11825,11516,0
11826,11517,0
11827,11518,0
11828,11519,0
11829,11520,0
11830,11521,0
11833,11524,0
11834,11525,0
11835,11526,0
11836,11527,0
11838,11529,0
11839,11530,0
11840,11531,0
11841,11532,0
11842,11533,0
11843,11534,0
11846,11537,0
11847,11538,0
11848,11539,0
11850,11541,0
11852,11543,0
11853,11544,0
11855,11546,0
11856,11547,0
11857,11548,0
11858,11549,0
11859,11550,0
11860,11551,0
11861,11552,0
11862,11553,0
11864,11555,0
11865,11556,0
11867,11558,0
11868,11559,0
11871,11562,0
11874,11565,0
11875,11566,0
11877,11568,0
11878,11569,0
11879,11570,0
11880,11571,0
11881,11572,0
11882,11573,0
11883,11574,0
11886,11577,0
11890,11581,0
11891,11582,0
11894,11585,0
11895,11586,0
11896,11587,0
11898,11589,0
11899,11590,0
11900,11591,0
11902,11593,0
11903,11594,0
11904,11595,0
11905,11596,0
11906,11597,0
11907,11598,0
11909,11600,0
11911,11602,0
11913,11604,0
11914,11605,0
11916,11607,0
11917,11608,0
11918,11609,0
11919,11610,0
11920,11611,0
11921,11612,0
11922,11613,0
11923,11614,0
11924,11615,0
11925,11616,0
11926,11617,0
11927,11618,0
11929,11620,0
11930,11621,0
11931,11622,1
11932,11623,0
11933,11624,1
11934,11625,0
11936,11627,1
11937,11628,1
11938,11629,0
11939,11630,0
11940,11631,0
11941,11632,0
11944,11635,0
11946,11637,0
11947,11638,1
11948,11639,0
11949,11640,0
11950,11641,0
11951,11642,0
11954,11645,0
11956,11647,0
11957,11648,0
11958,11649,0
11959,11650,0
11960,11651,0
11961,11652,1
11962,11653,0
11964,11655,0
11965,11656,0
11966,11657,0
11967,11658,0
11969,11660,0
11970,11661,0
11971,11662,0
11973,11664,0
11975,11666,0
11976,11667,0
11977,11668,0
11978,11669,0
11981,11672,0
11982,11673,0
11984,11675,0
11985,11676,0
11986,11677,0
11987,11678,0
11988,11679,0
11990,11681,0
11991,11682,0
11992,11683,0
11993,11684,0
11994,11685,0
11995,11686,0
11997,11688,0
11999,11690,0
12001,11692,0
12003,11694,0
12005,11696,0
12006,11697,0
12007,11698,0
12008,11699,0
12011,11702,0
12012,11703,0
12013,11704,0
12014,11705,0
12015,11706,0
12018,11709,0
12019,11710,0
12020,11711,0
12021,11712,0
12022,11713,0
12025,11716,0
12026,11717,0
12028,11719,0
12030,11721,0
12031,11722,0
12032,11723,0
12033,11724,0
12034,11725,0
12036,11727,0
12037,11728,0
12038,11729,0
12039,11730,1
12040,11731,0
12042,11733,0
12044,11735,0
12045,11736,0
12046,11737,0
12047,11738,0
12048,11739,0
12051,11742,0
12052,11743,0
12053,11744,0
12054,11745,0
12055,11746,0
12056,11747,0
12057,11748,1
12058,11749,0
12059,11750,0
12062,11753,0
12064,11755,0
12065,11756,0
12066,11757,0
12067,11758,0
12068,11758,0
12069,11759,0
12070,11760,0
12071,11761,0
12072,11762,0
12074,11764,0
12077,11767,0
12079,11769,0
12080,11770,0
12082,11772,0
12083,11773,0
12085,11775,0
12088,11778,0
12089,11779,0
12090,11780,0
12091,11781,0
12092,11782,0
12094,11784,0
12096,11786,0
12098,11788,0
12101,11791,0
12102,11792,0
12104,11794,0
12105,11795,0
12106,11796,0
12109,11799,0
12110,11800,0
12111,11801,0
12112,11802,0
12113,11803,0
12114,11804,0
12115,11805,0
12117,11807,0
12118,11808,0
12119,11809,0
12120,11810,0
12121,11811,0
12122,11812,0
12123,11813,0
12124,11814,0
12125,11815,0
12126,11816,0
12127,11817,0
12129,11819,0
12130,11820,0
12131,11821,0
12136,11826,0
12139,11829,1
12140,11830,0
12142,11832,0
12143,11833,0
12144,11834,0
12146,11836,0
12147,11837,0
12149,11839,0
12151,11841,0
12153,11843,0
12156,11846,0
12157,11847,0
12158,11848,0
12160,11850,0
12161,11850,0
12162,11851,0
12163,11852,0
12164,11853,0
12165,11854,0
12167,11856,0
12169,11858,0
12170,11859,0
12171,11860,0
12172,11861,0
12173,11862,0
12174,11863,0
12175,11863,0
12177,11865,0
12178,11866,0
12179,11867,0
12180,11868,0
12181,11869,0
12182,11870,0
12183,11871,0
12184,11872,0
12186,11874,0
12188,11876,0
12189,11877,0
12193,11881,0
12194,11882,0
12195,11883,1
12196,11884,0
12197,11885,0
12199,11887,0
12201,11889,0
12202,11890,0
12203,11891,0
12204,11892,0
12205,11893,0
12207,11895,0
12208,11896,0
12209,11897,0
12210,11898,0
12211,11899,0
12212,11900,0
12213,11901,0
12214,11902,0
12215,11903,0
12216,11904,0
12217,11905,0
12218,11906,0
12220,11908,0
12222,11910,0
12223,11911,0
12225,11913,0
12226,11914,0
12227,11915,0
12228,11916,0
12229,11917,0
12230,11918,0
12232,11920,0
12235,11923,0
12237,11925,0
12238,11926,0
12239,11927,0
12240,11928,0
12241,11929,0
12242,11930,0
12243,11931,0
12245,11933,0
12246,11934,0
12247,11935,0
12248,11936,0
12249,11937,0
12251,11939,0
12254,11942,0
12258,11944,0
12259,11945,0
12260,11946,0
12262,11947,0
12263,11948,0
12264,11949,1
12268,11953,0
12269,11954,0
12270,11955,0
12271,11956,0
12272,11957,0
12273,11958,0
12275,11960,0
12276,11961,0
12277,11962,0
12278,11963,0
12281,11966,0
12282,11967,0
12283,11968,0
12286,11971,0
12287,11972,0
12289,11974,0
12290,11975,0
12291,11976,0
12293,11978,0
12294,11979,0
12295,11980,0
12296,11981,0
12298,11983,0
12299,11984,0
12300,11985,0
12301,11986,0
12302,11986,0
12303,11987,0
12304,11988,0
12306,11990,0
12307,11991,0
12308,11992,0
12309,11993,0
12310,11994,0
12311,11995,0
12312,11996,0
12313,11997,0
12314,11998,0
12315,11999,0
12316,12000,0
12317,12001,0
12318,12002,0
12322,12005,1
12323,12006,0
12324,12007,0
12325,12008,0
12329,12011,0
12330,12012,0
12332,12014,0
12335,12017,0
12337,12019,0
12338,12020,0
12339,12021,0
12340,12022,0
12341,12023,0
12342,12024,0
12343,12025,0
12344,12026,0
12345,12027,0
12346,12028,0
12347,12029,0
12348,12030,0
12349,12031,0
12350,12032,0
12352,12034,0
12354,12036,0
12355,12037,0
12356,12038,0
12357,12039,0
12358,12040,0
12359,12041,0
12361,12043,0
12363,12045,0
12364,12046,0
12365,12047,0
12366,12048,0
12367,12049,0
12369,12051,0
12370,12052,0
12371,12053,0
12372,12054,0
12375,12057,0
12379,12061,0
12381,12063,0
12383,12065,0
12384,12066,1
12385,12067,1
12386,12068,0
12387,12069,1
12388,12070,0
12390,12072,0
12393,12075,0
12394,12076,0
12396,12078,0
12397,12079,0
12398,12080,0
12399,12081,0
12400,12082,0
12401,12083,0
12402,12084,0
12403,12085,0
12405,12087,0
12407,12089,0
12408,12090,0
12410,12092,0
12411,12093,0
12412,12094,0
12414,12096,0
12416,12098,0
12417,12099,0
12418,12100,0
12419,12101,0
12420,12102,0
12421,12103,0
12423,12105,0
12424,12106,0
12426,12108,0
12428,12110,0
12429,12111,0
12430,12112,0
12432,12114,0
12433,12115,1
12435,12117,0
12436,12118,0
12438,12120,0
12441,12123,0
12445,12127,0
12446,12128,0
12447,12129,0
12448,12130,0
12450,12132,0
12451,12133,0
12452,12134,0
12454,12136,0
12455,12137,1
12457,12139,0
12458,12140,1
12460,12142,0
12461,12143,1
12463,12145,0
12464,12146,0
12465,12147,0
12466,12148,1
12467,12149,1
12468,12150,0
12472,12154,0
12473,12155,0
12477,12159,0
12478,12160,0
12479,12161,0
12482,12164,0
12483,12165,0
12484,12166,0
12486,12168,0
12487,12169,0
12488,12170,0
12490,12172,0
12491,12173,0
12493,12175,0
12494,12176,0
12496,12178,0
12497,12179,0
12499,12181,0
12500,12182,0
12501,12183,1
12502,12184,0
12503,12185,0
12504,12186,0
12506,12179,1
12507,12188,0
12508,12189,0
12510,12191,0
12511,12192,0
12512,12193,0
12515,12196,0
12517,12198,0
12518,12199,0
12521,12202,0
12522,12203,0
12524,12205,0
12526,12205,1
12528,12208,0
12530,12210,0
12531,12211,0
12533,12213,0
12535,12215,0
12536,12216,0
12537,12217,0
12538,12218,0
12539,12219,0
12540,12220,0
12541,12221,0
12542,12222,0
12544,12224,0
12547,12227,0
12548,12228,0
12552,12232,0
12553,12233,0
12555,12234,0
12558,12237,0
12559,12238,0
12560,12239,0
12562,12241,0
12563,12242,0
12564,12243,0
12565,12244,1
12566,12245,0
12567,12246,0
12568,12247,1
12569,12248,0
12570,12249,0
12571,12250,0
12572,12251,0
12573,12252,0
12574,12253,0
12577,12256,0
12578,12257,0
12579,12258,0
12580,12259,0
12581,12260,0
12582,12261,0
12583,12262,0
12584,12263,0
12586,12265,1
12589,12268,0
12591,12270,0
12592,12271,0
12593,12272,0
12594,12273,0
12595,12274,0
12596,12275,0
12597,12276,0
12599,12278,0
12600,12279,0
12601,12280,0
12602,12279,0
12603,12281,0
12604,12282,0
12605,12283,1
12608,12286,0
12609,12287,0
12610,12288,0
12611,12289,0
12612,12290,0
12614,12292,0
12615,12293,0
12618,12296,0
12619,12297,0
12620,12298,0
12624,12302,0
12625,12303,0
12626,12304,0
12629,12307,0
12630,12308,0
12632,12310,0
12633,12311,0
12634,12312,0
12635,12313,0
12636,12314,0
12638,12316,0
12639,12317,0
12640,12318,0
12641,12319,0
12642,12320,0
12645,12323,0
12646,12324,0
12647,12325,0
12648,12326,0
12649,12327,0
12650,12328,0
12651,12329,0
12653,12331,0
12654,12332,0
12655,12333,0
12658,12336,0
12659,12337,0
12660,12338,0
12661,12339,0
12662,12340,0
12664,12342,0
12665,12343,0
12666,12344,0
12668,12346,0
12669,12347,0
12670,12348,0
12671,12349,0
12672,12350,0
12673,12351,0
12675,12353,0
12676,12354,0
12677,12355,0
12678,12356,0
12680,12358,0
12681,12359,0
12683,12361,0
12685,12363,0
12687,12365,0
12688,12366,0
12690,12368,0
12692,12370,0
12694,12372,0
12695,12373,0
12696,12374,0
12697,12375,0
12698,12376,0
12699,12377,0
12702,12380,0
12703,12381,0
12704,12382,0
12706,12384,0
12707,12385,1
12708,12386,0
12709,12387,0
12710,12388,0
12712,12390,0
12713,12391,0
12714,12392,0
12715,12393,0
12716,12394,0
12717,12395,0
12719,12397,0
12721,12397,0
12722,12397,0
12723,12399,0
12724,12400,0
12727,12403,0
12728,12404,0
12729,12405,0
12730,12406,0
12731,12407,0
12732,12408,0
12733,12408,0
12734,12409,0
12735,12410,0
12736,12411,0
12737,12412,0
12740,12414,0
12741,12415,0
12742,12416,0
12745,12419,0
12747,12421,0
12748,12422,0
12749,12423,0
12750,12424,0
12751,12423,0
12752,12425,0
12753,12426,0
12754,12427,0
12755,12428,0
12757,12430,0
12759,12432,0
12760,12433,0
12761,12434,0
12763,12436,0
12764,12434,0
12766,12438,1
12767,12433,1
12768,12439,0
12769,12439,0
12771,12441,0
12772,12442,0
12775,12445,0
12777,12445,0
12779,12448,0
12780,12449,0
12782,12451,0
12783,12452,0
12784,12453,0
12785,12454,1
12786,12455,0
12788,12456,0
12789,12455,0
12790,12457,0
12791,12458,0
12795,12462,0
12796,12463,0
12800,12466,0
12801,12467,0
12803,12469,1
12804,12470,0
12805,12471,0
12807,12473,0
12808,12474,0
12809,12475,1
12811,12477,0
12812,12478,0
12814,12480,0
12816,12482,0
12817,12483,0
12818,12484,0
12820,12484,0
12822,12486,0
12823,12480,1
12824,12487,0
12826,12489,1
12827,12490,0
12828,12491,0
12830,12480,0
12831,12473,0
12832,12492,0
12833,12492,0
12834,12493,0
12840,12491,0
12841,12499,0
12843,12501,1
12845,12503,0
12846,12504,0
12849,12506,0
12850,12507,0
12851,12508,0
12854,12511,0
12856,12410,0
12857,12513,1
12858,12514,0
12859,12515,0
12860,12515,0
12861,12516,0
12862,12517,0
12865,12520,0
12866,12521,1
12869,12524,0
12873,12528,0
12874,12529,0
12876,12531,1
12877,12532,0
12879,12534,0
12880,12535,0
12881,12515,0
12882,12532,0
12883,12536,0
12884,12537,0
12885,12515,0
12886,12538,0
12887,12539,1
12888,12540,0
12889,12541,0
12890,12542,0
12891,12543,0
12892,12544,0
12893,12545,0
12894,12546,0
12895,12547,0
12896,12548,0
12898,12549,0
12899,12550,0
12900,12551,0
12902,12553,0
12903,12554,0
12905,12556,0
12906,12556,0
12907,12486,0
12908,12543,0
12909,12556,0
12910,12557,0
12911,12558,0
12912,12559,0
12913,12560,0
12914,12561,0
12915,12562,0
12916,12563,0
12917,12564,0
12919,12566,0
12921,12568,0
12927,12422,0
12928,12571,0
12929,12572,0
12930,12573,0
12931,12574,0
12932,12575,1
12933,12576,0
12935,12577,0
12936,12578,0
12937,12579,0
12938,12580,0
12940,12582,0
12941,12583,0
12943,12585,0
12944,12586,0
12946,12587,0
12948,12588,0
12949,12589,0
12950,12590,0
12951,12591,0
12952,12592,0
12956,12596,0
12957,12597,0
12959,12599,0
12961,12601,0
12963,12603,0
12965,12605,0
12972,12610,0
12973,12611,0
12978,12616,0
12979,12617,0
12981,12619,0
12982,12620,1
12983,12621,1
12986,12624,0
12988,12626,0
12989,12627,0
12991,12629,0
12992,12630,0
12993,12631,0
12994,12632,0
12995,12633,0
12997,12635,0
12998,12636,0
13002,12638,0
13003,12639,0
13007,12640,0
13008,12641,0
13009,12642,0
13010,12643,0
13011,12644,1
13012,12645,0
13015,12647,0
13016,12648,1
13017,12649,0
13019,12651,0
13022,12652,0
13023,12653,0
13025,12632,0
13027,12656,1
13028,12657,0
13029,12658,0
13030,12659,0
13031,12660,1
13033,12662,0
13034,12663,0
13035,12664,0
13036,12665,0
13038,12666,0
13040,12668,0
13041,12669,0
13042,12670,0
13043,12671,0
13044,12672,0
13045,12673,0
13046,12674,0
13047,12675,0
13048,12676,0
13049,12627,0
13050,12677,0
13051,12678,0
13052,12679,0
13054,12537,0
13056,12682,0
13057,12683,0
13058,12624,0
13059,12684,0
13060,12685,0
13061,12686,0
13063,12645,0
13065,12688,0
13066,12689,0
13069,12692,0
13071,12693,0
13072,12694,0
13073,12695,0
13074,12696,0
13078,12699,0
13079,12700,0
13080,12699,0
13081,12699,0
13082,12701,0
13085,12703,0
13086,12704,0
13087,12705,0
13088,12706,0
13089,12707,0
13090,12708,0
13091,12631,0
13092,12709,0
13093,12710,0
13094,12449,0
13095,12711,0
13097,12713,0
13098,12714,0
13103,12719,0
13106,12721,0
13107,12722,0
13108,12723,0
13110,12725,0
13111,12726,0
13112,12727,0
13113,12728,0
13114,12729,0
13117,12731,0
13119,12733,0
13122,12735,0
13124,12737,0
13125,12738,0
13126,12739,0
13127,12740,0
13128,12741,0
13129,12742,1
13130,12743,0
13131,12744,1
13133,12746,0
13135,12748,0
13136,12749,0
13137,12750,1
13138,12751,0
13139,12752,0
13141,12752,0
13143,12755,0
13144,12752,0
13145,12752,0
13146,12752,0
13148,12757,0
13150,12758,0
13151,12752,0
13152,12758,0
13154,12760,0
13155,12761,0
13156,12762,0
13159,12763,0
13164,12767,0
13165,12768,0
13166,12769,0
13167,12767,0
13169,12767,0
13170,12767,0
13171,12771,0
13172,12767,0
13173,12772,0
13174,12773,0
13175,12774,0
13176,12762,1
13177,12775,0
13179,12776,0
13181,12778,0
13182,12779,0
13183,12780,0
13184,12779,0
13185,12781,0
13186,12782,1
13187,12783,0
13189,12784,1
13191,12786,0
13192,12787,0
13196,12791,0
13197,12735,0
13202,12794,0
13203,12795,0
13204,12794,0
13205,12796,0
13206,12774,0
13207,12797,0
13209,12799,0
13210,12800,0
13213,12803,0
13214,12804,0
13216,12806,0
13217,12807,1
13218,12808,1
13220,12810,0
13221,12811,0
13222,12812,0
13223,12813,1
13224,12813,1
13225,12814,0
13226,12815,0
13227,12816,0
13228,12814,0
13229,12817,0
13230,12818,0
13231,12819,1
13233,12821,0
13234,12822,0
13235,12823,0
13236,12824,0
13240,12824,0
13241,12827,0
13242,12828,0
13243,12829,0
13244,12830,0
13245,12831,0
13246,12832,0
13247,12833,0
13248,12834,0
13249,12835,0
13251,12837,0
13252,12838,0
13253,12839,0
13254,12838,0
13255,12840,0
13256,12841,0
13258,12843,1
13260,12845,0
13262,12816,0
13263,12847,0
13264,12848,0
13265,12849,0
13266,12850,0
13267,12851,0
13269,12816,1
13270,12853,0
13271,12854,0
13272,12855,0
13274,12857,0
13276,12816,1
13277,12859,0
13278,12860,0
13279,12861,0
13280,12862,0
13281,12863,1
13282,12861,0
13283,12864,0
13284,12865,0
13285,12866,0
13286,12867,0
13287,12868,0
13288,12869,0
13290,12871,0
13291,12872,0
13292,12864,0
13293,12873,1
13294,12874,0
13295,12875,0
13296,12875,0
13299,12878,0
13300,12879,0
13301,12880,0
13303,12854,0
13304,12882,0
13305,12883,0
13306,12884,0
13307,12885,0
13309,12883,0
13311,12887,0
13313,12889,0
13315,12891,0
13316,12892,0
13319,12895,0
13320,12896,0
13321,12897,0
13322,12898,0
13323,12899,0
13324,12900,0
13325,12901,0
13326,12775,0
13327,12902,0
13328,12903,0
13329,12898,0
13330,12904,0
13333,12907,0
13334,12908,0
13335,12909,0
13336,12910,0
13337,12911,0
13338,12891,0
13342,12914,0
13344,12916,0
13345,12916,0
13346,12917,0
13347,12918,0
13348,12919,0
13349,12920,0
13351,12922,0
13352,12923,0
13353,12924,0
13354,12925,0
13359,12929,0
13361,12931,0
13362,12932,0
13363,12933,0
13364,12934,0
13367,12937,0
13371,12941,0
13372,12942,0
13373,12943,0
13377,12947,0
13378,12948,0
13381,12951,0
13382,12952,0
13383,12953,0
13384,12954,0
13385,12955,0
13388,12957,0
13389,12958,0
13391,12959,0
13392,12960,0
13393,12961,0
13395,12963,0
13396,12964,0
13397,12965,0
13398,12966,0
13399,12967,0
13400,12968,0
13403,12971,0
13405,12973,0
13406,12974,0
13410,12978,0
13411,12979,0
13412,12980,0
13413,12981,0
13414,12982,0
13415,12983,0
13416,12984,0
13418,12933,0
13419,12986,0
13420,12987,0
13421,12898,0
13422,12988,0
13423,12989,0
13424,12990,0
13425,12991,0
13427,12722,0
13429,12994,0
13433,12998,0
13434,12999,0
13435,13000,0
13436,13001,0
13437,13002,0
13438,13003,1
13440,13005,0
13441,13006,0
13442,13007,0
13445,13010,0
13446,13011,0
13449,13014,0
13450,13015,0
13451,13016,0
13456,13021,0
13457,13022,1
13458,13023,0
13459,13021,0
13460,13024,1
13461,13025,0
13462,13026,0
13464,13028,0
13465,13029,0
13466,13029,0
13467,13030,0
13468,13031,0
13471,13034,1
13472,13035,0
13474,13037,0
13481,13043,0
13482,13044,0
13485,13043,0
13486,13043,0
13487,13047,0
13488,13043,0
13489,13048,0
13491,13050,0
13492,13051,0
13495,13054,0
13497,13056,0
13498,13057,0
13499,13057,0
13500,13058,0
13501,13059,0
13502,13060,0
13503,13060,0
13504,13060,1
13507,13063,0
13508,13064,0
13510,13066,0
13511,13067,0
13513,13069,0
13514,13070,0
13515,13071,0
13517,13073,0
13518,13074,0
13519,13075,0
13520,13076,0
13522,13078,0
13523,13079,0
13524,13080,0
13525,13078,0
13527,13078,0
13528,13078,0
13529,13078,0
13530,13079,0
13533,13084,0
13534,13085,0
13535,13086,0
13536,13087,0
13537,13088,0
13538,13089,0
13540,13091,0
13541,13092,0
13542,13093,1
13544,13095,0
13546,13087,0
13547,13097,0
13548,13098,0
13549,13099,0
13550,13100,0
13554,13103,0
13555,13104,0
13556,13087,0
13557,13105,0
13559,13103,0
13560,13107,0
13561,13108,0
13562,13109,0
13563,13110,0
13564,13111,0
13565,13112,0
13566,13112,0
13567,13113,0
13569,13115,0
13570,13116,0
13571,13117,0
13573,13119,0
13574,13120,0
13576,13122,0
13578,13124,0
13579,13125,0
13580,13126,0
13581,13127,0
13582,13128,0
13583,13129,0
13588,13134,0
13589,13135,0
13590,13103,0
13591,13136,0
13592,13135,0
13593,13137,0
13594,13138,0
13595,13139,1
13596,13140,0
13597,13141,0
13599,13143,0
13600,13144,0
13601,13145,0
13602,13146,0
13605,13148,0
13606,13149,0
13607,13150,0
13609,13149,0
13610,13152,0
13611,13153,0
13612,13152,0
13613,13152,0
13614,13154,0
13615,13155,0
13616,13156,0
13617,13157,0
13618,13158,0
13619,13087,0
13620,13159,1
13621,13160,0
13622,13161,0
13623,13162,0
13625,13164,0
13626,13165,0
13627,13166,1
13628,13167,0
13629,13168,0
13632,13171,0
13638,13176,0
13639,13177,0
13640,13178,0
13641,13179,0
13642,13180,0
13643,13181,0
13644,13182,0
13645,13183,0
13646,13184,0
13647,13185,0
13649,13187,0
13650,13188,0
13651,13189,0
13652,13190,0
13653,13191,0
13655,13193,0
13656,13194,0
13658,13181,0
13660,13144,0
13661,13144,0
13662,13197,0
13663,13198,0
13664,13199,0
13665,13200,0
13666,13201,0
13668,13181,0
13669,13203,0
13670,13200,0
13672,13204,0
13673,13200,0
13676,13206,0
13677,13207,0
13678,13208,0
13680,13210,0
13681,13211,0
13682,13212,0
13683,13213,0
13686,13216,0
13687,13217,0
13688,13218,0
13690,13220,0
13691,13221,0
13693,13223,0
13694,13224,0
13695,13225,0
13696,13226,0
13699,13229,0
13701,13231,0
13703,13233,0
13704,13234,0
13705,13235,1
13706,13236,0
13707,13237,0
13708,13235,0
13710,13236,1
13711,13236,0
13712,13239,0
13713,13240,0
13714,13235,0
13715,13241,0
13716,13242,0
13717,13242,0
13719,13244,0
13720,13245,0
13721,13242,0
13722,13246,0
13723,13244,0
13724,13247,0
13725,13248,0
13726,13154,1
13727,13249,1
13728,13250,0
13729,13251,0
13730,13252,0
13731,13253,0
13732,13254,1
13734,13256,1
13735,13257,0
13736,13258,0
13737,13259,1
13738,13260,0
13740,13258,0
13741,13256,0
13742,13262,0
13743,13258,0
13744,13256,0
13745,13263,0
13746,13264,0
13747,13265,0
13748,13266,0
13749,13267,1
13750,13266,0
13752,13269,0
13753,13270,0
13755,13266,0
13757,13273,0
13758,13274,0
13759,13275,0
13760,13274,0
13761,13276,0
13762,13277,0
13763,13278,0
13764,13279,0
13765,13280,0
13768,13283,0
13770,13285,0
13771,13286,0
13772,13287,0
13774,13274,0
13775,13289,0
13776,13290,0
13777,13291,0
13778,13290,0
13779,13292,0
13780,13293,0
13782,13295,0
13786,13299,0
13787,13300,0
13790,13303,0
13793,13306,0
13794,13307,0
13795,13308,0
13796,13309,0
13797,13310,0
13800,13313,0
13801,13314,0
13803,13316,0
13805,13318,0
13806,13319,0
13807,13320,1
13808,13231,0
13809,13321,0
13811,13323,0
13812,13324,0
13813,13325,0
13814,13326,0
13816,13328,0
13817,13329,0
13818,13330,0
13819,13331,0
13820,13332,1
13821,13333,0
13822,13334,0
13823,13335,0
13825,13337,0
13826,13338,0
13827,13339,0
13828,13340,0
13829,13341,0
13830,13342,0
13833,13345,0
13834,13346,1
13835,13347,0
13836,13340,1
13838,13348,0
13839,13349,0
13840,13350,0
13842,13352,0
13844,13350,0
13845,13354,0
13847,13356,0
13848,13357,0
13852,13360,0
13853,13361,0
13856,13363,0
13858,13364,0
13859,13334,0
13860,13365,0
13861,13366,0
13862,13367,0
13863,13368,0
13865,13367,0
13866,13370,0
13867,13371,0
13868,13372,0
13869,13373,0
13870,13374,0
13871,13375,0
13872,13376,0
13873,13377,0
13875,13379,0
13876,13380,0
13877,13381,0
13878,13382,0
13879,13381,0
13881,13384,0
13882,13385,1
13885,13388,0
13887,13390,0
13888,13391,0
13889,13392,0
13890,13393,0
13891,13394,0
13898,13401,0
13900,13403,0
13901,13404,0
13907,13408,0
13911,13411,0
13912,13412,0
13913,13377,0
13916,13414,0
13919,13417,0
13920,13418,0
13921,13419,0
13922,13420,0
13923,13418,0
13924,13421,0
13925,13422,1
13926,13423,0
13927,13424,0
13928,13425,0
13930,13427,0
13932,13429,0
13933,13430,0
13934,13431,0
13935,13430,0
13936,13432,0
13937,13433,0
13938,13434,0
13941,13437,0
13942,13438,1
13943,13439,0
13944,13440,0
13945,13441,0
13947,13443,0
13948,13444,0
13951,13385,0
13952,13447,0
13953,13448,0
13954,13449,0
13955,13450,0
13956,13451,1
13957,13452,0
13959,13454,0
13960,13455,0
13962,13456,0
13963,13457,0
13964,13458,0
13965,13424,0
13967,13404,0
13968,13460,0
13969,13461,0
13970,13462,0
13974,13466,0
13976,13468,0
13977,13466,1
13979,13470,0
13980,13471,0
13981,13472,0
13982,13473,0
13984,13474,0
13985,13475,0
13988,13475,0
13989,13440,0
13990,13478,0
13991,13479,0
13992,13480,0
13994,13481,0
13995,13482,0
13996,13422,0
13997,13483,0
13998,13484,0
13999,13485,0
14000,13486,1
14001,13487,0
14004,13490,0
14005,13491,0
14006,13492,0
14007,13493,0
14009,13494,0
14010,13495,0
14011,13496,0
14012,13497,0
14017,13502,0
14018,13503,0
14020,13505,0
14021,13506,0
14022,13507,0
14024,13509,0
14025,13503,0
14026,13510,0
14027,13511,0
14028,13512,0
14029,13503,0
14030,13513,0
14032,13507,0
14033,13515,0
14034,13516,0
14035,13517,0
14039,13521,0
14040,13522,0
14041,13523,0
14042,13524,0
14047,13529,0
14049,13530,0
14050,13531,1
14053,13534,0
14054,13535,0
14055,13536,0
14056,13471,0
14057,13485,0
14058,13503,0
14059,13537,0
14060,13538,0
14061,13539,0
14063,13540,0
14064,13541,0
14065,13542,0
14068,13544,0
14069,13545,1
14070,13546,0
14071,13540,0
14073,13548,0
14074,13521,1
14076,13550,0
14077,13551,0
14079,13553,0
14080,13554,0
14081,13555,0
14082,13556,0
14083,13557,0
14084,13558,0
14085,13559,0
14086,13560,0
14087,13561,0
14088,13562,0
14089,13563,0
14090,13564,0
14091,13565,0
14093,13567,0
14095,13569,0
14096,13570,0
14097,13571,0
14098,13572,0
14100,13574,0
14103,13577,1
14106,13580,0
14107,13581,0
14108,13582,0
14110,13584,0
14111,13585,0
14112,13586,0
14113,13587,0
14114,13588,0
14115,13589,0
14116,13565,0
14118,13591,0
14119,13592,0
14120,13593,0
14121,13594,0
14122,13595,0
14123,13596,0
14125,13598,0
14126,13599,0
14127,13600,0
14128,13601,0
14129,13602,0
14130,13603,0
14132,13605,0
14133,13606,0
14135,13608,0
14137,13610,1
14139,13612,0
14143,13616,0
14145,13618,0
14146,13619,0
14147,13620,0
14148,13621,0
14149,13622,0
14150,13623,0
14152,13625,0
14153,13626,1
14154,13572,0
14155,13627,0
14156,13580,0
14160,13631,0
14161,13632,0
14163,13634,0
14164,13635,0
14165,13636,0
14167,13638,0
14168,13639,0
14169,13640,0
14170,13641,0
14171,13642,0
14172,13643,0
14174,13645,0
14175,13646,0
14179,13650,0
14180,13651,0
14182,13640,0
14184,13654,0
14185,13655,0
14186,13656,0
14187,13657,0
14188,13658,0
14189,13659,0
14190,13660,0
14192,13632,0
14193,13662,0
14195,13664,0
14196,13665,0
14198,13666,0
14199,13580,0
14203,13669,0
14204,13670,0
14205,13660,0
14207,13672,0
14212,13677,0
14213,13678,0
14214,13679,0
14215,13680,0
14216,13681,0
14217,13682,0
14220,13685,1
14222,13687,1
14223,13688,0
14224,13689,0
14225,13690,0
14228,13693,0
14229,13694,0
14231,13696,0
14232,13697,0
14233,13658,0
14235,13698,0
14236,13560,1
14237,13699,0
14238,13700,0
14240,13702,0
14241,13703,0
14242,13704,0
14244,13706,0
14246,13708,0
14247,13709,0
14248,13710,0
14249,13711,0
14251,13713,0
14254,13716,0
14255,13716,0
14256,13717,0
14257,13718,0
14258,13719,0
14262,13723,1
14263,13724,0
14265,13726,0
14266,13727,0
14267,13728,0
14268,13729,0
14270,13731,0
14271,13732,0
14272,13618,0
14273,13733,0
14275,13735,0
14276,13736,0
14278,13738,1
14279,13739,0
14280,13740,0
14281,13741,0
14283,13743,0
14287,13746,0
14288,13747,0
14289,13748,0
14290,13749,0
14291,13750,0
14293,13752,0
14295,13754,0
14296,13755,0
14297,13756,0
14298,13757,0
14299,13758,0
14300,13759,0
14302,13761,0
14303,13762,0
14304,13763,0
14306,13759,0
14307,13765,0
14309,13766,0
14310,13767,0
14311,13768,1
14314,13771,0
14315,13772,0
14316,13773,0
14318,13708,0
14319,13775,0
14320,13776,0
14321,13777,0
14322,13778,0
14325,13781,0
14328,13784,0
14332,13788,0
14334,13790,0
14337,13793,0
14339,13795,0
14340,13796,0
14341,13797,0
14342,13798,0
14344,13723,0
14345,13800,1
14347,13802,0
14348,13803,0
14350,13805,0
14352,13807,0
14353,13808,0
14355,13810,0
14357,13811,0
14358,13812,0
14359,13813,0
14363,13816,0
14364,13817,0
14367,13820,0
14371,13824,0
14372,13825,0
14374,13827,0
14375,13828,0
14376,13829,0
14377,13830,0
14378,13831,0
14379,13832,0
14380,13833,0
14381,13834,0
14382,13835,1
14383,13836,0
14384,13837,0
14385,13838,0
14386,13839,0
14387,13840,0
14389,13842,0
14393,13846,0
14394,13847,0
14396,13849,0
14400,13853,0
14401,13693,0
14403,13855,0
14404,13856,0
14406,13639,0
14407,13840,0
14408,13858,0
14409,13859,0
14410,13860,1
14411,13861,0
14413,13863,0
14416,13866,0
14417,13867,0
14419,13869,0
14420,13870,0
14421,13871,0
14422,13872,0
14423,13873,0
14424,13874,1
14425,13875,0
14426,13876,0
14427,13877,0
14428,13878,0
14429,13879,0
14431,13881,0
14432,13882,0
14433,13883,0
14434,13884,0
14435,13885,0
14437,13887,0
14438,13888,0
14439,13889,0
14440,13890,0
14442,13892,0
14444,13894,0
14445,13895,0
14446,13896,0
14447,13897,0
14450,13900,0
14451,13901,0
14452,13902,0
14457,13907,0
14458,13908,0
14459,13909,0
14460,13910,0
14461,13911,0
14462,13912,0
14463,13867,0
14465,13914,1
14467,13916,0
14468,13917,0
14469,13918,0
14471,13920,0
14472,13921,0
14473,13922,0
14474,13923,0
14475,13924,0
14476,13925,0
14477,13926,1
14479,13928,1
14481,13930,0
14484,13933,0
14486,13935,0
14487,13936,0
14488,13937,0
14490,13939,0
14491,13940,0
14492,13941,1
14493,13942,0
14495,13944,0
14496,13945,0
14499,13948,0
14500,13949,0
14502,13951,0
14504,13953,0
14505,13954,0
14506,13955,0
14507,13956,0
14508,13957,0
14509,13958,0
14510,13959,0
14511,13960,0
14512,13961,0
14513,13962,0
14515,13964,0
14517,13966,0
14519,13968,0
14520,13969,1
14522,13971,0
14524,13973,0
14525,13974,0
14527,13976,0
14528,13977,0
14529,13978,1
14530,13979,0
14531,13980,0
14532,13981,0
14533,13982,0
14534,13983,0
14536,13985,0
14537,13986,0
14539,13988,0
14540,13989,0
14541,13990,0
14543,13992,0
14544,13993,0
14546,13995,0
14547,13996,0
14548,13997,0
14549,13998,0
14550,13999,0
14551,14000,0
14553,14002,1
14555,14004,0
14557,14006,0
14558,14007,0
14560,14009,0
14561,14010,0
14562,14011,0
14564,14013,0
14565,14014,0
14566,14015,0
14567,14016,0
14568,14017,0
14569,14018,0
14571,14020,0
14573,14022,0
14574,14023,0
14575,14024,0
14576,14025,1
14577,14026,0
14578,14018,0
14579,14027,0
14580,14028,0
14582,14030,1
14584,14032,0
14585,14033,0
14586,13999,0
14587,14034,0
14589,14036,0
14592,14039,1
14593,14040,0
14595,14042,0
14596,14043,1
14597,14044,1
14599,14046,0
14600,13996,0
14602,14048,1
14603,14049,0
14604,14050,0
14606,14052,0
14607,14053,0
14608,14054,0
14610,14056,0
14611,14057,0
14613,14059,0
14614,14060,0
14617,14063,0
14618,14064,1
14619,14065,0
14620,14066,0
14621,14067,0
14622,13939,0
14624,14069,0
14625,14070,0
14627,14072,0
14629,14074,0
14630,14075,0
14632,14077,0
14633,14078,1
14634,14079,0
14635,14080,0
14636,14081,0
14637,14082,0
14638,14083,0
14640,14085,0
14641,14023,0
14642,14086,0
14643,14087,0
14644,14088,0
14645,14089,0
14646,14090,0
14651,14095,0
14652,14096,0
14653,14097,0
14655,14099,0
14656,14100,0
14657,14054,0
14661,14104,0
14662,14105,0
14664,14107,0
14665,14108,0
14666,14109,0
14667,14110,0
14668,14111,0
14669,14112,0
14671,14114,0
14673,14116,0
14674,14117,0
14676,14119,0
14678,14121,0
14680,14123,0
14681,14124,0
14682,14125,0
14684,14127,1
14685,14128,0
14687,14130,0
14688,14131,0
14689,14132,0
14690,14133,1
14691,14134,0
14692,14135,0
14693,14136,0
14694,14137,0
14696,14139,0
14697,14140,0
14699,14142,0
14700,14143,0
14701,14144,0
14702,14145,0
14703,14146,0
14704,14147,0
14705,14148,0
14706,14149,0
14708,14117,0
14711,14153,1
14712,14154,1
14715,13951,0
14716,14157,0
14717,14158,0
14718,14159,0
14720,14161,0
14722,14163,0
14723,14164,0
14725,14166,0
14727,14168,0
14728,14169,0
14732,14173,0
14733,14174,0
14734,14175,0
14735,14176,0
14736,14177,0
14738,14179,0
14739,14180,0
14741,14182,0
14742,14183,0
14743,14184,0
14745,14186,0
14747,14188,0
14748,14189,0
14750,14190,0
14751,14191,0
14752,14192,0
14753,14193,0
14756,14196,0
14757,14197,0
14759,14199,0
14760,14200,0
14763,14203,1
14765,14204,0
14766,14205,0
14767,14206,0
14768,14207,0
14769,14208,0
14771,14210,0
14772,14204,0
14774,14212,0
14776,14214,0
14784,14221,0
14786,14223,0
14787,14224,1
14788,14225,1
14789,14226,1
14794,14230,0
14795,14231,1
14798,14233,0
14799,14234,0
14800,14235,0
14801,14236,0
14802,14237,0
14803,14235,1
14804,14238,0
14805,14239,1
14806,14240,0
14807,14241,0
14808,14242,0
14809,14243,0
14810,14244,0
14811,14245,0
14812,14246,0
14813,14247,0
14814,14248,0
14815,14245,1
14816,14249,0
14818,14251,0
14820,14253,0
14821,14244,1
14822,14254,0
14824,14256,0
14825,14257,0
14826,14253,0
14827,14258,0
14828,14259,1
14829,14260,0
14830,14261,0
14831,14262,0
14836,14266,0
14837,14267,0
14841,14271,0
14842,14272,0
14843,14273,0
14844,14274,0
14846,14275,0
14849,14277,1
14850,14278,0
14851,14279,0
14852,14280,0
14853,14281,0
14854,14282,0
14855,14283,0
14857,14285,0
14859,14287,0
14860,14288,0
14861,14289,0
14864,14292,1
14865,14293,0
14866,14293,0
14868,14295,0
14869,14296,0
14870,14293,0
14871,14297,1
14873,14299,0
14874,14300,0
14875,14301,0
14876,14302,0
14878,14231,0
14879,14304,1
14880,14305,0
14881,14231,0
14883,14307,0
14884,14308,1
14885,14309,0
14888,14312,1
14892,14316,1
14893,14317,0
14894,14318,0
14895,14319,0
14898,14322,0
14899,14176,0
14901,14324,0
14902,14325,0
14903,14326,0
14904,14327,0
14905,14328,0
14907,14329,0
14908,14330,0
14910,14332,0
14911,14333,0
14912,14186,0
14913,14334,0
14914,14335,0
14916,14337,0
14917,14338,0
14918,14339,0
14920,14341,0
14921,14342,0
14922,14343,0
14923,14344,0
14924,14345,0
14925,14346,0
14926,14347,0
14927,14348,0
14930,14350,0
14931,14351,0
14932,14352,0
14933,14353,0
14934,14354,0
14936,14356,0
14937,14357,0
14938,14358,0
14939,14359,0
14940,14360,0
14942,14362,0
14943,14363,0
14944,14272,1
14945,14364,0
14946,14365,0
14947,14366,0
14948,14367,0
14949,14368,0
14950,14369,0
14951,14370,0
14952,14371,0
14953,14372,0
14954,14373,0
14955,14374,0
14956,14375,0
14958,14377,0
14959,14378,0
14960,14379,0
14961,14380,0
14963,14382,0
14964,14383,0
14965,14189,0
14966,14384,0
14967,14385,0
14969,14387,0
14972,14390,0
14973,14391,0
14975,14393,0
14976,14394,0
14977,14395,0
14978,14396,0
14980,14398,0
14981,14393,0
14982,14399,0
14983,14400,0
14984,14401,0
14985,14402,0
14986,14403,0
14987,14404,0
14988,14405,0
14989,14406,0
14990,14407,0
14991,14407,0
14993,14409,0
14994,14410,0
14995,14411,0
14996,14412,0
14997,14413,0
14999,14415,0
15000,14416,0
15001,14417,0
15002,14418,0
15003,14419,0
15004,14420,0
15005,14421,0
15006,14422,0
15009,14425,0
15011,14427,0
15012,14428,0
15013,14429,0
15015,14431,0
15016,14427,0
15020,14435,0
15021,14436,0
15024,14439,0
15025,14440,0
15026,14441,0
15027,14442,0
15028,14443,0
15029,14444,0
15030,14445,0
15032,14439,0
15034,14447,0
15035,14448,0
15036,14449,0
15037,14450,0
15039,14452,0
15040,14453,0
15041,14454,0
15042,14455,0
15044,14457,0
15045,14458,1
15046,14459,0
15047,14460,0
15049,14462,0
15050,14463,0
15051,14464,0
15052,14465,0
15053,14463,0
15054,14464,0
15055,14466,0
15056,14466,0
15057,14467,0
15058,14465,0
15059,14468,0
15060,14469,0
15061,14470,0
15062,14471,0
15063,14469,0
15064,14472,0
15065,14473,0
15066,14474,0
15067,14464,0
15068,14469,0
15069,14475,0
15070,14476,0
15071,14477,0
15072,14478,0
15073,14478,0
15074,14466,0
15075,14479,0
15076,14478,0
15077,14480,0
15078,14481,0
15079,14482,0
15084,14486,0
15085,14482,0
15086,14487,0
15088,14488,0
15089,14489,0
15091,14486,0
15092,14491,0
15093,14492,0
15095,14493,0
15098,14495,0
15100,14497,0
15102,14498,0
15103,14499,0
15104,14500,0
15105,14501,0
15109,14505,0
15110,14506,1
15111,14507,0
15112,14505,0
15113,14505,0
15114,14508,0
15115,14509,0
15116,14510,0
15118,14512,0
15119,14513,0
15120,14514,0
15121,14515,1
15122,14516,0
15125,14519,0
15127,14521,0
15128,14522,1
15129,14516,0
15130,14523,0
15131,14524,0
15132,14524,0
15133,14525,0
15135,14505,0
15136,14527,0
15137,14528,0
15138,14529,0
15139,14528,0
15140,14530,0
15141,14531,0
15143,14533,0
15144,14534,0
15145,14535,0
15146,14536,0
15147,14537,0
15148,14538,0
15149,14539,0
15150,14540,0
15151,14528,0
15154,14543,0
15156,14545,0
15157,14546,0
15158,14547,0
15159,14548,0
15160,14549,0
15161,14550,0
15163,14552,0
15164,14553,0
15165,14554,0
15166,14555,0
15167,14556,0
15168,14557,0
15170,14559,0
15171,14560,0
15172,14561,0
15174,14563,0
15175,14564,0
15176,14565,0
15177,14566,0
15180,14569,0
15182,14571,0
15185,14574,0
15186,14575,0
15187,14576,1
15188,14577,0
15189,14578,0
15190,14579,1
15192,14578,0
15194,14582,1
15195,14583,1
15196,14576,0
15197,14584,0
15198,14585,0
15199,14586,0
15200,14587,0
15201,14588,0
15203,14590,0
15204,14591,0
15205,14592,0
15206,14593,0
15207,14594,0
15208,14595,0
15209,14596,1
15210,14597,0
15211,14598,1
15214,14600,0
15215,14601,1
15216,14602,0
15217,14603,0
15218,14598,0
15220,14605,0
15222,14607,0
15224,14609,0
15225,14610,0
15226,14611,0
15227,14612,0
15228,14613,0
15230,14615,0
15231,14616,0
15233,14618,0
15234,14619,0
15235,14620,0
15236,14621,0
15238,14623,0
15239,14624,0
15240,14625,0
15241,14626,0
15244,14390,0
15245,14627,0
15246,14628,0
15248,14630,0
15249,14631,0
15250,14632,0
15251,14633,0
15252,14627,0
15253,14616,0
15254,14634,0
15255,14635,0
15256,14636,0
15258,14638,0
15259,14639,0
15260,14640,0
15261,14641,0
15263,14643,0
15265,14645,0
15269,14649,1
15270,14650,0
15271,14651,0
15273,14653,0
15275,14655,0
15276,14656,0
15277,14657,0
15278,14658,0
15279,14659,0
15280,14660,0
15284,14664,0
15285,14664,0
15286,14665,0
15287,14666,0
15289,14668,0
15291,14670,0
15292,14671,0
15293,14672,0
15295,14674,0
15296,14675,0
15297,14676,0
15298,14677,0
15300,14679,0
15301,14680,0
15302,14577,0
15303,14681,0
15304,14682,0
15306,14684,0
15307,14685,0
15309,14687,0
15310,14688,0
15312,14690,0
15313,14691,0
15314,14692,0
15317,14695,1
15318,14696,0
15319,14697,1
15320,14698,0
15321,14699,0
15323,14701,0
15324,14702,0
15325,14703,0
15326,14704,0
15327,14705,0
15328,14706,0
15329,14707,0
15330,14708,0
15331,14709,0
15332,14710,0
15334,14712,0
15335,14713,0
15336,14714,0
15339,14717,0
15340,14718,0
15341,14719,0
15342,14720,0
15343,14721,0
15346,14724,1
15347,14725,0
15349,14725,0
15350,14727,0
15351,14728,0
15352,14729,0
15355,14732,0
15357,14725,1
15359,14734,0
15363,14738,0
15364,14739,0
15365,14740,0
15368,14743,1
15369,14744,0
15373,14748,0
15374,14749,0
15376,14751,0
15378,14753,1
15379,14754,0
15380,14755,0
15381,14755,0
15383,14757,0
15385,14759,0
15386,14760,0
15387,14761,1
15388,14762,0
15389,14763,0
15390,14764,0
15391,14765,0
15392,14766,0
15394,14768,1
15395,14769,0
15396,14770,0
15400,14774,0
15402,14776,0
15403,14777,1
15404,14778,0
15405,14779,0
15409,14783,0
15413,14786,0
15414,14787,0
15415,14788,0
15416,14789,0
15417,14790,0
15418,14791,0
15419,14792,0
15420,14793,0
15422,14795,0
15423,14796,0
15424,14797,0
15425,14798,0
15428,14801,0
15429,14802,1
15432,14805,0
15433,14806,0
15434,14807,0
15435,14808,0
15436,14809,0
15437,14807,0
15440,14812,0
15441,14813,0
15443,14815,0
15444,14816,0
15447,14819,0
15448,14820,0
15449,14821,0
15450,14822,1
15451,14823,0
15452,14824,1
15453,14825,0
15454,14826,0
15456,14828,1
15457,14829,0
15460,14832,0
15461,14833,0
15462,14834,0
15465,14837,0
15466,14838,0
15469,14840,0
15471,14841,0
15472,14842,0
15473,14843,0
15476,14841,0
15478,14847,1
15479,14848,0
15482,14850,0
15483,14851,0
15485,14853,1
15487,14855,0
15488,14856,0
15491,14859,0
15492,14798,0
15493,14860,0
15494,14861,0
15495,14862,0
15496,14863,0
15498,14865,1
15499,14866,0
15500,14867,1
15501,14868,0
15502,14869,0
15504,14871,0
15506,14873,0
15507,14874,0
15508,14875,0
15511,14878,0
15513,14880,0
15515,14882,0
15517,14884,0
15522,14842,0
15523,14889,0
15524,14890,0
15527,14893,0
15528,14894,0
15529,14895,0
15532,14897,0
15535,14900,0
15536,14901,0
15538,14903,0
15540,14905,0
15541,14906,0
15542,14907,0
15543,14908,0
15544,14909,0
15546,14911,0
15548,14913,0
15549,14914,0
15550,14915,0
15551,14916,0
15553,14918,0
15554,14919,0
15556,14921,0
15557,14922,0
15558,14923,0
15561,14926,0
15562,14927,0
15564,14929,1
15566,14931,1
15567,14932,0
15571,14936,0
15572,14937,0
15573,14938,0
15574,14939,0
15575,14940,0
15576,14941,0
15578,14943,0
15579,14944,0
15581,14946,1
15582,14947,0
15583,14948,0
15584,14949,0
15587,14952,0
15588,14952,0
15589,14953,1
15591,14955,0
15592,14956,0
15594,14958,0
15597,14961,0
15598,14962,0
15599,14963,0
15600,14964,0
15601,14965,0
15602,14966,0
15604,14968,0
15605,14969,0
15606,14970,0
15607,14971,0
15608,14972,0
15609,14973,0
15610,14974,0
15612,12251,0
15613,14976,1
15614,14977,0
15615,14978,0
15616,14979,0
15617,14980,0
15618,14981,0
15619,14982,0
15620,14983,0
15621,14984,0
15622,14985,0
15623,14986,0
15624,14987,0
15625,14988,0
15626,14989,0
15627,14990,0
15628,14991,0
15631,14994,0
15633,14996,0
15636,14999,0
15638,15001,0
15641,15004,0
15642,15005,1
15643,15006,0
15644,15007,0
15645,15008,0
15646,12286,0
15647,15009,0
15648,15010,0
15651,15009,0
15652,15008,0
15653,15013,0
15654,15014,0
15655,15015,0
15656,15016,0
15658,15018,0
15659,15019,0
15660,15020,0
15661,15021,0
15662,15022,0
15663,15023,1
15664,15024,0
15665,15025,0
15666,15008,0
15667,15026,0
15668,15027,0
15669,15028,0
15671,15030,0
15672,15031,0
15673,15032,0
15674,12278,0
15675,15033,0
15677,15035,0
15678,15036,0
15680,15038,0
15681,15039,0
15682,15040,0
15683,15041,0
15684,15042,0
15685,15043,0
15687,15045,0
15688,15028,0
15689,15046,0
15690,15047,0
15691,15043,0
15692,15048,0
15693,15049,0
15694,15050,0
15695,15051,0
15698,15054,0
15699,15055,0
15700,15056,0
15701,15057,0
15702,15058,0
15704,15060,0
15705,15061,0
15708,15064,0
15710,15066,1
15712,15068,0
15713,15049,0
15714,15069,0
15715,15070,0
15716,15071,0
15717,15050,0
15718,15072,0
15719,15073,0
15722,15076,0
15723,15077,0
15724,15078,0
15725,15079,1
15726,15080,0
15729,15083,0
15730,15084,0
15731,15085,0
15734,15088,0
15736,15090,0
15737,15091,0
15738,15092,0
15739,15093,0
15740,15094,0
15742,15096,0
15743,15097,0
15745,15099,0
15746,15100,0
15747,15101,0
15748,15102,0
15749,15103,0
15750,15104,0
15751,15105,0
15752,15106,0
15755,15108,0
15757,15110,1
15758,15111,0
15760,15113,0
15762,15114,1
15763,15115,0
15764,15116,0
15765,15117,0
15766,15118,0
15767,15119,0
15770,15121,0
15772,15123,0
15773,15124,0
15774,15121,0
15775,15125,0
15776,15126,1
15777,15127,0
15778,15128,0
15779,15129,0
15780,15130,0
15781,15131,0
15784,12184,0
15785,15134,0
15786,15135,0
15787,15136,1
15788,12186,0
15791,15139,1
15792,15140,0
15793,15141,1
15794,15142,0
15795,15143,0
15796,15144,1
15797,15145,0
15799,15147,0
15800,15148,0
15801,15149,0
15802,15150,0
15803,15151,0
15806,15154,0
15810,15157,1
15811,15158,0
15812,15159,0
15813,14986,0
15814,15160,0
15815,15161,0
15817,15163,0
15818,15164,0
15819,15165,0
15820,15166,0
15821,15167,0
15823,15169,0
15825,15171,0
15826,15172,0
15827,15173,0
15829,15175,0
15830,15176,1
15831,15177,0
15832,15178,0
15833,15179,0
15834,15180,0
15835,15181,0
15836,15182,0
15837,15183,0
15838,15149,0
15839,15184,0
15840,15185,0
15841,15186,0
15842,15187,0
15845,15190,0
15846,15191,0
15847,15192,0
15848,15014,0
15851,15194,0
15852,15195,0
15853,15196,0
15854,15197,0
15855,15198,0
15858,15201,0
15861,15204,0
15862,15205,0
15863,15206,0
15864,15207,0
15866,15209,1
15867,15210,0
15868,15211,0
15869,15212,0
15870,15213,0
15871,15214,0
15872,15215,0
15873,15216,0
15878,15221,0
15879,15222,0
15880,15223,0
15881,15224,0
15882,12286,0
15883,15225,0
15884,15226,0
15885,15227,0
15890,15232,1
15891,15233,1
15892,15234,0
15893,15234,0
15894,15235,0
15896,15106,0
15898,15237,0
15899,15238,0
15900,15239,0
15901,12111,0
15907,15244,0
15909,15246,0
15911,15248,0
15914,15251,0
15915,15252,0
15916,15253,0
15917,15254,0
15918,15255,0
15920,15257,0
15921,14986,0
15922,15258,0
15923,15259,0
15925,15261,1
15928,12101,0
15929,15264,0
15931,15266,0
15933,15268,0
15935,15270,1
15936,15271,0
15937,15272,0
15938,15273,1
15940,15275,0
15941,15276,0
15942,15277,0
15946,15280,0
15947,15281,0
15950,15284,0
15951,15285,1
15952,15286,0
15953,15287,0
15955,15289,0
15956,15290,0
15957,15291,0
15958,15292,0
15960,15294,0
15962,15296,0
15963,15297,0
15964,15298,0
15965,15299,0
15966,15300,0
15967,15301,0
15968,15302,0
15969,15303,0
15970,15304,0
15971,15305,0
15972,15306,0
15974,15308,0
15976,15310,0
15977,15311,0
15978,12384,0
15980,15313,0
15982,15272,0
15983,15315,0
15984,15316,0
15985,15317,0
15986,15318,0
15990,15322,0
15991,15323,0
15992,15324,0
15994,15326,1
15995,15327,0
15996,15328,0
15997,15329,0
15998,15330,0
16000,15332,0
16001,15333,0
16002,15334,0
16003,15335,0
16004,15336,0
16006,15338,0
16010,15342,0
16011,15343,0
16012,15344,0
16013,15345,0
16014,15335,0
16015,15346,0
16016,15347,0
16019,15350,0
16020,15351,0
16021,15352,0
16022,15353,0
16023,15354,0
16024,15355,0
16025,15356,0
16026,15357,0
16027,15358,0
16030,15361,0
16031,15362,1
16032,15363,0
16033,15364,0
16034,15364,0
16035,15364,0
16036,15365,0
16037,15366,0
16038,15366,0
16039,15367,0
16040,15367,0
16041,15365,0
16042,15367,0
16044,15369,0
16047,15369,0
16049,15372,0
16052,15375,0
16053,15376,0
16055,15378,0
16056,15379,1
16057,15380,0
16058,15381,1
16059,15382,0
16061,15384,0
16062,15385,0
16063,15386,0
16064,15387,0
16065,15388,0
16066,15389,0
16068,15391,0
16070,15393,0
16071,15394,0
16073,15394,0
16074,15396,0
16075,15397,0
16076,15335,0
16077,15394,0
16078,15398,1
16080,15399,0
16083,15401,0
16085,15403,0
16086,15399,0
16088,15405,0
16090,15407,0
16091,15408,0
16092,15409,0
16093,15410,0
16095,15412,0
16096,15413,0
16097,15414,0
16098,15415,0
16099,15416,0
16100,15417,0
16101,15418,0
16102,15419,0
16103,15420,0
16105,15422,0
16107,15424,0
16108,15425,0
16109,15426,0
16110,15427,0
16111,15428,0
16113,15430,0
16118,15435,0
16119,15436,0
16120,15428,0
16121,15437,0
16122,15438,0
16123,15437,0
16124,15437,0
16125,15439,0
16126,15440,0
16127,15441,0
16128,15442,0
16129,15443,0
16130,15426,0
16131,15444,0
16132,15445,0
16134,15447,0
16135,15448,0
16136,15449,0
16138,15451,0
16139,15452,0
16140,15453,0
16141,15454,0
16142,15455,0
16143,15456,0
16144,15457,0
16145,15458,0
16147,15460,0
16148,15460,0
16151,15463,0
16152,15460,0
16153,15464,0
16154,15465,1
16155,15466,0
16156,15467,0
16158,15456,0
16159,15469,0
16160,15470,0
16162,15472,0
16163,15473,0
16164,15474,0
16165,15475,1
16166,15476,0
16167,15477,0
16168,15478,0
16169,15479,0
16170,15480,0
16171,15481,0
16172,15482,0
16173,15483,0
16174,15484,0
16177,15487,0
16179,15489,0
16180,15490,0
16181,15489,0
16182,15491,0
16184,15493,0
16185,15493,0
16188,15496,0
16189,15497,0
16192,15500,0
16193,15501,0
16194,13884,0
16198,15505,1
16199,15506,0
16200,15507,0
16203,15510,0
16204,15511,0
16205,15512,0
16206,15513,0
16208,15515,0
16210,15517,0
16211,15518,0
16212,15519,0
16213,15520,0
16214,15521,0
16216,15523,0
16217,15524,0
16218,15525,0
16219,15526,0
16221,15528,0
16222,15528,0
16223,15528,0
16224,15528,0
16226,15528,0
16228,15530,0
16230,15507,0
16231,15532,0
16232,15533,0
16234,15535,0
16236,15537,0
16237,15538,0
16238,15447,0
16239,15539,0
16240,15540,0
16241,15541,0
16242,15542,0
16243,15543,0
16244,15544,0
16245,15545,0
16246,15546,0
16247,15546,0
16249,15548,0
16250,15549,0
16252,15376,0
16254,15384,0
16255,15552,0
16257,15553,0
16258,15554,0
16259,15555,0
16260,15556,0
16261,15557,0
16262,15558,0
16264,15560,0
16265,15561,0
16267,15563,0
16268,15564,0
16269,15565,0
16273,15569,1
16274,15570,0
16276,15572,0
16277,15573,0
16278,15574,1
16279,15575,0
16280,15576,0
16281,15577,0
16282,15578,0
16283,15579,0
16284,15580,0
16285,15581,0
16286,15479,0
16287,15582,0
16288,15583,0
16289,15584,0
16290,15585,0
16291,15586,0
16292,15587,0
16293,15588,0
16295,15590,0
16297,15592,0
16299,15569,0
16301,15595,0
16302,15596,0
16303,15597,0
16304,15598,0
16307,15601,0
16308,15602,0
16309,15603,0
16310,15604,0
16312,15606,0
16313,15607,0
16315,13884,0
16316,15609,0
16318,15610,0
16319,15611,0
16321,15613,0
16322,15614,1
16323,15615,0
16326,15618,1
16327,15619,0
16329,15621,0
16330,15622,0
16331,15623,0
16333,15625,0
16335,15627,0
16338,15630,0
16339,15631,0
16340,15631,0
16341,15632,0
16342,15633,0
16343,15631,0
16344,15634,0
16345,15635,0
16346,15636,0
16347,15637,0
16348,15638,0
16349,15639,1
16350,15640,0
16352,15642,0
16353,15643,0
16354,15644,0
16355,15645,0
16356,15646,0
16357,15647,0
16359,15649,0
16360,15650,0
16361,15651,0
16362,15652,0
16363,15653,0
16364,15654,0
16366,15656,0
16367,15657,0
16368,15658,0
16369,15659,0
16370,15660,0
16372,15662,0
16373,15663,0
16375,15665,0
16376,15666,0
16377,15667,0
16380,15670,0
16382,15672,0
16383,15673,0
16384,15674,0
16385,15675,0
16386,15676,0
16387,15677,0
16388,15676,0
16389,15678,0
16391,15680,1
16394,15683,0
16396,15685,0
16397,15685,0
16398,15686,0
16399,15687,0
16400,15686,0
16401,15685,0
16402,15688,0
16403,15686,0
16404,15689,0
16405,15690,0
16406,15691,0
16407,15692,0
16409,15694,0
16410,15695,0
16411,15696,0
16413,15698,0
16414,15699,0
16415,15699,0
16416,15700,0
16417,15701,0
16418,15702,0
16419,15703,0
16420,15704,0
16421,15705,0
16423,15707,0
16425,15708,0
16429,15670,0
16430,15711,1
16431,15712,0
16432,15713,0
16434,15715,0
16435,15716,0
16436,15717,0
16437,15718,1
16439,15720,0
16440,15721,0
16441,15722,0
16443,15724,0
16445,15726,0
16447,15728,0
16449,15730,0
16450,15731,0
16451,15732,1
16452,15733,0
16453,15734,0
16455,15736,0
16459,15740,0
16460,15741,0
16462,15743,0
16467,15746,0
16469,15748,0
16470,15749,0
16471,15750,0
16472,15751,0
16476,15755,0
16477,15756,0
16479,15758,0
16481,15760,0
16483,15699,0
16485,15763,0
16486,15764,0
16490,15768,0
16492,15770,0
16493,15771,0
16494,15772,0
16495,15773,0
16497,15775,0
16498,15776,0
16499,15777,0
16500,15778,0
16501,15779,0
16502,15780,0
16503,15781,0
16504,15782,0
16505,15783,0
16506,15784,0
16507,15785,0
16509,15787,0
16510,15788,0
16514,15792,0
16515,15777,0
16517,15794,0
16518,15795,0
16520,15797,0
16521,15647,0
16522,15798,1
16524,15800,0
16527,15803,0
16528,15804,0
16529,15805,0
16531,15807,0
16535,15811,0
16536,15812,0
16537,15813,1
16538,15814,0
16539,15815,0
16541,15817,0
16542,15818,0
16543,15819,0
16544,15820,0
16547,15823,0
16548,15824,0
16551,15827,0
16552,15746,0
16553,15828,0
16554,15829,0
16555,15830,0
16557,15832,0
16558,15833,0
16559,15834,0
16560,15835,1
16562,15836,0
16564,15838,0
16565,15839,0
16566,15840,0
16567,15841,0
16570,15844,0
16573,15847,0
16574,15848,0
16575,15849,0
16577,15850,0
16578,15851,0
16579,15852,0
16582,15855,0
16583,15856,0
16584,15857,0
16586,15859,0
16587,15860,0
16588,15861,1
16589,15862,0
16590,15863,0
16591,15864,0
16593,15866,0
16594,15867,0
16596,15869,0
16597,15870,0
16598,15871,0
16599,15872,0
16600,15873,0
16601,15874,0
16602,15875,0
16603,15876,1
16604,15877,0
16605,15878,0
16606,15879,0
16607,15880,0
16609,15882,0
16611,15884,0
16613,15886,0
16614,15887,0
16615,15888,0
16616,15889,0
16618,15891,0
16619,15892,0
16620,15893,0
16622,15894,0
16623,15895,0
16624,15896,0
16625,15891,0
16626,15897,0
16627,15898,1
16628,15899,0
16629,15900,0
16631,15902,0
16632,15903,0
16633,15904,0
16634,15905,0
16635,15906,1
16636,15907,0
16637,15908,0
16638,15909,0
16640,15911,0
16641,15912,0
16645,15916,0
16647,15918,0
16648,15919,0
16652,15923,0
16655,15926,1
16656,15927,1
16657,15928,0
16659,15930,0
16660,15931,0
16661,15932,0
16662,15933,0
16663,15934,0
16664,15935,0
16665,15936,0
16666,15937,0
16667,15938,1
16668,15939,0
16669,15940,0
16670,15941,0
16671,15942,0
16672,15943,0
16673,15944,0
16674,15945,0
16676,15947,0
16677,15948,0
16678,15949,0
16679,15950,0
16680,15951,0
16682,15953,0
16683,15954,1
16684,15955,0
16685,15956,1
16687,15958,0
16688,15959,0
16689,15960,0
16690,15961,0
16693,15964,0
16694,15965,0
16695,15966,0
16696,15967,0
16697,15968,0
16700,15971,0
16701,15972,0
16702,15973,0
16703,15974,0
16704,15975,1
16706,15977,1
16707,15978,0
16708,15979,0
16709,15980,0
16710,15981,0
16711,15982,1
16712,15983,0
16714,15984,0
16715,15985,0
16718,15988,0
16720,15990,0
16721,15991,0
16723,15993,0
16725,15995,0
16727,15997,0
16729,15999,0
16730,16000,0
16731,16001,0
16734,16004,0
16735,16005,0
16736,16006,0
16737,16007,1
16738,16008,0
16739,16009,0
16740,16010,0
16742,16012,0
16744,16014,0
16745,16015,0
16746,16016,0
16747,16017,0
16750,16020,0
16751,16020,0
16752,16021,0
16755,16024,0
16757,16026,0
16758,16027,0
16759,16027,0
16760,16028,0
16761,16029,0
16762,16030,0
16763,16031,0
16764,16027,0
16765,16032,0
16766,16033,0
16767,16034,0
16769,16009,0
16770,16036,0
16771,16037,0
16772,16038,0
16773,16039,0
16774,16040,0
16775,16041,0
16776,16042,0
16777,16043,0
16778,16043,0
16779,16044,0
16780,16045,0
16782,16047,0
16783,16048,0
16785,16050,0
16786,16051,0
16787,16052,0
16788,16053,0
16790,16055,0
16794,16059,0
16796,16061,1
16797,16062,0
16799,16064,0
16801,16066,0
16802,16067,0
16806,16071,0
16807,16072,0
16808,16073,0
16809,16074,0
16810,16075,0
16811,16076,0
16812,16077,0
16813,16077,0
16814,16078,0
16815,16079,0
16817,16081,0
16818,16082,0
16820,16084,0
16821,16085,0
16823,16087,0
16825,16089,0
16826,16090,0
16827,16091,0
16828,16092,0
16829,16093,0
16830,16073,0
16832,16095,0
16833,16096,0
16835,16098,1
16836,16099,0
16837,16100,0
16838,16099,0
16840,16073,0
16841,16102,0
16843,16104,0
16844,16105,0
16845,16106,0
16846,16107,0
16847,16108,0
16848,16109,0
16849,16110,0
16850,16111,0
16852,16113,0
16853,16114,0
16854,16115,0
16855,16116,0
16858,16119,0
16859,16120,0
16860,16121,0
16861,16122,0
16863,16124,0
16865,16126,0
16866,16127,0
16867,16124,1
16870,16130,0
16871,16131,0
16872,16132,0
16873,16133,0
16874,16134,0
16875,16135,0
16876,16136,0
16877,16137,0
16878,16138,0
16879,16139,0
16880,16140,0
16881,16141,0
16883,16143,0
16885,16145,0
16886,16146,0
16887,16147,0
16889,16149,0
16894,16154,0
16898,16157,0
16899,16158,0
16900,16159,0
16902,16161,0
16903,16162,0
16904,16163,0
16905,16130,0
16906,16164,0
16907,16165,0
16910,16168,0
16911,16169,0
16914,16172,0
16915,16173,0
16916,16174,0
16917,16175,1
16920,16178,1
16921,16179,0
16922,16180,1
16923,16181,0
16924,16182,0
16925,16183,0
16926,16184,0
16928,16186,0
16929,16187,0
16930,16188,0
16931,16189,0
16933,16191,0
16934,16192,0
16935,16193,0
16936,16194,0
16937,16195,0
16938,16196,0
16939,16197,0
16944,16201,0
16945,16202,0
16947,16204,0
16948,16205,0
16950,16207,0
16951,16158,0
16953,16209,0
16954,16210,0
16957,16212,0
16958,16213,0
16959,16214,0
16961,16216,0
16962,16217,0
16964,16219,0
16965,16220,0
16966,16221,1
16967,16222,0
16968,16223,0
16969,16224,0
16970,16225,0
16971,16226,0
16976,16231,0
16977,16232,0
16978,16233,0
16980,16234,0
16982,16236,0
16983,16059,0
16984,16237,0
16985,16238,0
16987,16240,0
16988,16241,0
16989,16234,0
16990,16242,0
16991,16243,0
16992,16244,0
16993,16245,0
16994,16246,0
16995,16247,0
16996,16248,0
16997,16249,0
16998,16250,0
16999,16251,0
17000,16252,0
17002,16253,0
17003,16254,0
17005,16256,0
17006,16073,0
17007,16257,0
17008,16258,0
17011,16261,0
17012,16262,0
17014,16264,0
17015,16265,0
17017,16267,0
17021,16271,0
17022,16272,0
17023,16273,0
17024,16274,0
17025,16275,0
17026,16276,0
17027,16277,0
17028,16278,0
17029,16279,0
17031,16281,0
17033,16283,0
17034,16284,1
17035,16285,1
17036,16286,0
17037,16287,0
17038,16288,0
17041,16291,0
17045,16295,0
17046,16296,0
17047,16297,0
17048,16298,0
17050,16300,0
17051,16301,0
17052,16302,0
17053,16303,0
17054,16304,0
17055,16305,1
17056,16306,0
17057,16307,0
17058,16308,0
17060,16310,0
17061,16311,0
17063,16313,0
17065,16315,0
17068,16318,0
17069,16319,0
17070,16320,1
17071,16321,0
17072,16322,0
17073,16323,0
17074,16324,1
17075,16325,0
17076,16326,0
17078,16328,0
17079,16329,0
17080,16330,0
17082,16332,0
17083,16333,1
17085,16335,0
17086,16336,0
17088,16338,1
17089,16339,0
17090,16340,1
17091,16341,0
17094,16343,0
17095,16344,0
17096,16343,0
17097,16339,0
17098,16345,0
17099,16346,0
17100,16343,0
17101,16347,0
17102,16348,0
17105,16351,0
17106,16352,0
17107,16353,0
17108,16354,0
17110,16356,0
17111,16357,0
17116,16361,0
17117,16362,0
17118,16363,0
17123,16368,0
17124,16369,0
17126,16371,0
17127,16371,0
17128,16372,0
17129,16373,0
17130,16374,0
17134,16378,0
17136,16380,0
17137,16381,0
17139,16383,0
17140,16384,0
17141,16385,0
17142,16386,0
17143,16387,0
17144,16388,0
17146,16357,0
17147,16390,1
17148,16391,0
17151,16394,0
17152,16395,0
17153,16396,0
17157,16399,0
17158,16400,0
17159,16401,0
17160,16387,0
17162,16403,0
17164,16405,0
17166,16407,0
17168,16409,0
17169,16410,0
17170,16411,0
17171,16412,0
17172,16413,0
17173,16414,0
17177,16418,0
17182,16422,0
17183,16423,0
17185,16425,0
17186,16426,0
17187,16427,0
17188,16428,0
17189,16429,0
17190,16430,0
17191,16431,0
17192,16432,0
17193,16433,0
17194,16434,0
17195,16435,0
17196,16436,0
17197,16437,0
17198,16438,0
17199,16439,0
17200,16440,0
17201,16441,0
17202,16442,0
17203,16443,0
17204,16444,0
17205,16445,0
17206,16446,0
17207,16447,0
17208,16448,0
17210,16450,0
17211,16451,0
17212,16452,0
17214,16454,0
17215,16455,0
17216,16456,1
17217,16457,0
17224,16464,0
17225,16465,0
17226,16466,0
17228,16467,0
17231,16469,0
17232,16409,0
17233,16470,0
17234,16471,0
17236,16473,0
17237,16474,0
17240,16477,0
17241,16478,0
17242,16479,0
17244,16481,1
17245,16482,0
17246,16483,0
17247,16484,0
17248,16485,0
17249,16486,0
17250,16487,0
17252,16489,0
17253,16490,0
17254,16491,0
17258,16495,0
17260,16497,0
17262,16499,0
17263,16500,0
17264,16501,1
17265,16502,0
17267,16504,1
17268,16505,0
17270,16507,0
17271,16508,0
17272,16509,0
17273,16510,0
17274,16511,1
17275,16512,0
17276,16513,0
17278,16515,0
17279,16516,0
17280,16517,0
17281,16518,0
17283,16520,0
17285,16522,0
17286,16523,0
17287,16524,0
17288,16525,0
17289,16526,0
17290,16527,0
17291,16528,1
17293,16530,0
17295,16532,0
17297,16534,0
17298,16535,0
17301,16538,0
17302,16539,0
17303,16540,0
17304,16505,0
17306,16542,0
17307,16543,0
17308,16544,0
17309,16545,0
17311,16547,0
17312,16548,1
17314,16550,0
17315,16551,0
17316,16552,0
17317,16553,0
17318,16554,0
17319,16555,0
17321,16557,0
17326,16562,0
17327,16563,0
17328,16564,0
17329,13768,0
17330,16565,0
17331,16566,0
17332,16567,0
17335,16570,0
17337,16572,0
17339,16574,0
17340,16575,0
17341,16576,0
17342,16577,0
17344,16579,0
17346,16581,0
17347,16582,0
17348,16583,0
17349,16584,0
17350,16585,0
17351,16586,0
17352,16587,0
17353,16588,0
17354,16589,0
17356,16591,0
17357,16592,0
17358,16593,0
17359,16594,1
17360,16595,0
17362,16597,0
17364,16599,1
17365,16600,1
17367,16602,0
17368,16603,0
17370,16605,0
17371,16606,0
17372,16607,1
17373,16608,0
17376,16611,0
17377,16612,1
17378,16613,0
17383,16618,0
17384,16619,0
17386,16621,0
17387,16622,0
17388,16623,0
17389,16624,0
17390,16625,0
17392,16627,0
17393,16628,0
17395,16630,0
17397,16632,0
17398,16624,0
17400,16634,0
17401,16635,0
17403,16637,0
17405,16639,0
17406,16640,0
17407,16641,0
17408,16642,0
17409,16643,0
17410,16644,0
17411,16645,0
17412,16646,0
17415,16649,0
17416,16650,0
17417,16651,0
17418,16611,1
17419,16652,0
17420,16653,0
17423,16656,0
17424,16657,0
17425,16658,0
17426,16659,0
17427,16660,0
17428,16656,0
17430,16662,0
17432,16664,0
17433,16665,0
17434,16666,0
17435,16667,0
17437,16669,0
17438,16664,0
17439,16670,0
17440,16671,0
17441,16672,0
17442,16673,0
17443,16666,0
17447,16677,0
17448,16678,0
17450,16680,0
17451,16681,1
17452,16682,0
17453,16683,0
17454,16684,0
17455,16685,0
17457,16687,0
17458,16688,0
17460,16690,1
17461,16691,0
17462,16692,0
17464,16694,0
17465,16695,0
17466,16696,0
17467,16697,0
17468,16698,0
17470,16700,0
17471,16701,0
17473,16703,0
17474,16704,0
17475,16705,0
17477,16707,0
17479,16709,0
17481,16711,0
17482,16712,0
17483,16713,0
17485,16714,0
17486,16715,0
17487,16716,0
17488,16717,0
17489,16718,0
17490,16719,0
17491,16720,0
17492,16622,0
17493,16721,0
17494,16722,0
17495,16608,0
17497,16724,0
17498,16725,0
17499,16726,1
17500,16727,0
17502,16729,0
17505,16732,0
17506,16733,0
17507,16734,0
17509,16736,1
17511,16738,0
17513,16602,0
17514,16740,0
17518,16744,0
17519,16745,0
17520,16746,0
17521,16747,0
17522,16748,0
17524,16622,0
17525,16750,0
17526,16740,0
17529,16753,0
17532,16755,1
17533,16756,0
17534,16757,0
17536,16759,0
17537,16760,0
17538,16761,1
17539,16762,0
17541,16764,0
17543,16766,0
17544,16767,0
17549,16772,0
17554,16777,0
17556,16779,0
17558,16781,0
17559,16782,0
17560,16783,0
17562,16785,0
17563,16786,0
17564,16787,0
17567,16790,0
17569,16792,0
17570,16793,0
17572,16795,0
17576,16799,0
17577,16800,0
17578,16801,0
17579,16802,0
17580,16803,0
17582,16805,0
17583,16806,0
17584,16807,0
17585,16808,0
17586,16809,0
17587,16810,0
17588,16811,0
17589,16812,0
17590,16813,0
17591,16814,0
17593,16816,0
17596,16819,0
17598,16821,0
17599,16822,0
17600,16823,0
17602,16825,0
17604,16827,0
17605,16828,0
17606,16829,0
17607,16830,1
17611,16833,0
17613,16835,0
17615,16837,0
17616,16838,0
17617,16839,0
17618,16840,0
17620,16842,0
17621,16843,0
17622,16844,0
17623,16845,0
17625,16847,0
17626,16848,0
17628,16850,0
17629,16851,0
17631,16853,0
17632,16854,0
17634,16825,0
17635,16856,0
17636,16857,0
17637,16858,0
17638,16859,0
17639,16860,1
17643,16864,0
17644,16865,0
17645,16866,0
17646,16867,0
17647,16868,0
17648,16869,0
17649,16870,0
17650,16871,0
17651,16872,0
17652,16873,0
17653,16874,0
17655,16876,1
17657,16878,0
17658,16879,0
17660,16881,0
17661,16882,0
17662,16883,0
17663,16884,0
17666,16887,0
17667,16888,0
17668,16889,0
17669,16890,0
17671,16892,0
17673,16894,0
17674,16895,0
17675,16896,0
17676,16897,0
17679,16900,0
17680,16901,0
17681,16902,0
17682,16903,0
17683,16904,0
17684,16905,0
17685,16906,0
17686,16907,0
17687,16908,0
17688,16909,0
17689,16910,0
17690,16911,0
17691,16912,0
17692,16913,0
17693,16914,0
17694,16915,0
17696,16917,0
17697,16918,0
17698,16919,0
17699,16920,0
17701,16922,0
17702,16923,0
17703,16924,0
17704,16925,0
17706,16927,0
17707,16928,0
17709,16930,0
17710,16931,0
17711,16932,0
17715,16936,0
17716,16937,0
17717,16938,0
17719,16940,0
17720,16941,1
17722,16943,0
17724,16945,0
17725,16946,0
17727,16948,0
17728,16949,0
17729,16950,0
17730,16951,0
17733,16954,0
17736,16957,0
17738,16959,0
17739,16960,0
17740,16961,0
17741,16962,0
17742,16961,0
17743,16963,0
17744,16964,0
17745,16965,0
17746,16966,0
17747,16967,0
17749,16969,1
17750,16970,0
17751,16971,0
17752,16972,0
17753,16973,0
17754,16974,0
17757,16977,1
17758,16978,0
17759,16979,0
17761,16981,0
17762,16982,1
17763,16983,0
17765,16985,0
17766,16986,0
17767,16967,0
17768,16987,0
17769,16988,0
17771,16990,0
17772,16991,0
17775,16994,0
17776,16995,0
17777,16996,0
17778,16997,0
17779,16998,0
17780,16999,0
17781,17000,0
17782,17001,0
17783,17002,0
17784,17003,0
17785,17004,0
17786,17005,0
17787,17006,0
17788,17007,0
17791,17006,0
17795,17013,0
17796,15518,0
17797,17014,0
17798,17015,0
17799,17015,0
17800,17016,0
17801,17017,0
17802,17018,0
17803,17019,0
17806,17022,0
17809,17025,0
17810,17026,0
17812,17028,0
17814,17030,0
17815,17031,0
17816,17032,0
17817,17033,0
17819,17035,0
17821,17037,0
17823,17039,0
17824,17040,0
17825,17041,0
17826,17042,0
17827,17043,0
17829,17045,0
17830,17046,0
17831,17047,0
17832,17048,0
17833,17049,0
17834,17050,0
17835,17051,0
17836,17052,0
17837,17053,0
17839,17055,0
17840,17056,0
17841,17057,0
17842,17058,0
17843,17059,0
17844,17060,0
17845,17061,0
17846,17062,0
17848,17064,0
17850,17066,0
17851,17067,0
17852,17068,0
17856,17072,0
17857,17073,0
17858,17074,0
17859,17075,0
17860,17076,0
17861,17077,1
17862,17078,0
17863,17079,0
17864,17080,0
17865,17081,0
17868,17084,0
17869,17085,0
17871,17080,1
17873,17088,0
17875,17090,0
17876,17091,0
17877,17092,0
17879,17094,0
17881,17096,0
17882,17097,0
17883,17098,0
17885,17100,0
17889,17104,0
17890,17105,0
17891,17106,0
17892,17107,0
17893,17108,0
17894,17109,0
17895,17110,0
17896,17111,0
17897,17112,0
17898,17113,0
17899,17114,0
17900,17115,0
17901,17116,0
17902,17117,0
17903,17118,0
17905,17120,0
17906,17121,0
17908,17123,0
17909,17124,0
17910,17125,0
17913,17128,0
17916,17131,0
17918,17133,1
17919,17134,0
17920,17135,1
17924,17139,0
17925,17140,0
17928,17142,0
17929,17143,0
17930,17144,0
17931,17145,0
17932,17146,0
17933,17147,0
17934,17148,1
17935,17149,0
17937,17151,0
17938,17152,0
17940,17154,0
17944,17157,1
17945,17158,0
17946,17159,0
17949,17162,0
17950,17163,0
17951,17164,0
17954,17167,0
17956,17169,0
17957,17170,0
17960,17173,0
17961,17174,0
17963,17176,0
17964,17177,0
17965,17178,0
17966,17179,0
17968,17181,0
17969,17182,0
17970,17183,0
17971,17184,0
17972,17185,0
17973,17186,0
17975,17188,0
17977,17190,0
17978,17191,0
17979,17192,0
17981,17194,0
17982,17195,0
17985,17198,0
17987,17200,0
17988,17201,0
17989,17202,0
17990,17203,0
17991,17204,0
17992,17205,0
17993,17206,0
17997,17210,0
17999,17212,0
18000,17213,0
18002,17215,0
18003,17216,0
18005,17218,0
18006,17219,0
18007,17220,0
18008,17221,0
18009,17222,0
18010,17223,0
18011,17224,0
18012,17225,0
18013,17226,0
18014,17227,0
18015,17226,0
18016,17228,0
18019,17231,0
18020,17232,0
18023,17235,0
18024,17236,0
18025,17237,0
18026,17238,0
18027,17239,1
18028,17240,0
18029,17241,0
18031,17243,1
18032,17244,0
18035,17247,0
18036,17248,0
18038,17250,0
18039,17251,0
18041,17253,1
18042,17254,0
18043,17255,0
18044,17256,0
18046,17258,0
18047,17259,0
18048,17260,0
18049,17261,0
18050,17262,0
18051,17263,0
18052,17264,1
18053,17265,0
18055,17267,0
18056,17268,0
18059,17271,0
18060,17272,0
18062,17274,0
18063,17275,0
18064,17276,0
18065,17271,0
18067,17278,0
18069,17280,0
18070,15704,0
18071,17281,0
18073,17283,0
18074,17284,0
18075,17285,0
18076,17286,0
18077,17287,0
18078,17288,0
18079,17289,0
18081,17290,0
18082,17291,0
18083,17292,0
18084,17293,0
18085,17294,0
18087,17296,0
18088,17297,0
18089,17298,0
18090,17297,0
18091,17299,0
18092,17300,0
18093,17301,0
18094,17302,0
18095,17303,0
18096,17304,0
18097,17305,0
18098,17304,0
18099,17300,0
18104,17310,0
18105,17311,0
18106,17312,0
18108,17314,0
18109,17315,0
18111,17317,0
18113,17319,0
18114,15705,1
18115,17320,0
18116,17321,1
18118,17323,0
18119,17324,0
18120,17325,0
18121,17326,0
18123,17328,0
18124,17329,0
18125,17330,0
18127,17332,0
18131,17336,0
18132,17337,0
18133,17338,0
18134,17339,0
18135,17340,0
18136,17341,0
18137,17342,0
18138,17343,0
18140,17345,0
18141,17346,0
18142,17347,0
18144,17348,0
18145,17349,0
18149,17353,0
18151,17355,0
18153,17357,0
18155,17358,0
18157,17360,0
18158,17361,0
18160,17362,0
18161,17363,0
18163,17361,0
18166,17367,0
18168,17368,0
18169,17369,0
18170,17370,0
18171,17371,1
18172,17372,0
18173,17373,0
18175,17374,0
18177,17376,0
18180,17379,0
18181,17380,0
18182,17381,0
18183,17382,0
18184,17383,1
18185,17384,0
18186,17385,0
18187,17386,0
18191,17390,0
18192,17391,0
18193,17392,0
18195,17394,0
18198,17397,0
18199,17398,0
18204,17402,0
18205,17403,0
18206,17404,0
18207,17405,0
18208,17406,0
18209,17407,0
18210,17408,0
18211,17409,0
18213,17411,0
18214,17412,0
18216,17414,0
18217,17415,0
18218,17416,0
18220,17418,0
18222,17420,0
18223,17421,0
18224,17422,1
18226,17424,0
18227,17425,0
18229,17427,0
18230,17428,0
18231,17429,0
18232,17430,0
18234,17432,0
18235,17433,0
18237,17435,0
18238,17433,0
18239,17436,0
18241,17438,0
18243,17440,0
18244,17441,0
18246,17443,0
18247,17444,0
18248,17445,0
18251,17448,0
18252,17449,0
18254,17451,0
18255,17452,1
18262,17459,0
18263,17460,1
18265,17462,0
18267,17464,0
18268,17465,0
18269,17466,0
18270,17467,0
18272,17469,0
18273,17470,0
18274,17471,0
18279,17475,0
18280,17476,1
18281,17477,0
18282,17478,0
18284,17480,1
18286,17482,0
18287,17483,0
18289,17485,0
18290,17486,0
18291,17487,0
18293,17489,0
18294,17490,0
18296,17492,0
18297,17493,0
18298,17494,0
18299,17495,0
18300,17496,0
18302,17498,0
18303,17499,0
18304,17500,0
18305,17501,1
18307,17503,0
18308,17504,0
18310,17506,0
18312,17508,0
18313,17509,0
18314,17510,0
18315,17511,0
18316,17512,0
18317,17513,1
18318,17514,0
18319,17515,0
18320,17516,0
18321,17517,0
18322,17494,0
18323,17518,0
18324,17519,0
18327,17522,0
18328,17523,0
18330,17525,0
18331,17490,1
18332,17526,0
18333,17527,0
18335,17529,0
18336,17530,0
18337,17531,0
18338,17532,0
18339,17533,0
18340,17534,0
18341,17535,0
18342,17536,0
18343,17537,0
18344,17538,0
18345,17539,0
18346,17540,0
18348,17542,0
18350,17544,0
18351,17545,0
18353,17547,0
18354,17548,0
18356,17550,0
18358,17552,0
18359,17553,0
18360,17554,0
18362,17556,0
18364,17558,0
18365,17559,0
18368,17562,0
18369,17563,0
18370,17564,0
18372,17566,0
18375,17569,0
18377,17571,0
18378,17572,0
18379,17573,0
18381,17575,0
18382,17576,0
18383,17577,0
18384,17578,0
18385,17579,0
18386,17580,1
18387,17581,0
18388,17582,0
18390,17584,0
18392,17586,0
18393,17587,0
18394,17588,1
18395,17589,1
18396,17590,0
18397,17591,0
18400,17593,0
18401,17594,0
18402,17595,0
18404,17597,0
18405,17598,0
18406,17599,0
18407,17600,0
18408,17601,0
18409,17600,0
18411,17603,0
18413,17605,0
18415,17603,0
18416,17607,0
18417,17608,0
18420,17611,0
18421,17612,0
18422,17613,0
18423,17614,0
18425,17616,0
18426,17617,0
18427,17618,0
18428,17619,0
18429,17620,0
18430,17621,0
18432,17623,0
18433,17624,0
18434,17625,0
18435,17626,0
18436,17627,0
18437,17628,0
18438,17629,0
18439,17630,0
18440,17631,0
18441,17632,0
18443,17634,0
18446,17637,0
18447,17638,0
18449,17640,0
18450,17641,0
18451,17642,0
18453,17644,0
18458,17648,0
18459,17649,0
18460,17650,0
18461,17650,0
18462,17651,0
18463,17652,0
18464,17653,0
18466,17650,0
18467,17654,0
18468,17655,0
18469,17656,0
18473,17660,0
18474,17661,0
18475,17662,0
18476,17663,0
18477,17664,0
18479,17666,0
18480,17667,0
18481,17668,0
18482,17640,0
18484,17670,0
18485,17671,1
18486,17672,0
18487,17673,0
18488,17674,0
18490,17676,0
18491,17677,0
18492,17678,0
18493,17679,0
18494,17680,0
18495,17681,0
18496,17682,0
18498,17684,0
18499,17685,0
18500,17686,0
18501,17687,0
18503,17689,0
18504,17690,0
18505,17691,0
18506,17678,0
18507,17692,0
18508,17693,0
18510,17678,0
18511,17695,0
18512,17696,0
18515,17623,1
18516,17699,0
18517,17700,0
18518,17701,0
18520,17702,0
18521,17703,0
18522,17704,0
18523,17705,0
18524,17706,0
18526,17708,0
18527,17709,0
18528,17710,0
18530,17712,0
18531,17713,0
18532,17714,0
18533,17572,0
18534,17715,0
18535,17716,0
18537,17718,0
18538,17719,0
18539,17720,0
18540,17721,0
18542,17723,0
18543,17724,0
18544,17725,0
18545,17726,0
18546,17727,0
18548,17729,0
18549,17730,0
18551,17732,0
18552,17733,0
18554,17734,0
18555,17735,0
18557,17737,0
18558,17738,0
18559,17739,0
18560,17740,0
18561,17741,0
18562,17742,0
18563,17743,0
18564,17744,0
18565,17745,0
18567,17747,0
18568,17623,1
18569,17723,0
18570,17748,1
18572,17732,0
18574,17751,0
18576,17753,0
18577,17754,0
18578,17755,0
18579,17756,0
18581,17758,0
18582,17759,0
18586,17763,0
18587,17764,1
18590,17767,0
18592,17769,0
18595,17772,0
18597,17774,0
18599,17776,0
18600,17777,0
18601,17778,0
18602,17779,1
18604,17781,0
18605,17782,0
18606,17783,0
18607,17784,0
18608,17785,0
18609,17785,0
18610,17786,0
18613,17789,0
18614,17790,0
18615,17791,0
18617,17793,0
18618,17794,0
18620,17796,0
18623,17798,0
18624,17799,0
18625,17800,0
18627,17802,0
18628,17803,0
18630,17805,0
18631,17806,0
18632,17807,0
18633,17808,0
18636,17811,0
18637,17812,0
18638,17813,0
18640,17815,0
18642,17817,0
18643,17818,0
18644,17819,0
18645,17820,0
18646,17821,0
18647,17822,0
18649,17824,0
18650,17825,0
18651,17826,0
18653,17828,0
18654,17829,0
18655,17830,0
18656,17831,0
18657,17832,0
18658,17833,0
18659,17834,0
18661,17836,0
18662,17837,0
18664,17839,0
18665,17840,0
18666,17841,0
18667,17842,0
18668,17843,0
18669,17844,0
18670,17845,0
18672,17847,0
18674,17849,0
18676,17851,0
18677,17852,0
18678,17853,0
18679,17854,0
18681,17856,0
18682,17857,0
18683,17858,0
18684,17859,0
18686,17861,0
18687,17862,0
18688,17836,0
18691,17865,0
18692,17866,0
18693,17867,0
18695,17869,0
18696,17870,0
18697,17871,0
18698,17872,0
18700,17874,0
18701,17875,0
18704,17878,0
18705,17879,0
18706,17880,0
18707,17881,0
18708,17882,0
18709,17836,0
18710,17883,0
18711,17884,0
18713,17886,0
18714,17887,0
18715,17888,0
18716,17889,0
18717,17890,0
18719,17892,0
18720,17893,0
18721,17894,0
18725,17898,0
18726,17832,0
18727,17899,0
18728,17900,0
18729,17901,0
18730,17902,0
18731,17903,0
18732,17879,0
18733,17904,0
18734,17905,0
18735,17906,0
18736,17907,0
18740,17911,0
18742,17913,0
18743,17914,0
18745,17916,0
18748,17919,0
18749,17920,0
18750,17921,0
18753,17924,0
18755,17875,0
18759,17929,0
18760,17930,0
18762,17932,0
18765,17782,0
18767,17936,0
18768,17937,0
18769,17938,0
18771,17940,0
18772,17941,0
18773,17942,0
18774,17943,0
18776,17945,0
18778,17947,0
18779,17948,0
18780,17949,0
18781,17950,0
18782,17951,0
18783,17952,0
18785,17954,0
18787,17956,1
18789,17957,0
18790,17958,0
18792,17960,0
18793,17932,0
18794,17961,0
18796,17963,0
18798,17836,0
18799,17965,0
18800,17966,0
18802,17967,0
18803,17968,0
18804,17969,0
18805,17970,0
18806,17971,0
18807,17972,0
18811,17976,0
18812,17977,0
18813,17978,0
18814,17979,0
18816,17981,0
18817,17982,0
18818,17983,0
18819,17984,0
18820,17985,0
18821,17986,0
18822,17987,0
18825,17990,0
18827,17992,0
18828,17993,0
18829,17994,0
18830,17995,0
18831,17996,0
18832,17997,0
18834,17999,0
18835,18000,0
18836,18000,0
18837,18000,0
18838,18000,0
18840,18002,0
18841,18003,0
18843,18005,0
18844,18006,0
18845,18003,1
18846,18007,0
18848,18009,0
18849,18009,0
18851,18011,0
18852,18012,0
18854,18014,0
18856,18016,0
18858,18018,0
18859,18019,0
18860,18020,0
18862,18022,0
18863,18023,0
18864,18022,0
18865,18024,0
18866,18025,0
18867,18026,0
18869,18028,0
18870,18029,0
18871,18030,0
18873,18032,0
18874,18033,0
18877,18036,0
18878,18037,0
18880,18039,0
18881,18040,0
18883,18042,0
18885,18044,0
18886,18045,0
18887,18046,0
18892,18051,0
18896,18055,0
18897,18056,0
18898,18057,0
18901,18060,0
18902,18061,0
18904,18063,0
18905,18064,0
18906,18065,0
18907,18066,0
18910,18069,0
18911,18070,0
18913,18072,0
18914,18073,0
18915,18074,0
18916,18075,0
18917,18076,0
18918,18077,0
18919,18078,0
18920,18079,0
18921,18079,0
18922,18080,0
18924,18082,0
18925,18083,0
18926,18083,0
18927,18084,0
18929,18086,0
18930,18086,0
18931,18087,0
18932,18088,0
18933,18089,0
18934,18090,0
18935,18091,0
18936,18092,0
18938,18094,0
18939,18095,0
18940,18069,0
18941,18096,0
18945,18100,0
18946,18101,0
18947,18102,0
18949,18104,0
18950,18105,0
18951,18106,0
18952,18107,0
18953,18108,0
18955,18108,0
18956,18110,0
18958,18112,0
18959,18112,0
18960,18113,0
18961,18114,0
18962,18115,0
18964,18117,0
18965,18118,0
18966,18119,0
18967,18120,0
18968,18121,0
18969,18122,0
18970,18123,0
18971,18124,0
18972,18125,0
18973,18126,0
18975,18128,0
18976,18129,0
18977,18130,0
18981,18133,0
18982,18134,0
18983,18135,0
18986,18138,1
18987,18139,0
18989,18141,1
18990,18142,0
18992,18144,0
18994,18146,0
18995,18147,0
18996,18148,0
18997,18149,0
18999,18151,0
19000,18152,1
19001,18153,1
19003,18155,0
19004,18156,0
19006,18158,0
19008,18160,0
19009,18161,0
19010,18162,1
19011,18163,1
19012,18164,0
19013,18165,0
19015,18167,0
19016,18168,0
19017,18167,0
19020,18170,0
19021,18171,0
19022,18170,0
19023,18172,0
19024,18173,1
19025,18174,0
19026,18175,0
19027,18176,0
19028,18177,0
19029,18177,0
19030,18178,0
19032,18180,0
19033,18181,0
19035,18183,0
19036,18184,0
19037,18185,0
19038,18186,0
19040,18188,0
19041,18189,0
19042,18190,0
19043,18189,0
19044,18191,1
19046,18183,0
19047,18193,0
19048,18193,0
19049,18194,0
19051,18196,0
19053,18197,0
19054,18198,0
19057,18201,0
19059,18202,0
19061,18204,0
19062,18205,0
19063,18205,0
19064,18206,0
19065,18207,0
19066,18208,0
19067,18209,0
19068,18210,0
19069,18211,0
19070,18212,0
19072,18214,0
19073,18215,0
19077,18219,0
19078,18220,0
19079,18221,0
19080,18221,0
19081,18222,0
19082,18223,0
19083,18224,0
19084,18202,0
19085,18225,0
19088,18228,0
19089,18229,0
19090,18230,0
19094,18234,0
19095,18235,0
19096,18236,0
19097,18237,1
19098,18238,0
19099,18239,0
19100,18240,0
19101,18241,0
19104,18244,0
19105,18245,0
19106,18246,0
19107,18247,0
19108,18246,1
19109,18248,0
19111,18250,0
19112,18251,0
19113,18252,0
19115,18254,1
19116,18255,0
19117,18256,0
19118,18257,0
19119,18258,0
19120,18259,0
19121,18260,1
19122,18261,0
19123,18262,0
19125,18264,0
19126,18265,0
19130,18184,1
19131,18269,0
19132,18270,0
19134,18272,0
19135,18273,0
19136,18274,0
19137,18202,0
19138,18275,0
19140,18277,0
19141,18258,0
19142,18278,0
19143,18279,0
19144,18280,0
19145,18281,0
19146,18282,0
19147,18160,0
19148,18160,0
19150,18284,0
19151,18285,0
19152,18286,1
19153,18287,0
19154,18288,1
19155,18289,0
19158,18292,0
19159,18293,0
19161,18295,0
19162,18296,0
19163,18297,0
19165,18292,0
19166,18299,0
19167,18300,0
19168,18301,0
19170,18303,0
19172,18305,0
19173,18251,0
19174,18306,0
19175,18307,0
19176,18308,1
19178,18310,0
19179,18311,0
19180,18312,0
19182,18313,0
19185,18316,1
19188,18319,0
19190,18321,0
19191,18322,0
19192,18323,0
19194,18325,0
19195,18326,0
19196,18327,1
19198,18329,0
19199,18330,1
19203,18334,0
19204,18335,0
19205,18336,1
19206,18337,0
19207,18338,0
19208,18339,0
19209,18340,1
19210,18341,0
19211,18342,0
19212,18343,0
19217,18348,0
19218,18349,0
19219,18350,0
19220,18351,0
19222,18353,1
19223,18354,0
19225,18356,0
19227,18358,0
19228,18359,0
19230,18361,0
19231,18362,0
19232,18363,0
19234,18365,0
19239,18368,0
19241,18359,0
19242,18370,0
19244,18371,0
19245,18337,1
19246,18372,0
19252,18378,0
19254,18380,0
19256,18371,0
19257,18382,0
19258,18383,0
19259,18384,0
19265,18388,0
19266,18389,0
19267,18390,0
19268,18391,0
19269,18392,0
19270,18393,0
19275,18398,0
19276,18399,1
19277,18400,0
19278,18401,0
19280,18403,0
19281,18404,1
19282,18405,0
19284,18407,0
19285,18408,0
19287,18410,0
19288,18411,0
19289,18412,0
19290,18413,0
19291,18413,0
19292,18414,0
19293,18415,0
19295,18413,0
19297,18417,0
19299,18419,0
19300,18420,0
19301,18421,0
19303,18339,0
19305,18424,0
19306,18425,0
19307,18426,0
19308,18427,0
19309,18428,0
19310,18429,0
19311,18430,0
19312,18426,0
19313,18431,0
19316,18434,0
19317,18435,0
19318,18436,0
19322,18440,0
19323,18441,1
19324,18442,0
19325,18442,0
19326,18442,0
19327,18442,0
19328,18442,0
19329,18443,0
19330,18444,0
19331,18445,0
19332,18446,0
19333,18447,0
19336,18450,0
19339,18452,0
19341,18454,0
19343,18456,0
19344,18457,0
19345,18458,0
19346,18458,0
19347,18459,0
19348,18460,0
19349,18459,0
19350,18461,0
19352,18463,0
19353,18464,0
19354,18465,0
19355,18466,0
19356,18465,0
19357,18465,0
19359,18468,0
19360,18469,0
19361,18470,0
19363,18472,0
19364,18382,0
19365,18473,0
19367,18475,0
19369,18477,0
19372,18480,1
19373,18481,0
19375,18483,0
19376,18484,0
19380,18488,0
19381,18489,0
19382,18490,0
19383,18491,0
19387,18494,0
19388,18495,0
19389,18496,0
19391,18498,0
19392,18499,0
19393,18500,0
19394,18501,0
19395,18502,0
19396,18503,0
19398,18503,0
19399,18505,0
19400,18506,1
19401,18507,0
19402,18508,0
19403,18509,0
19405,18511,0
19406,18512,0
19407,18513,0
19409,18515,0
19410,18516,0
19412,18518,0
19414,18520,0
19416,18522,0
19417,18523,0
19418,18524,0
19422,18528,0
19423,18529,0
19424,18530,0
19426,18532,0
19428,18534,0
19429,18535,0
19430,18536,0
19431,18537,0
19432,18538,0
19433,18539,0
19435,18541,0
19436,18542,0
19438,18544,0
19440,18546,1
19442,18548,0
19444,18550,0
19445,18551,0
19446,18552,0
19449,18555,1
19450,18556,0
19451,18557,0
19453,18559,0
19454,18560,0
19455,18561,0
19456,18562,0
19457,18563,0
19459,18565,0
19461,18566,0
19463,18567,0
19465,18567,0
19466,18567,0
19467,18568,0
19468,18569,0
19469,18570,0
19471,18568,0
19472,18572,1
19473,18572,0
19474,18573,0
19475,18574,1
19479,18578,0
19480,18562,0
19481,18579,0
19482,18580,0
19486,18584,0
19487,18585,0
19489,18587,0
19490,18579,0
19491,18588,0
19492,18589,0
19493,18589,0
19495,18591,0
19497,18593,0
19498,18594,0
19499,18594,0
19501,18596,0
19502,18597,0
19503,18596,0
19504,18598,0
19505,18599,0
19506,18600,0
19507,18601,0
19508,18602,0
19509,18603,0
19510,18604,0
19511,18605,0
19512,18606,1
19513,18607,0
19515,18609,0
19516,18610,0
19517,18611,0
19519,18613,0
19520,18614,0
19521,18615,1
19522,18616,0
19523,18584,0
19524,18616,0
19525,18617,0
19527,18619,0
19528,18620,1
19529,18621,1
19530,18622,0
19531,18623,0
19532,18624,0
19533,18623,0
19534,18625,0
19535,18626,0
19537,18628,0
19538,18629,0
19541,18631,0
19544,18633,0
19545,18634,0
19549,18638,0
19550,18639,0
19551,18640,0
19552,18641,0
19553,18642,0
19554,18643,0
19555,18644,0
19556,18645,0
19557,18646,0
19559,18648,0
19560,18649,0
19562,18651,0
19563,18652,0
19564,18653,0
19566,18655,0
19568,18656,0
19570,18658,0
19573,18660,0
19575,18662,0
19576,18663,0
19577,18664,0
19578,18665,0
19580,18667,0
19582,18669,0
19584,18671,0
19585,18672,0
19587,18674,0
19588,18675,0
19589,18676,0
19593,18680,0
19594,18681,0
19595,18682,0
19596,18683,0
19597,18684,0
19599,18686,0
19600,18687,0
19601,18688,0
19602,18686,0
19603,18689,0
19606,18667,0
19608,18693,0
19609,18611,0
19610,18694,0
19611,18695,0
19612,18696,0
19615,18699,0
19616,18700,0
19617,18701,0
19619,18703,0
19620,18704,0
19621,18705,0
19622,18706,0
19623,18707,0
19626,18710,0
19627,18711,0
19629,18713,0
19631,18569,0
19633,18715,0
19634,18716,0
19635,18717,0
19636,18718,0
19639,18721,0
19640,18722,0
19641,18723,0
19642,18724,0
19643,18693,0
19644,18656,0
19645,18725,0
19646,18693,0
19647,18726,0
19648,18727,0
19650,18729,0
19651,18730,0
19652,18731,0
19653,18732,0
19654,18733,0
19655,18734,0
19656,18735,0
19660,18739,0
19661,18740,0
19662,18741,0
19667,18746,0
19668,18747,0
19671,18750,0
19673,18752,0
19674,18753,0
19676,18755,0
19677,18756,0
19678,18757,0
19679,18758,0
19680,18759,0
19681,18760,0
19683,18762,0
19684,18763,0
19685,18764,0
19686,18765,0
19688,18767,0
19689,18768,0
19690,18769,0
19691,18770,0
19693,18740,0
19696,18774,0
19698,18776,0
19699,18676,1
19700,18777,0
19701,18778,0
19702,18779,0
19703,18780,1
19704,18781,0
19705,18782,0
19706,18783,0
19707,18740,0
19708,18784,0
19709,18785,0
19710,18786,0
19711,18787,0
19712,18788,0
19713,18789,0
19715,18791,0
19717,18793,1
19719,18795,0
19720,18796,0
19721,18797,0
19722,18798,0
19725,18780,0
19726,18801,0
19727,18802,0
19730,18791,0
19732,18806,0
19733,18807,0
19734,18808,0
19735,18809,0
19736,18810,0
19738,18812,0
19739,18813,0
19740,18814,0
19741,18815,0
19742,18816,0
19743,18817,0
19744,18818,0
19745,18818,0
19747,18820,0
19749,18822,0
19751,18824,0
19754,18827,0
19755,18828,0
19757,18830,0
19759,18830,0
19760,18832,0
19761,18830,0
19762,18833,0
19763,18834,0
19764,18835,0
19765,18836,0
19767,18838,0
19768,18839,0
19769,18840,0
19771,18842,0
19772,18843,0
19773,18844,0
19774,18845,0
19775,18846,0
19776,18847,0
19779,18817,0
19780,18817,0
19781,18850,0
19783,18852,0
19784,18853,0
19785,18854,0
19786,18855,0
19787,18856,0
19789,18858,0
19791,18860,0
19795,18863,0
19796,18864,0
19798,18866,0
19799,18867,0
19800,18868,0
19801,18869,0
19802,18870,0
19805,18873,0
19806,18874,0
19807,18875,0
19808,18876,0
19810,18878,1
19811,18879,0
19813,18881,0
19814,18882,0
19815,18882,0
19816,18883,0
19817,18884,0
19819,18886,0
19820,18887,1
19822,18889,0
19823,18890,0
19826,18893,1
19827,18894,0
19828,18895,0
19830,18897,0
19832,18856,0
19833,18899,0
19836,18901,0
19837,18902,0
19839,18904,0
19841,18906,0
19842,18904,0
19843,18907,0
19844,18908,0
19846,18910,0
19847,18911,0
19848,18912,0
19849,18913,0
19853,18916,0
19854,18917,0
19855,18917,0
19856,18917,0
19857,18918,0
19858,18919,0
19859,18920,0
19860,18921,0
19861,18921,0
19862,18922,1
19863,18923,0
19866,18925,0
19867,18926,0
19868,18927,1
19872,18929,0
19874,18931,0
19875,18932,0
19879,18935,0
19880,18936,0
19882,18938,0
19884,18845,0
19885,18845,0
19886,18845,0
19887,18940,0
19888,18847,0
19889,18941,0
19890,18942,0
19891,18943,0
19892,18944,0
19894,18946,1
19896,18948,0
19898,18950,0
19899,18951,0
19900,18952,0
19901,18953,0
19902,18954,0
19904,18956,0
19905,18957,0
19906,18958,0
19909,18961,0
19910,18962,0
19911,18963,0
19912,18860,0
19913,18964,0
19914,18941,0
19917,18967,0
19919,18969,0
19920,18970,0
19921,18971,0
19922,18972,0
19923,18973,0
19924,18974,0
19925,18975,0
19926,18976,1
19927,18977,0
19929,18979,0
19930,18979,0
19931,18918,0
19932,18918,1
19933,18980,0
19935,18982,0
19936,18856,0
19937,18983,0
19938,18941,0
19939,18984,0
19940,18985,0
19941,18986,0
19943,18988,0
19944,18989,0
19946,18991,0
19947,18992,0
19949,18993,0
19954,18995,1
19955,18993,0
19956,18996,0
19957,18993,0
19959,18998,0
19960,18999,0
19961,19000,0
19962,18846,0
19963,19001,0
19964,19002,0
19965,19003,0
19966,19004,0
19967,19005,1
19969,19007,1
19971,18845,0
19972,19009,0
19973,19010,0
19974,19011,1
19977,19014,0
19978,19015,0
19979,19016,1
19980,19017,0
19982,19019,0
19983,19020,0
19984,19021,0
19985,19022,0
19986,19023,0
19987,19024,0
19989,19026,0
19991,19028,0
19992,19029,0
19993,19030,0
19994,19031,0
19996,19033,0
19997,19034,0
19998,19035,1
19999,19036,1
20000,19037,0
20001,19038,0
20004,19041,0
20005,19042,0
20008,19045,0
20009,19046,0
20010,19047,0
20012,18989,0
20013,19048,0
20014,19049,0
20015,19050,0
20017,19052,0
20018,19053,0
20019,19054,0
20020,19055,0
20022,19056,0
20023,19057,0
20024,19058,0
20026,18984,0
20030,19063,0
20032,19065,0
20033,19066,0
20035,19068,0
20036,19069,1
20037,19070,0
20038,19071,0
20040,19073,0
20041,19074,0
20043,19076,0
20045,19078,0
20046,19079,0
20047,19080,0
20048,19081,0
20049,19082,0
20050,19073,0
20051,19083,0
20053,19085,0
20055,19087,0
20056,19088,0
20059,19091,0
20060,19092,0
20061,19093,0
20062,19094,0
20063,19095,0
20064,19096,0
20065,19097,0
20066,19083,0
20067,19083,0
20068,19098,0
20069,19099,0
20070,19083,0
20071,19100,0
20072,19101,0
20074,19103,0
20076,19105,0
20079,19108,0
20080,19109,1
20081,19110,0
20082,19111,0
20083,19112,0
20084,19112,0
20086,19114,0
20088,19116,0
20089,19117,0
20090,19118,0
20092,19118,0
20093,19120,0
20095,19121,0
20096,19122,0
20097,19123,0
20098,19124,0
20099,19125,0
20101,19127,0
20102,19128,0
20106,19132,0
20108,19134,0
20109,19135,1
20110,19136,0
20111,19137,0
20112,19101,0
20113,19138,0
20114,19139,0
20115,19140,0
20116,19141,0
20122,19147,0
20125,19150,0
20126,19141,0
20128,19152,0
20129,19153,0
20130,19154,0
20131,19155,0
20133,19117,0
20134,19157,0
20135,19158,0
20137,19160,0
20138,19161,0
20139,19162,0
20140,19162,0
20141,19161,0
20143,19164,0
20144,19165,0
20145,19166,0
20147,19168,0
20148,19166,0
20149,19169,0
20150,19170,0
20151,19169,1
20153,19172,0
20154,19173,0
20155,19174,0
20156,19175,0
20158,19177,0
20159,19178,0
20160,19179,0
20161,19093,0
20162,19180,0
20163,19181,0
20164,19121,0
20165,19182,0
20166,19183,0
20168,19185,0
20169,19185,0
20170,19186,0
20171,19121,1
20172,19187,0
20173,19128,1
20174,19188,0
20175,19189,0
20176,19190,0
20177,19191,0
20179,19193,0
20182,19196,0
20183,19197,0
20185,19170,0
20186,19199,0
20188,19201,0
20189,19202,0
20190,19203,0
20193,19197,0
20195,19207,0
20196,19208,0
20197,19209,0
20198,19210,0
20201,19105,0
20204,19074,0
20205,19215,0
20206,19216,0
20207,19217,0
20208,19153,0
20209,19218,0
20211,19220,1
20212,19182,0
20213,19153,1
20214,19182,0
20215,19221,0
20219,19224,0
20220,19093,0
20221,19225,0
20223,19227,0
20224,19228,0
20225,19229,0
20226,19230,0
20228,19232,0
20229,19207,0
20233,19236,0
20234,19237,1
20235,19238,0
20236,19239,0
20239,19242,0
20240,19243,0
20241,19244,0
20243,19246,0
20244,19247,0
20246,19249,0
20247,19250,0
20248,19251,0
20250,19252,0
20251,19253,0
20252,19254,0
20253,19255,0
20254,19256,0
20256,19258,0
20257,19259,0
20258,19260,1
20260,19262,0
20262,19264,0
20264,19266,0
20265,19267,0
20266,19268,0
20267,19268,0
20268,19269,0
20269,19270,0
20271,19272,0
20272,19273,0
20273,19274,0
20275,19243,0
20277,19277,0
20278,19278,0
20279,19279,0
20280,19280,0
20282,19282,0
20283,19283,0
20284,19284,0
20285,19285,0
20287,19287,0
20289,19289,0
20290,19290,0
20292,19292,0
20293,19293,0
20294,19294,0
20295,19295,0
20296,19296,1
20297,19297,0
20300,19300,0
20301,19301,0
20303,19303,0
20304,19304,0
20306,19292,1
20307,19306,0
20310,19309,0
20312,19311,0
20313,19312,0
20314,19313,0
20317,19118,0
20318,19316,0
20319,19317,0
20320,19318,1
20321,19319,0
20324,19322,0
20325,19323,0
20326,19324,0
20328,19326,0
20329,19327,0
20330,19328,0
20331,19329,0
20333,19331,1
20334,19332,0
20336,19334,0
20338,19336,0
20339,19337,0
20341,19339,0
20343,19341,1
20344,19342,0
20345,19343,0
20346,19344,0
20347,19345,0
20349,19347,0
20350,19348,0
20352,19350,0
20353,19351,0
20354,19352,0
20356,19353,0
20357,19354,0
20358,19354,0
20359,19354,0
20360,19355,0
20361,19356,0
20362,19357,0
20363,19358,0
20364,19359,0
20365,19360,0
20366,19361,0
20368,19359,1
20370,19364,0
20371,19354,1
20372,19365,0
20373,19366,0
20374,19367,0
20375,19368,0
20376,19369,0
20380,19373,0
20381,19374,1
20382,19375,0
20383,19376,0
20384,19377,0
20388,19381,0
20389,19382,0
20390,19383,0
20391,19384,0
20392,19383,0
20393,19385,0
20394,19385,0
20395,19386,1
20396,19387,0
20398,19389,0
20399,19385,0
20400,19390,0
20402,19392,0
20403,19393,0
20405,19393,0
20409,19368,0
20411,19397,0
20412,19398,0
20413,19399,1
20414,19400,0
20416,19402,0
20417,19403,0
20418,19404,0
20419,19405,0
20420,19406,0
20421,19407,0
20425,19411,0
20426,19412,1
20427,19413,0
20429,19376,0
20432,19416,0
20433,19417,0
20435,19419,0
20436,19419,0
20439,19421,0
20440,19422,0
20441,19423,0
20444,19426,0
20445,19427,0
20446,19416,0
20447,19428,0
20448,19426,0
20449,19429,0
20450,19430,0
20451,19431,1
20453,19433,0
20454,19434,0
20455,19435,0
20456,19436,0
20457,19437,0
20458,19438,0
20461,19441,0
20462,19442,0
20463,19443,0
20470,19449,0
20471,19449,0
20472,19450,0
20474,19452,0
20475,19453,0
20477,19455,0
20479,19457,0
20480,19458,0
20481,19459,1
20482,19459,0
20485,19461,0
20489,19465,0
20490,19466,0
20491,19467,0
20494,19470,0
20495,19471,1
20496,19472,0
20497,19473,0
20498,19474,0
20499,19475,0
20500,19476,1
20502,19478,0
20503,19386,0
20504,19479,0
20505,19480,0
20506,19481,0
20507,19482,0
20508,19483,0
20509,19481,0
20510,19484,0
20514,19488,0
20515,19489,0
20517,19491,0
20518,19492,0
20519,19493,0
20520,19494,0
20522,19496,1
20523,19497,0
20524,19498,1
20525,19499,0
20526,19500,1
20527,19501,0
20528,19502,0
20529,19503,1
20531,19504,0
20532,19505,0
20533,19506,1
20535,19507,0
20536,19508,0
20537,19509,1
20538,19510,0
20539,19504,1
20540,19511,0
20542,19513,1
20543,19514,0
20544,19515,0
20545,19516,0
20547,19518,0
20548,19519,0
20549,19520,1
20550,19521,0
20551,19522,1
20554,19525,0
20557,19528,0
20558,19529,0
20559,19530,0
20560,19531,0
20561,19532,0
20563,19534,0
20564,19535,0
20567,19538,0
20569,19540,1
20570,19541,0
20572,19543,1
20573,19544,0
20574,19545,0
20575,19546,0
20576,19547,0
20577,19548,0
20578,19549,0
20579,19550,1
20580,19551,0
20584,19555,0
20587,19558,0
20590,19561,0
20592,19563,0
20593,19564,0
20595,19566,0
20596,19567,0
20597,19568,0
20598,19569,0
20599,19570,0
20601,19572,0
20602,19573,0
20605,19575,0
20606,19576,0
20607,19577,0
20608,19578,0
20610,19580,0
20611,19581,0
20612,19582,0
20616,19586,0
20617,19587,0
20618,19588,0
20619,19586,0
20620,19589,0
20624,19593,0
20625,19594,0
20627,19596,0
20632,19600,1
20633,19601,0
20635,19603,0
20636,19604,0
20638,19606,1
20639,19607,0
20642,19610,0
20643,19611,0
20646,19614,0
20647,19615,0
20648,19616,0
20649,19617,0
20651,19619,0
20652,19620,0
20653,19621,0
20654,19619,0
20655,19622,0
20656,19623,0
20658,19625,0
20660,19627,0
20661,19628,0
20662,19629,0
20665,19629,0
20666,19616,0
20667,19632,0
20668,19633,0
20669,19634,0
20674,19639,0
20675,19640,0
20676,19641,0
20678,19643,0
20679,19643,0
20681,19644,0
20683,19646,0
20685,19648,0
20686,19649,0
20687,19650,0
20688,19651,0
20689,19652,0
20690,19653,0
20691,19654,0
20692,19655,0
20693,19656,0
20694,19656,0
20695,19657,0
20697,19656,0
20699,19646,0
20700,19659,0
20701,19660,0
20702,19650,0
20703,19661,0
20704,19656,0
20705,19662,1
20706,19663,0
20707,19664,1
20708,19665,0
20710,19667,0
20712,19669,0
20713,19670,0
20714,19671,0
20715,19672,1
20717,19674,0
20720,19677,0
20724,19681,0
20725,19682,0
20726,19683,0
20728,19685,0
20731,19688,1
20732,19689,0
20733,19690,1
20734,19691,0
20736,19693,0
20737,19694,0
20740,19697,0
20741,19698,0
20742,19699,1
20743,19700,0
20745,19702,0
20746,19703,0
20747,19703,0
20748,19704,0
20750,19706,1
20751,19707,0
20752,19708,0
20753,19709,0
20755,19711,0
20757,19712,0
20758,19713,0
20759,19714,0
20760,19715,0
20761,19716,0
20762,19717,0
20764,19719,0
20765,19720,0
20766,19721,0
20767,19722,0
20769,19724,0
20770,19725,0
20771,19726,0
20772,19727,0
20774,19729,0
20775,19730,0
20777,19732,0
20778,19733,0
20779,19734,1
20780,19735,0
20781,19736,0
20782,19737,0
20783,19738,1
20785,19740,0
20787,19742,0
20788,19743,1
20789,19744,0
20791,19746,0
20793,19748,0
20794,19749,0
20796,19751,0
20798,19753,0
20805,19759,0
20806,19760,0
20807,19761,0
20808,19762,0
20809,19763,0
20810,19764,0
20811,19765,0
20812,19766,0
20813,19748,0
20815,19768,0
20816,19769,0
20818,19771,0
20819,19772,0
20820,19772,0
20823,19775,0
20824,19776,0
20825,19777,0
20827,19779,0
20828,19780,0
20830,19782,0
20831,19783,0
20833,19785,0
20834,19786,0
20835,19787,0
20837,19789,0
20838,19790,0
20839,19791,0
20842,19794,0
20847,19798,0
20848,19799,0
20849,19799,0
20850,19800,0
20851,19801,0
20852,19802,0
20853,19803,0
20855,19805,0
20856,19806,0
20858,19805,0
20859,19808,0
20862,19810,0
20863,19805,1
20864,19811,0
20865,19812,0
20866,19813,0
20867,19814,0
20869,19816,0
20871,19818,0
20873,19820,0
20874,19821,0
20875,19822,0
20877,19820,0
20878,19818,0
20879,19824,0
20881,19826,0
20882,19827,0
20884,19829,0
20885,19830,0
20886,19831,0
20887,19832,0
20888,19833,0
20889,19834,0
20890,19835,0
20891,19836,0
20892,19837,0
20894,19839,0
20896,19841,0
20897,19841,0
20899,19843,0
20900,19844,0
20902,19846,0
20904,19848,0
20905,19849,0
20906,19850,0
20907,19851,0
20908,19852,0
20913,19857,0
20914,19857,0
20915,19858,0
20916,19859,0
20917,19820,0
20918,19860,0
20920,19862,0
20921,19863,0
20922,19864,0
20923,19865,0
20924,19799,1
20926,19820,0
20928,19863,0
20929,19867,0
20930,19868,0
20931,19869,0
20932,19870,0
20934,19872,0
20936,19874,0
20937,19875,0
20938,19876,0
20939,19870,0
20940,19870,0
20941,19820,0
20942,19877,0
20944,19879,0
20945,19880,0
20946,19881,0
20947,19882,0
20948,19883,0
20949,19884,0
20950,19884,0
20953,19884,0
20954,19886,0
20955,19887,0
20956,19888,0
20958,19890,0
20959,19891,0
20960,19892,0
20961,19893,0
20962,19894,0
20963,19894,0
20964,19895,0
20966,19897,0
20967,19832,1
20968,19898,0
20969,19899,0
20971,19901,0
20972,19902,0
20973,19903,0
20975,19905,1
20976,19906,0
20977,19907,0
20978,19908,0
20979,19909,0
20980,19910,0
20981,19911,0
20982,19912,0
20983,19913,0
20986,19916,0
20987,19917,0
20988,19911,0
20989,19918,0
20990,19919,0
20992,19913,0
20993,19920,0
20994,19921,0
20995,19922,1
20996,19923,0
20997,19924,0
20998,19925,0
20999,19926,0
21000,19927,0
21001,19928,0
21003,19930,0
21006,19933,0
21007,19934,0
21010,19937,0
21012,19919,0
21015,19941,0
21016,19942,0
21017,19943,0
21019,19945,0
21020,19946,0
21022,19948,0
21023,19946,0
21024,19949,0
21025,19950,0
21027,19952,0
21028,19953,0
21029,19954,0
21030,19955,0
21033,19958,0
21034,19959,0
21036,19813,0
21037,19813,0
21038,19961,0
21039,19962,0
21040,19963,0
21042,19965,0
21043,19966,1
21045,19968,0
21046,19969,0
21047,19970,0
21049,19972,0
21050,19973,0
21051,19974,0
21052,19799,0
21053,19975,0
21055,19977,0
21057,19979,0
21058,19980,0
21061,19982,0
21062,19983,0
21063,19984,0
21064,19985,0
21066,19987,1
21067,19988,1
21068,19989,0
21069,19990,0
21070,19991,0
21072,19992,0
21073,19993,0
21074,19994,0
21075,19995,0
21076,19996,0
21077,19997,0
21078,19996,0
21079,19998,0
21080,19999,0
21081,20000,0
21084,20002,0
21085,20003,0
21086,20004,0
21087,20005,0
21088,20006,0
21090,20008,0
21091,20004,0
21092,20009,0
21093,20010,0
21094,19911,0
21095,20011,1
21096,20012,0
21097,19952,0
21098,20013,0
21100,20015,1
21101,20016,0
21102,20017,1
21103,20018,1
21104,20019,0
21105,20020,1
21106,20021,0
21107,20022,0
21108,20023,0
21109,20024,0
21111,20026,0
21112,20027,1
21113,20028,1
21114,20029,0
21115,20030,0
21119,20034,0
21120,20035,0
21121,20036,0
21122,20037,0
21123,20038,0
21124,20039,0
21125,20040,0
21126,20041,0
21128,20043,0
21129,20044,0
21130,20045,0
21131,20046,0
21132,20047,0
21133,20048,1
21134,20049,0
21135,20036,0
21136,20050,0
21137,20051,0
21139,20053,0
21141,20055,0
21142,20056,0
21143,20057,0
21145,20059,0
21146,20060,0
21147,20061,1
21148,20062,0
21150,20063,0
21152,20065,0
21154,20067,0
21155,20068,0
21156,20069,0
21157,20040,0
21158,20070,0
21160,20072,0
21162,20074,0
21163,20075,0
21165,20077,0
21166,20078,0
21167,20079,0
21168,20080,0
21171,20082,0
21172,20083,0
21174,20085,0
21175,20086,0
21176,20087,0
21178,20089,0
21179,20090,0
21180,20091,0
21181,20067,0
21182,20092,0
21183,20093,0
21185,20095,0
21188,20098,0
21189,20099,0
21190,20100,0
21191,20101,0
21192,20079,0
21193,20102,0
21194,20103,1
21195,20104,0
21196,20105,0
21197,20106,0
21198,20106,0
21200,20108,0
21201,20109,0
21202,20110,0
21204,20112,0
21205,20113,0
21206,20114,0
21207,20115,0
21209,20117,0
21210,20118,0
21211,20114,0
21214,20121,0
21215,20122,0
21216,20123,0
21217,20124,0
21218,20125,0
21219,20126,0
21221,20128,0
21222,20129,0
21223,20130,0
21224,20131,0
21225,20132,0
21227,20134,0
21228,20135,0
21229,20136,0
21231,20138,0
21232,20139,0
21234,20141,0
21235,20142,0
21237,20144,0
21238,20136,0
21239,20145,0
21242,20148,0
21244,20150,0
21245,20040,0
21246,20151,0
21249,20154,0
21251,20156,0
21252,20157,0
21253,20044,0
21254,20157,0
21256,20159,0
21257,20160,0
21259,20162,0
21260,20163,0
21261,20164,0
21263,20166,0
21264,20164,0
21265,20167,0
21266,20168,0
21267,20129,0
21270,20170,0
21271,20171,0
21272,20172,0
21273,20173,0
21274,20174,1
21275,20175,0
21277,20177,0
21278,20160,0
21279,20178,0
21280,20179,0
21284,20183,0
21286,20185,0
21287,20186,0
21289,20188,0
21290,20188,0
21291,20189,0
21292,20190,0
21295,20193,0
21296,20194,0
21298,20196,0
21300,20198,0
21301,20196,0
21302,20199,0
21303,20200,0
21304,20201,0
21306,20203,0
21307,20204,1
21308,20205,0
21310,20130,0
21311,20207,0
21312,20208,0
21315,20211,0
21317,20213,0
21318,20214,0
21319,20215,0
21320,20216,0
21321,20217,0
21323,20219,0
21324,20015,0
21325,20220,0
21326,20221,0
21328,20223,0
21329,20224,0
21334,20229,0
21335,20230,0
21336,20231,0
21338,20233,0
21339,20234,0
21340,20235,0
21341,20236,0
21342,20237,0
21343,20238,0
21345,20240,0
21346,20241,0
21347,20242,0
21348,20243,0
21349,20244,0
21351,20246,0
21352,20247,0
21353,20248,1
21354,20249,0
21356,20251,0
21357,20252,0
21358,20253,0
21359,20254,0
21360,20255,0
21363,20258,0
21366,20261,0
21367,20262,0
21368,20263,0
21369,20264,0
21370,20265,0
21371,20266,0
21374,20269,0
21375,20270,0
21377,20272,0
21378,20273,0
21379,20274,0
21382,20277,0
21383,20278,0
21384,20279,0
21387,20282,0
21388,20283,0
21391,20285,0
21392,20286,0
21393,20287,0
21395,20287,0
21396,20288,1
21397,20289,0
21398,20290,0
21400,20292,0
21401,20293,0
21402,20293,0
21403,20294,0
21404,20295,0
21405,20296,0
21406,20297,0
21407,20298,0
21408,20299,0
21409,20300,0
21410,20301,0
21411,20302,0
21414,20305,0
21415,20294,0
21416,20306,0
21417,20307,0
21419,20309,0
21421,20309,0
21422,20309,0
21423,20309,0
21424,20311,0
21425,20312,0
21426,20313,0
21428,20315,0
21430,20317,0
21432,20319,0
21433,20320,0
21434,20321,0
21435,20313,0
21441,20326,0
21443,20326,0
21444,20328,0
21445,20329,0
21446,20330,0
21447,20326,0
21448,20331,0
21449,20332,0
21450,20333,0
21452,20335,0
21453,20336,0
21454,20337,0
21458,20341,0
21459,20342,1
21460,20343,0
21461,20294,0
21462,20344,0
21464,20346,0
21465,20347,0
21467,20349,0
21468,20350,0
21469,20351,0
21470,20352,0
21471,20353,0
21472,20354,0
21473,20294,0
21474,20355,0
21475,20356,0
21476,20357,0
21478,20359,0
21481,20361,0
21482,20362,0
21484,20364,0
21485,20365,0
21487,20367,0
21490,20370,0
21492,20372,0
21494,20374,0
21495,20375,0
21496,20376,0
21497,20377,0
21498,20378,0
21499,20379,0
21500,20380,0
21501,20381,0
21502,20382,0
21503,20383,0
21505,20385,0
21508,20388,0
21509,20389,0
21510,20390,0
21511,20389,0
21512,20391,0
21513,20392,0
21517,20395,0
21519,20397,0
21520,20398,0
21521,20399,0
21524,20402,0
21525,20389,0
21528,20405,0
21530,20407,0
21531,20408,0
21532,20409,0
21533,20410,0
21534,20411,0
21535,20412,0
21537,20414,0
21539,20416,0
21541,20418,1
21543,20420,0
21546,20423,0
21547,20424,0
21557,20434,0
21560,20436,0
21561,20437,0
21562,20438,0
21564,20440,0
21566,20442,0
21568,20444,0
21569,20445,0
21570,20446,0
21572,20447,0
21573,20448,0
21574,20449,0
21575,20450,0
21576,20451,0
21577,20452,0
21578,20453,0
21579,20454,0
21580,20455,0
21581,20456,0
21582,20457,0
21583,20458,0
21584,20459,0
21586,20436,0
21587,20461,0
21589,20463,0
21590,20461,0
21592,20465,0
21593,20466,0
21594,20467,0
21595,20468,0
21596,20469,0
21597,20470,0
21598,20471,0
21604,20475,0
21609,20479,0
21610,20480,0
21611,20480,0
21612,20481,0
21613,20481,0
21614,20481,0
21615,20482,0
21616,20397,0
21617,20483,0
21618,20484,0
21619,20423,0
21620,20485,0
21622,20487,0
21623,20488,0
21626,20491,0
21630,20353,0
21632,20494,0
21634,20496,0
21635,20497,0
21636,20494,0
21637,20498,0
21638,20499,0
21640,20501,0
21641,20502,0
21642,20503,0
21643,20504,0
21645,20506,1
21646,20507,0
21647,20508,0
21648,20509,0
21649,20510,0
21652,20513,0
21653,20514,0
21654,20515,0
21655,20446,1
21657,20517,0
21658,20518,0
21659,20519,0
21660,20520,0
21661,20521,0
21662,20522,0
21663,20523,0
21664,20524,0
21665,20525,0
21666,20526,0
21667,20527,0
21674,20534,0
21675,20535,0
21676,20534,0
21677,20536,0
21678,20537,0
21679,20538,0
21681,20540,0
21682,20541,0
21683,20542,0
21684,20543,0
21687,20546,0
21689,20548,0
21690,20549,0
21691,20550,0
21692,20551,0
21695,20554,0
21696,20555,0
21698,20557,0
21700,20559,0
21701,20560,0
21703,20562,0
21704,20563,0
21705,20564,0
21709,20568,0
21713,20571,0
21715,20573,1
21716,20574,0
21719,20577,0
21720,20578,0
21721,20579,0
21723,20581,0
21724,20582,0
21725,20583,0
21726,20584,0
21727,20585,0
21728,20586,0
21729,20541,0
21730,20587,0
21733,20590,0
21734,20591,0
21735,20592,0
21736,20593,0
21738,20595,0
21740,20597,0
21741,20598,0
21742,20599,0
21743,20600,0
21744,20601,0
21746,20603,0
21749,20606,0
21750,20607,0
21751,20608,0
21756,20613,0
21758,20615,0
21759,20616,0
21760,20617,0
21764,20621,0
21765,20622,0
21766,20623,0
21768,20625,0
21769,20626,0
21770,20627,0
21772,20629,0
21773,20629,0
21776,20632,0
21778,20634,0
21781,20637,0
21782,20637,0
21783,20638,1
21784,20639,0
21786,20637,0
21788,20642,0
21789,20643,0
21791,20645,0
21792,20646,0
21797,20651,0
21798,20652,0
21800,20654,0
21802,20656,0
21805,20659,0
21806,20660,0
21807,20661,0
21810,20664,0
21811,20665,0
21814,20667,0
21816,20669,0
21818,20671,0
21820,20673,0
21822,20675,0
21823,20645,0
21826,20678,0
21827,20660,0
21828,20679,0
21829,20680,0
21830,20681,0
21831,20681,0
21833,20637,0
21834,20682,0
21837,20685,0
21838,20686,0
21839,20686,0
21840,20687,0
21841,20688,0
21842,20686,0
21843,20689,0
21845,20690,0
21846,20691,0
21847,20692,1
21848,20693,0
21849,20694,0
21851,20696,0
21852,20697,0
21853,20682,1
21854,20698,0
21855,20699,0
21856,20700,0
21858,20702,0
21859,20703,0
21861,20705,0
21863,20707,0
21864,20708,0
21865,20709,0
21866,20710,0
21867,20711,0
21870,20714,0
21871,20715,1
21875,20719,0
21876,20720,0
21878,20722,0
21879,20723,1
21880,20724,0
21882,20726,1
21883,20727,0
21884,20728,0
21885,20729,0
21886,20730,0
21887,20709,0
21888,20731,0
21889,20732,0
21892,20734,0
21894,20736,0
21895,20737,0
21896,20738,0
21897,20730,0
21899,20740,0
21900,20699,0
21906,20744,0
21908,20745,0
21909,20746,0
21910,20747,0
21913,20750,0
21915,20752,0
21916,20753,0
21917,20754,0
21918,20755,0
21919,20756,0
21920,20757,0
21921,20758,0
21922,20759,0
21925,20761,0
21926,20762,0
21927,20763,0
21928,20764,0
21930,20766,0
21931,20767,1
21932,20768,0
21933,20769,0
21935,20769,0
21936,20770,0
21937,20771,0
21938,20772,0
21940,20773,0
21941,20774,0
21942,20775,0
21943,20776,0
21944,20777,0
21945,20778,0
21946,20779,0
21947,20780,0
21948,20781,0
21949,20782,0
21950,20783,1
21953,20786,0
21954,20787,0
21957,20789,0
21959,20791,0
21960,20792,0
21961,20793,0
21963,20794,0
21964,20795,0
21965,20796,0
21966,20795,0
21967,20797,0
21969,20799,0
21972,20801,0
21974,20732,0
21976,20804,0
21977,20805,0
21978,20806,0
21979,20807,0
21980,20808,0
21981,20808,0
21982,20808,0
21984,20810,1
21986,20812,0
21987,20813,0
21988,20814,0
21990,20816,0
21992,20817,0
21993,20818,0
21994,20819,0
21996,20821,0
21998,20822,1
22000,20799,0
22004,20827,0
22005,20828,0
22007,20829,0
22008,20830,0
22009,20831,0
22010,20832,0
22011,20833,0
22012,20834,0
22013,20835,0
22014,20836,1
22016,20838,0
22017,20839,0
22019,20841,0
22021,20843,0
22022,20844,0
22023,20845,0
22024,20846,0
22026,20848,0
22027,20849,0
22028,20850,0
22029,20851,0
22030,20852,0
22031,20853,0
22032,20854,0
22033,20855,0
22034,20856,0
22035,20857,0
22036,20858,0
22037,20859,0
22038,20860,0
22040,20862,0
22041,20863,0
22042,20839,0
22043,20864,0
22044,20865,0
22045,20866,1
22046,20867,0
22047,20868,0
22048,20869,0
22050,20871,0
22051,20872,0
22052,20873,0
22054,20875,0
22055,20876,0
22056,20877,0
22057,20643,0
22060,20880,1
22061,20881,0
22062,20882,0
22065,20885,0
22066,20886,0
22068,20887,0
22069,20888,0
22073,20892,0
22074,20893,0
22075,20867,0
22076,20853,0
22078,20895,0
22081,20898,0
22082,20899,0
22083,20900,0
22084,20901,0
22085,20902,0
22086,20903,0
22087,20904,0
22088,20905,0
22089,20906,0
22090,20907,0
22091,20908,0
22093,20910,0
22098,20915,0
22100,20917,0
22101,20918,0
22103,20920,0
22104,20921,0
22105,20922,0
22106,20923,0
22109,20926,0
22111,20926,0
22112,20927,0
22114,20929,0
22115,20930,0
22116,20931,0
22117,20932,0
22118,20933,0
22119,20934,0
22121,20936,0
22126,20939,0
22127,20940,0
22128,20941,0
22129,20942,0
22130,20941,0
22131,20943,0
22133,20945,0
22134,20946,0
22136,20948,0
22137,20949,0
22138,20948,0
22139,20950,0
22141,20952,0
22142,20953,0
22144,20955,0
22145,20956,0
22146,20957,0
22147,20958,0
22148,20959,0
22149,20960,0
22150,20961,0
22154,20964,0
22155,20965,0
22156,20966,0
22157,20955,1
22161,20959,0
22162,20970,0
22163,20971,0
22164,20972,0
22165,20973,0
22166,20974,0
22170,20978,1
22172,20980,0
22173,20981,0
22174,20982,0
22176,20983,0
22177,20984,0
22179,20986,0
22180,20987,0
22183,20990,0
22186,20992,0
22189,20995,0
22190,20996,0
22192,20998,1
22193,20999,0
22194,21000,0
22196,21000,0
22197,21000,0
22199,21003,0
22200,21004,0
22201,20999,0
22202,21005,0
22203,21006,0
22204,21007,0
22205,21006,0
22206,21008,0
22210,21011,0
22212,21012,0
22213,21013,0
22214,21014,0
22215,21013,0
22216,21015,0
22218,21017,0
22219,21018,0
22221,21020,0
22222,21021,0
22223,21022,0
22224,20983,0
22227,21025,0
22228,21026,0
22229,21027,0
22231,21029,0
22232,21030,0
22233,21031,0
22234,21032,1
22237,21035,0
22238,21036,0
22239,21037,0
22243,21041,0
22244,21042,0
22245,21043,0
22247,21045,0
22248,21046,0
22249,21047,0
22250,21048,0
22251,21049,0
22252,21050,0
22255,21053,0
22258,21056,0
22260,21058,0
22263,21061,0
22264,21062,0
22266,21064,0
22267,21065,1
22268,21066,0
22269,21067,1
22270,20983,0
22275,21072,0
22276,21073,0
22277,21074,0
22278,20942,0
22279,21075,0
22280,21076,0
22281,21077,0
22282,21078,0
22284,21080,0
22286,21082,0
22287,21083,0
22289,21085,0
22290,21086,1
22292,21088,0
22293,21089,0
22294,21090,0
22297,21092,0
22298,21093,0
22299,21094,0
22302,21096,0
22303,21097,0
22304,21098,0
22305,21099,0
22307,21101,0
22308,21102,0
22310,21104,0
22311,21105,0
22312,21106,0
22315,21109,0
22316,21110,0
22317,21111,0
22319,21113,0
22320,21114,0
22321,21115,0
22322,21116,0
22326,21120,0
22327,21121,0
22329,21122,0
22330,21123,0
22331,21124,0
22332,21125,0
22333,21126,0
22334,21127,0
22335,21128,0
22339,21132,0
22341,21134,0
22342,21135,0
22343,21136,0
22344,21137,0
22345,21138,0
22346,21139,0
22347,21140,0
22348,21141,0
22353,20983,0
22354,21145,0
22355,21098,1
22356,21146,0
22357,21147,0
22359,21149,0
22361,21151,0
22363,21152,0
22365,21154,0
22366,21155,0
22367,21151,0
22368,21155,0
22369,21155,0
22371,21157,0
22372,21158,0
22373,21159,0
22375,21161,0
22376,21162,0
22377,21163,0
22380,21166,0
22382,21168,0
22383,21169,0
22384,21170,0
22386,21172,0
22389,21175,0
22390,21176,1
22391,21177,0
22392,21178,0
22393,21179,0
22394,21180,0
22396,21182,0
22399,21185,0
22400,21186,0
22401,21187,1
22402,21188,0
22403,21189,0
22405,21191,0
22406,21192,0
22407,21192,0
22408,21193,0
22409,21194,0
22411,21196,0
22412,21197,0
22413,21198,0
22414,21199,0
22415,21200,0
22416,21201,0
22418,21203,0
22419,21204,0
22420,21205,1
22421,21205,1
22422,21206,0
22423,21207,1
22424,21208,0
22426,21210,0
22427,21211,0
22428,21212,0
22430,21214,0
22431,21215,0
22432,21215,1
22433,21216,0
22435,21218,0
22436,21219,0
22439,21221,0
22440,21222,0
22442,21224,0
22443,21225,0
22445,21216,0
22446,21227,0
22447,21228,0
22449,21230,0
22450,21230,0
22451,21230,0
22452,21216,1
22453,21231,0
22454,21232,0
22455,21233,0
22456,21215,0
22458,21235,0
22461,21238,0
22462,21239,0
22463,21240,0
22465,21242,0
22466,21243,0
22467,21244,0
22468,21245,0
22469,21246,0
22470,21247,0
22471,21248,0
22472,21249,0
22474,21249,0
22475,21251,0
22476,21252,0
22477,21253,0
22481,21256,0
22482,21257,0
22484,21259,0
22485,21260,0
22487,21262,1
22490,21265,0
22491,21265,0
22494,21268,0
22495,21269,0
22496,21270,0
22497,21271,1
22498,21272,0
22500,21274,0
22502,21216,0
22504,21230,0
22505,21230,0
22506,21277,0
22507,21278,0
22508,21279,0
22510,21281,0
22511,21282,0
22512,21281,0
22514,21284,0
22515,21285,0
22516,21286,0
22517,21287,0
22519,21205,0
22520,21289,0
22521,21205,0
22522,21290,0
22523,21291,0
22524,21292,0
22525,21293,0
22527,21295,0
22528,21296,0
22530,21298,0
22531,21299,0
22532,21299,0
22533,21300,0
22534,21301,0
22536,21298,1
22538,21304,0
22539,21305,0
22540,21305,0
22541,21306,0
22543,21308,0
22546,21311,0
22548,21313,0
22550,21315,0
22552,21317,1
22553,21318,0
22554,21319,0
22555,21320,0
22556,21321,0
22557,21322,0
22559,21324,0
22562,21327,0
22563,21328,0
22564,21329,0
22565,21330,0
22566,21331,0
22567,21332,0
22568,21333,0
22570,21335,0
22571,21336,0
22572,21337,0
22573,21338,0
22574,21339,0
22575,21340,0
22576,21341,0
22581,21345,0
22582,21346,0
22583,21347,0
22584,21348,0
22585,21349,0
22586,21350,0
22587,21351,0
22589,21353,0
22590,21322,0
22591,21354,0
22592,21355,0
22593,21356,0
22595,21305,0
22596,21305,0
22600,21360,0
22601,21361,0
22602,21362,0
22603,21363,0
22604,21364,0
22605,21365,0
22606,21366,0
22607,21367,0
22608,21368,0
22609,21369,0
22610,21370,0
22611,21371,1
22613,21373,0
22614,21374,0
22616,21376,0
22617,21377,0
22618,21378,0
22619,21379,0
22620,21380,0
22621,21381,0
22623,21383,0
22625,21385,0
22627,21387,0
22628,21388,0
22629,21389,0
22630,21390,0
22633,21393,0
22634,21394,0
22635,21395,0
22636,21396,0
22639,21398,0
22640,21399,0
22641,21400,0
22642,21401,0
22643,21402,0
22644,21200,0
22646,21404,0
22647,21405,0
22649,21407,0
22650,21408,0
22651,21409,0
22654,21412,0
22655,21413,0
22656,21414,0
22657,21415,0
22658,21416,0
22659,21417,0
22660,21418,0
22661,21419,0
22662,21420,0
22663,21421,0
22664,21422,0
22665,21423,0
22666,21424,0
22669,21427,0
22670,21428,0
22673,21431,0
22674,21432,0
22676,21434,0
22680,21438,0
22682,21440,0
22684,21442,0
22686,21444,0
22687,21445,0
22689,21447,0
22690,21448,0
22691,21449,0
22692,21450,0
22695,21453,0
22696,21454,0
22697,21298,0
22698,21455,0
22699,21456,0
22700,21457,0
22701,21458,0
22702,21459,0
22705,21461,0
22706,21462,0
22707,21463,0
22708,21464,0
22710,21466,0
22711,21467,0
22712,21468,0
22714,21470,1
22715,21471,0
22716,21466,0
22717,21472,0
22719,21474,0
22720,21474,0
22722,21476,0
22723,21477,0
22724,21478,0
22725,21479,0
22726,21480,1
22727,21481,0
22728,21482,0
22729,19069,0
22730,21483,0
22731,21484,0
22732,21485,0
22733,19228,0
22734,21486,0
22736,21488,0
22737,21489,0
22740,21492,0
22743,21495,0
22744,21496,0
22747,21499,0
22749,21501,0
22750,21502,0
22751,21503,0
22755,21507,1
22756,21508,0
22757,21509,0
22758,21510,0
22760,21511,0
22761,21512,0
22762,21513,0
22763,21514,0
22764,21515,1
22767,21518,0
22768,21519,0
22769,21520,0
22772,21523,0
22773,21524,0
22774,21525,0
22776,21527,0
22777,21488,0
22778,21528,0
22779,21529,0
22781,21530,0
22782,21530,0
22783,21531,1
22784,21532,0
22785,21533,0
22786,21534,1
22787,21535,0
22788,21536,0
22789,19282,0
22791,21538,0
22792,21539,0
22793,21540,0
22794,19202,0
22795,21541,0
22800,21541,0
22801,21544,0
22802,21496,0
22803,21545,0
22804,21546,1
22806,21548,0
22807,21549,0
22808,21550,0
22810,21552,0
22811,21553,0
22814,21556,0
22815,19069,0
22816,21557,0
22817,21544,0
22818,21558,0
22820,21560,0
22822,21562,0
22823,21563,0
22827,21567,0
22829,21569,0
22830,21570,0
22831,21571,0
22833,21573,0
22835,21575,0
22836,21576,0
22838,21578,0
22839,21579,0
22840,21580,1
22841,21581,0
22842,21582,0
22843,21583,0
22844,21584,0
22845,21585,0
22847,21587,0
22848,21588,0
22849,21589,0
22851,21496,0
22852,21591,0
22854,21592,0
22855,21593,0
22856,21594,0
22857,21595,0
22858,21596,0
22859,21597,1
22860,21598,0
22861,21599,0
22862,21600,0
22863,21601,0
22864,21602,0
22865,21603,0
22866,21604,0
22867,21605,0
22868,21606,0
22870,21608,0
22872,21610,0
22873,21611,0
22875,21613,0
22877,21615,0
22878,21616,0
22879,21617,0
22881,21619,0
22884,21622,0
22885,21623,0
22892,21629,0
22893,21630,0
22894,21631,0
22895,21632,0
22896,21633,0
22899,21636,0
22901,21638,0
22902,21639,0
22903,21640,0
22904,21641,1
22906,21580,0
22909,21645,0
22911,21647,0
22912,21648,0
22913,21649,0
22914,21632,0
22915,21650,0
22916,21651,0
22919,21654,0
22920,21655,0
22921,21656,0
22922,21657,0
22923,21658,0
22924,21659,0
22925,21660,0
22926,21661,0
22927,21662,0
22928,21663,0
22930,21665,0
22932,21667,0
22933,21668,0
22934,21669,0
22935,21670,0
22937,21672,0
22939,21674,0
22941,21676,0
22944,21679,0
22945,21680,0
22947,21682,0
22948,21683,0
22949,21684,0
22950,21685,0
22951,21686,0
22953,21688,0
22954,21689,0
22955,21690,0
22956,21691,0
22957,21692,0
22958,21693,0
22961,21696,0
22962,21697,0
22963,21698,0
22964,21699,1
22966,21701,0
22969,21704,0
22972,21707,0
22973,21708,0
22974,21709,0
22977,21712,0
22980,21715,0
22981,21716,0
22984,21719,0
22985,21720,0
22986,21721,0
22988,21723,0
22989,21724,0
22991,21726,0
22992,21727,0
22993,21728,0
22994,21729,0
22995,21730,0
22996,21731,0
22998,21733,1
22999,21734,0
23002,21737,0
23006,21741,0
23007,21742,0
23009,21744,0
23010,21745,0
23011,21746,0
23013,21748,0
23014,21749,0
23015,21750,1
23018,21753,0
23019,21754,1
23020,21755,1
23022,21757,0
23023,21758,0
23025,21760,0
23026,21761,0
23028,21763,0
23029,21764,0
23030,21765,0
23032,21767,1
23034,21769,0
23035,21770,0
23036,21771,0
23037,21772,0
23038,21773,0
23039,21774,0
23040,21775,0
23041,21776,0
23043,21778,0
23045,21780,0
23046,21781,0
23047,21781,0
23049,21783,0
23053,21786,0
23054,21787,0
23055,21788,0
23056,21789,0
23058,21791,0
23059,21792,0
23060,21793,0
23061,21794,0
23062,21795,0
23063,21796,0
23064,21789,0
23066,21798,0
23067,21799,0
23068,21800,0
23069,21801,0
23070,21802,0
23072,21804,0
23074,21806,0
23078,21810,0
23079,21811,0
23081,21811,0
23083,21814,0
23084,21815,0
23086,21817,0
23088,21819,0
23089,21820,0
23090,21821,0
23095,21825,0
23096,21826,0
23098,21827,0
23102,21830,0
23103,21831,0
23104,21832,0
23105,21832,0
23106,21833,0
23108,21835,0
23110,21837,0
23111,21838,0
23113,21840,0
23114,21841,0
23115,21842,0
23116,21843,0
23117,21844,0
23118,21845,0
23120,21847,0
23121,21848,0
23122,21849,0
23123,21850,0
23124,21851,0
23126,21853,0
23127,21854,0
23128,21855,0
23129,21856,0
23130,21857,0
23135,21861,0
23136,21862,0
23137,21863,0
23140,21787,0
23141,21781,0
23143,21867,0
23144,21868,0
23145,21869,0
23146,21870,0
23147,21871,0
23149,21867,0
23150,21873,0
23152,21875,0
23153,21876,0
23154,21877,0
23155,21878,0
23156,21879,0
23158,21881,1
23159,21882,0
23160,21883,1
23161,21884,0
23162,21840,0
23163,21885,0
23164,21886,0
23165,21887,0
23166,21888,0
23167,21889,0
23168,21890,0
23169,21891,0
23170,21892,0
23171,21801,0
23172,21893,0
23174,21895,0
23175,21896,0
23176,21897,0
23177,21898,0
23178,21899,0
23181,21902,0
23182,21903,0
23183,21904,0
23184,21905,0
23185,21906,0
23190,21911,0
23192,21913,0
23196,21917,0
23197,21918,0
23198,21919,0
23200,21921,0
23201,21922,0
23203,21851,0
23204,21924,0
23205,21925,0
23206,21926,0
23207,21927,0
23208,21928,0
23209,21929,0
23211,21931,0
23212,21932,0
23214,21934,0
23217,21937,0
23221,21941,0
23222,21942,0
23223,21943,0
23224,21944,0
23227,21946,0
23229,21948,0
23230,21949,0
23233,21952,0
23234,21953,0
23235,21954,1
23236,21955,0
23237,21956,0
23238,21957,0
23239,21958,0
23242,21961,0
23243,21962,0
23245,21964,0
23247,21966,0
23249,21967,0
23252,21970,0
23253,21971,0
23254,21972,0
23256,21974,0
23257,21975,1
23258,21976,0
23260,21978,0
23261,21979,0
23263,21981,0
23267,21985,1
23268,21986,0
23269,21987,0
23271,20626,0
23272,21989,0
23276,21993,0
23277,21994,0
23278,21995,0
23279,21996,0
23281,21998,0
23282,21999,0
23285,22002,0
23288,22005,0
23289,22006,0
23290,22007,0
23291,22008,0
23292,22009,0
23293,22010,0
23294,22011,0
23298,22014,0
23299,22015,0
23301,22017,0
23302,22018,0
23304,22020,0
23306,22022,0
23307,22023,0
23308,22024,0
23309,22025,0
23311,22027,0
23313,20709,0
23315,22030,0
23317,22032,0
23320,22034,0
23321,22035,0
23322,22036,0
23323,22037,0
23324,22038,0
23326,20719,0
23329,22041,0
23331,22043,0
23332,22044,1
23333,22045,0
23334,22046,0
23335,22047,0
23337,22049,0
23339,22051,0
23340,22052,0
23341,22053,0
23342,22054,0
23343,22055,0
23344,22056,0
23345,22057,0
23346,22058,0
23348,22060,0
23349,22061,0
23351,22063,0
23352,22064,0
23353,22065,0
23354,22066,0
23356,22068,0
23357,22069,1
23359,22071,0
23360,22072,1
23361,22073,0
23362,22074,0
23363,22075,0
23364,22076,0
23365,22077,0
23367,22079,0
23368,22080,0
23369,22051,0
23370,22081,0
23371,22082,0
23372,22018,0
23373,22083,0
23374,22084,0
23375,22085,0
23376,22086,0
23378,22088,0
23379,22089,0
23380,22090,0
23382,20791,0
23383,22091,0
23384,22092,0
23385,20893,0
23386,22093,0
23387,22094,0
23388,22095,1
23389,22096,0
23390,22097,0
23391,22098,0
23392,22099,0
23395,22102,0
23396,22103,0
23397,22104,0
23399,22106,0
23403,20726,0
23404,22110,0
23405,22111,0
23406,22112,0
23407,22113,0
23408,22114,0
23409,22115,0
23411,22117,0
23412,22118,0
23413,22119,0
23414,22120,1
23416,22122,0
23418,22123,0
23421,22126,0
23422,22127,0
23423,22128,0
23424,22128,0
23425,22129,0
23426,22130,0
23427,22131,0
23429,22133,0
23430,22134,0
23431,22135,0
23432,22136,0
23433,22051,0
23434,22137,0
23435,22138,0
23437,22140,0
23439,22142,0
23440,22143,0
23441,22144,0
23442,22145,0
23443,22146,0
23444,22147,0
23445,22148,0
23446,22149,0
23447,22150,0
23448,22151,0
23449,22152,0
23451,22154,0
23453,22156,0
23454,22157,0
23456,22159,0
23457,22160,0
23459,22162,0
23460,22163,0
23461,22164,0
23462,22165,0
23463,22166,0
23464,22167,0
23465,22168,0
23467,22170,0
23468,22171,0
23469,22172,0
23470,22173,0
23471,22174,0
23473,22081,0
23474,22176,0
23476,22178,0
23478,22180,0
23479,22181,0
23481,22183,0
23482,22184,0
23483,22185,0
23485,22187,0
23486,22188,0
23487,22189,0
23488,22190,0
23489,22191,0
23491,22193,0
23492,22194,0
23495,22197,0
23496,22198,0
23497,22199,0
23498,22200,0
23499,22201,0
23501,22203,0
23502,22204,0
23503,22205,0
23504,22206,1
23505,22207,0
23506,22208,0
23510,22212,1
23511,22213,0
23514,22216,0
23516,22218,0
23517,22219,0
23519,22221,0
23520,22222,0
23521,22223,0
23522,22224,0
23523,22225,0
23525,22227,0
23527,22229,0
23528,22230,0
23529,22231,0
23530,22232,0
23531,22233,0
23534,22236,0
23535,22237,0
23537,22239,0
23538,22240,0
23539,22241,0
23540,22242,0
23542,22244,0
23543,22245,0
23545,22247,0
23547,22249,0
23548,22250,0
23549,22251,0
23550,22252,0
23555,22256,0
23556,22257,0
23557,22258,0
23558,22259,0
23560,22261,0
23561,22262,0
23563,22264,0
23565,22266,0
23566,22267,0
23570,22271,0
23571,22272,0
23572,22273,0
23573,22274,0
23575,22276,0
23576,22277,0
23577,22278,1
23579,22276,0
23581,22281,0
23582,22282,0
23583,22283,0
23584,22284,0
23585,22285,0
23586,22286,0
23587,22287,0
23588,22288,0
23591,22291,0
23592,22292,0
23593,22293,0
23595,22295,0
23596,22296,0
23597,22297,0
23598,22298,0
23599,22204,0
23600,22299,0
23601,22300,0
23602,22301,0
23603,22302,0
23604,22303,0
23608,22307,0
23609,22308,0
23610,22309,0
23611,22310,0
23612,22311,0
23613,22312,0
23614,22313,0
23615,22314,0
23619,22318,0
23620,22319,0
23622,22321,0
23624,22323,0
23625,22324,0
23626,22325,0
23627,22326,0
23628,22327,0
23629,22328,1
23630,22329,0
23632,22331,0
23634,22333,0
23635,22334,0
23636,22335,0
23637,22336,0
23638,22337,0
23639,22338,0
23640,22339,0
23643,22342,0
23644,22343,0
23648,22347,0
23649,22348,0
23650,22349,0
23652,22351,0
23653,22352,0
23654,22353,0
23656,22355,0
23657,22356,0
23658,22357,0
23659,22358,0
23662,22361,0
23663,22362,0
23664,22363,0
23665,22364,0
23666,22365,0
23668,22367,0
23669,22368,0
23672,22371,0
23673,22372,0
23674,22373,0
23675,22374,0
23676,22375,0
23677,22376,0
23678,22377,0
23679,22378,0
23680,22379,0
23681,22380,0
23682,22381,0
23684,22383,0
23685,22384,0
23686,22385,0
23687,22386,0
23688,22387,0
23689,22388,0
23690,22389,0
23691,22390,0
23693,22392,0
23694,22393,0
23696,22395,0
23697,22396,0
23698,22397,0
23701,22400,0
23703,22402,0
23704,22403,0
23705,22404,0
23706,22402,0
23707,22405,0
23710,22408,0
23712,22410,0
23713,22411,0
23714,22395,0
23718,22415,0
23720,22417,0
23721,22418,0
23724,22421,0
23725,22422,0
23726,22423,0
23727,22424,0
23729,22426,0
23730,22427,0
23731,22428,0
23732,22429,0
23733,22430,0
23734,22431,0
23735,22432,0
23736,22433,0
23738,22435,0
23739,22436,0
23740,22437,0
23741,22438,0
23742,22439,0
23743,22440,0
23744,22441,0
23746,22443,0
23748,22445,0
23749,22446,0
23750,22447,0
23752,22449,0
23753,22450,0
23754,22451,0
23755,22452,0
23756,22453,0
23757,22454,0
23758,22455,0
23759,22456,1
23760,22457,0
23761,22458,0
23762,22459,0
23764,22443,0
23765,22461,0
23766,22462,0
23767,22463,0
23769,22465,0
23770,22466,0
23771,22467,0
23772,22468,0
23773,22469,0
23774,22470,0
23775,22471,0
23778,22474,0
23779,22475,0
23781,22477,0
23782,22478,0
23783,22479,0
23784,22480,0
23786,22482,0
23788,22484,0
23790,22486,0
23791,22487,0
23793,22489,0
23794,22490,0
23796,22492,0
23797,22493,0
23798,22494,0
23799,22494,0
23800,22495,0
23801,22496,0
23802,22497,0
23805,22500,0
23806,22501,0
23807,22502,0
23810,22505,0
23811,22506,0
23814,22509,0
23815,22510,0
23816,22511,0
23817,22511,0
23820,22514,0
23823,22517,0
23825,22519,0
23826,22520,0
23828,22521,0
23829,22522,0
23830,22523,0
23831,22524,0
23833,22526,0
23834,22524,0
23835,22527,0
23837,22529,0
23838,22530,0
23839,22531,0
23840,22532,0
23841,22533,0
23842,22534,0
23844,22536,0
23846,22538,0
23848,22540,0
23849,22541,0
23850,22542,0
23852,22544,0
23853,22545,0
23854,22546,0
23855,22547,0
23856,22548,0
23859,22546,0
23862,22547,0
23865,22554,0
23867,22556,0
23868,22557,0
23870,22559,0
23871,22560,0
23872,22561,0
23873,22562,0
23875,22564,0
23878,22567,0
23880,22569,0
23881,22570,0
23884,22572,0
23886,22574,0
23887,22575,0
23888,22576,0
23889,22577,0
23892,22579,0
23893,22580,0
23894,22581,0
23896,22583,0
23897,22584,0
23898,22585,0
23899,22586,0
23900,22587,0
23904,22591,0
23908,22595,0
23911,22598,0
23914,22600,0
23915,22601,0
23916,22602,0
23917,22603,0
23918,22604,0
23919,22605,0
23920,22606,0
23921,22607,0
23922,22608,0
23923,22609,0
23925,22611,0
23926,22612,0
23927,22613,0
23930,22616,0
23931,22613,0
23932,22617,0
23934,22619,0
23935,22620,0
23937,22622,0
23938,22623,0
23939,22624,0
23940,22625,0
23942,22627,0
23945,22630,0
23948,22633,0
23949,22634,0
23950,22635,0
23953,22638,0
23954,22639,0
23956,22641,0
23957,22642,0
23959,22644,0
23961,22645,0
23963,22647,0
23964,22648,0
23965,22649,0
23967,22651,0
23970,22654,0
23971,22655,0
23972,22611,0
23973,22595,0
23974,22656,0
23975,22657,0
23979,22660,0
23981,22662,0
23982,22663,0
23983,22664,0
23984,22665,0
23985,22666,0
23987,22668,0
23988,22669,0
23989,22670,0
23990,22671,0
23991,22672,0
23993,22674,0
23994,22675,0
23995,22676,0
23996,22677,0
23997,22678,0
24002,22683,0
24003,22684,0
24006,22687,0
24007,22688,0
24008,22689,0
24009,22690,1
24010,22691,0
24011,22692,1
24012,22693,1
24013,22694,0
24014,22695,1
24015,22696,1
24016,22697,1
24017,22698,1
24020,22701,0
24022,22703,1
24023,22704,0
24024,22705,1
24025,22706,1
24027,22708,1
24029,22710,1
24030,22711,0
24031,22712,1
24032,22713,1
24033,22714,1
24035,22716,1
24036,22717,0
24037,22718,1
24039,22720,0
24040,22721,1
24043,22724,0
24045,22726,0
24047,22728,1
24048,22729,1
24050,22731,1
24052,22733,0
24054,22735,0
24055,22736,1
24056,22737,1
24057,22738,1
24059,22740,1
24061,22742,1
24063,22744,0
24064,22745,0
24066,22747,0
24067,22748,0
24069,22750,0
24071,22752,0
24073,22754,1
24074,22755,0
24075,22756,1
24076,22757,0
24077,22758,0
24082,22763,0
24083,22764,1
24085,22766,1
24086,22767,0
24088,22769,1
24090,22771,0
24091,22772,0
24092,22773,0
24093,22774,0
24094,22775,1
24096,22777,1
24097,22778,0
24098,22779,0
24099,22780,0
24100,22781,1
24101,22782,1
24102,22783,1
24103,22784,1
24104,22785,0
24106,22787,0
24107,22788,0
24109,22790,0
24112,22793,0
24114,22795,0
24116,22797,1
24117,22798,0
24118,22799,1
24119,22800,1
24120,22801,0
24121,22802,1
24122,22803,0
24123,22804,0
24124,22805,0
24126,22807,0
24127,22808,0
24128,22809,0
24129,22810,0
24130,22811,0
24134,22815,0
24135,22816,0
24136,22817,0
24137,22818,0
24138,22819,0
24139,22820,0
24140,22821,0
24141,22822,0
24142,22823,0
24143,22824,0
24144,22825,0
24145,22825,0
24146,22826,0
24147,22827,0
24148,22828,0
24149,22829,0
24150,22830,0
24151,22829,0
24152,22831,0
24154,22833,0
24155,22834,0
24157,22836,0
24159,22838,0
24161,22840,0
24164,22843,0
24165,22844,0
24170,22849,0
24171,22850,0
24172,22851,0
24173,22852,0
24174,22853,0
24175,22854,0
24176,22855,0
24178,22857,0
24179,22858,0
24180,22859,0
24182,22861,0
24183,22862,0
24184,22861,0
24185,22863,0
24186,22864,0
24189,22867,0
24191,22869,0
24192,22870,0
24193,22871,0
24194,22872,0
24195,22873,0
24196,22874,0
24197,22875,0
24200,22878,0
24201,22879,0
24204,22881,0
24205,22882,0
24206,22883,0
24208,22885,0
24209,22886,0
24211,22871,1
24213,22871,1
24214,22889,1
24216,22891,0
24217,22892,0
24218,22893,0
24219,22894,0
24220,22895,0
24222,22897,0
24223,22898,0
24224,22899,0
24229,22902,0
24230,22903,0
24231,22904,0
24233,22906,0
24234,22907,0
24236,22909,0
24237,22910,0
24238,22911,0
24243,22916,0
24244,22917,0
24246,22916,0
24247,22919,0
24248,22920,0
24249,22921,0
24252,22849,0
24253,22924,0
24254,22925,0
24256,22927,0
24258,22929,0
24259,22930,0
24261,22932,0
24262,22933,0
24263,22934,0
24265,22936,0
24266,22937,0
24268,22939,0
24269,22940,0
24271,22942,0
24272,22943,0
24274,22945,0
24275,22946,0
24276,22947,0
24279,22949,0
24280,22950,0
24281,22951,0
24282,22951,0
24283,22952,0
24284,22953,0
24286,22955,0
24287,22956,0
24288,22957,0
24289,22958,0
24290,22959,0
24291,22960,0
24292,22961,0
24293,22962,0
24294,22963,0
24295,22964,0
24296,22965,0
24297,22966,1
24298,22967,0
24300,22969,0
24301,22970,0
24302,22971,0
24303,22970,0
24304,22972,0
24305,22973,0
24306,22974,0
24307,22975,0
24308,22976,0
24309,22977,0
24313,22981,0
24314,22982,0
24315,22983,0
24316,22984,0
24317,22830,0
24320,22987,0
24321,22988,0
24322,22989,0
24324,22991,0
24325,22992,0
24326,22993,0
24327,22994,1
24328,22995,0
24330,22997,0
24332,22999,0
24333,23000,0
24334,23001,0
24335,23002,0
24337,23004,0
24338,23005,0
24339,23006,0
24340,23007,0
24341,23008,0
24342,23009,0
24344,23011,0
24345,23012,0
24346,23013,0
24347,23014,0
24348,23015,0
24349,23016,0
24350,23017,0
24354,23021,0
24356,23021,0
24357,23023,0
24358,23024,0
24359,23025,0
24360,23026,0
24361,23027,0
24362,23028,0
24363,23029,0
24365,22997,0
24366,23031,0
24368,23033,0
24369,23034,0
24370,23035,0
24371,23036,0
24373,23038,0
24374,23039,0
24375,23040,0
24378,23043,0
24379,23044,1
24380,23045,0
24381,23046,0
24383,23048,0
24384,23049,0
24386,23051,0
24387,23052,0
24388,23053,0
24389,23054,0
24390,23055,0
24391,23056,0
24394,23059,0
24395,23060,0
24396,23061,0
24397,23062,0
24398,23063,0
24399,23064,0
24400,23065,1
24401,22950,0
24403,23055,0
24404,23067,0
24406,23069,0
24409,23072,0
24411,23074,0
24412,23075,0
24414,23077,0
24415,23078,0
24416,23079,0
24417,23080,0
24418,23081,0
24419,23082,0
24420,23083,0
24421,23084,0
24423,23086,0
24424,23087,0
24425,23088,0
24426,23089,0
24427,23090,0
24428,23091,0
24430,23093,0
24432,22895,0
24433,23095,0
24436,23098,0
24437,23099,0
24439,23101,0
24440,23102,0
24441,23103,0
24442,23104,0
24443,23105,0
24444,23106,0
24445,23107,0
24446,23107,0
24447,22849,0
24448,23108,0
24449,23109,0
24450,23110,0
24452,23112,0
24453,23113,0
24455,23115,0
24457,23116,0
24458,23117,0
24459,23118,0
24461,23120,0
24462,23121,0
24463,23122,0
24467,23126,0
24469,23127,1
24470,23128,0
24471,23129,0
24472,23130,0
24474,23132,0
24475,23133,0
24476,23134,0
24477,23135,0
24480,23138,0
24481,23139,0
24482,23140,0
24483,23141,0
24485,23143,0
24486,23144,0
24489,23147,0
24490,23148,0
24491,23149,0
24492,23150,0
24493,23151,0
24495,23153,0
24496,23154,0
24497,23155,0
24498,23156,0
24499,23157,0
24500,23158,0
24503,23161,0
24504,22930,0
24505,23162,0
24506,23163,0
24509,23166,0
24510,23167,0
24511,23168,0
24514,23171,0
24515,23172,0
24516,23173,0
24517,23174,0
24518,23175,0
24519,23176,0
24520,23177,0
24521,23178,0
24522,23179,0
24523,23180,0
24525,23182,0
24526,23183,0
24527,23184,0
24528,23185,0
24529,23186,0
24531,23188,0
24532,23189,0
24533,23190,0
24534,23191,0
24535,22973,0
24536,23192,0
24537,23193,0
24538,23194,0
24539,23195,0
24540,23196,0
24543,23199,0
24544,23200,0
24545,23201,0
24546,22940,0
24547,23202,0
24548,23203,0
24549,23204,0
24550,23205,1
24552,23207,0
24554,23209,0
24555,23210,0
24556,23211,0
24558,23213,0
24559,23214,0
24560,23215,0
24563,23218,0
24567,23222,0
24568,23223,0
24570,23225,0
24571,23226,0
24572,23227,0
24573,23228,0
24574,23229,0
24576,23231,0
24578,23233,0
24580,23235,0
24581,23236,0
24582,23237,0
24583,23238,1
24584,23239,0
24585,23240,0
24586,23241,0
24587,23237,0
24588,23242,0
24589,23243,0
24590,23244,0
24591,23245,0
24593,23247,0
24595,23249,0
24598,23252,0
24599,23253,0
24600,23254,0
24603,23257,0
24604,23258,0
24605,23259,0
24606,23260,0
24607,23261,0
24608,23262,0
24609,23263,0
24610,23264,0
24611,23265,0
24612,23266,0
24614,23268,0
24615,23269,0
24616,23270,0
24617,23271,0
24619,23273,0
24623,23277,0
24624,23278,0
24625,23279,0
24626,23280,0
24627,23281,0
24628,23282,0
24629,23283,0
24631,23285,0
24632,23286,0
24633,23287,0
24634,23288,0
24635,23289,0
24636,23290,0
24637,23291,0
24639,23293,0
24640,23294,0
24641,23295,0
24642,23296,0
24643,23297,0
24644,23298,1
24645,23299,0
24647,23301,0
24648,23302,0
24649,23303,0
24650,23304,0
24651,23305,0
24652,23306,0
24653,23307,0
24654,23308,0
24655,23309,0
24656,23310,0
24657,23311,0
24661,23315,0
24662,23316,0
24664,23317,0
24667,23320,0
24672,23325,0
24673,23326,0
24675,23120,0
24676,23328,0
24677,23329,0
24680,23332,0
24682,23334,0
24683,23335,0
24684,23336,0
24686,23338,0
24687,23339,0
24688,23340,0
24690,23342,0
24691,23343,0
24692,23343,0
24693,23344,0
24695,23342,0
24696,23346,0
24700,23350,0
24702,23352,0
24703,23353,0
24704,23354,0
24705,23355,1
24708,23358,0
24709,23359,0
24711,23361,0
24712,23362,0
24713,23363,0
24716,23366,0
24717,23367,0
24718,23368,0
24719,23369,0
24720,23370,0
24721,23371,0
24723,23373,1
24724,23374,0
24725,23375,0
24726,23376,0
24729,23378,0
24731,23380,0
24732,23381,0
24733,23382,0
24734,23383,0
24735,23384,0
24736,23385,0
24737,23386,1
24738,23387,0
24740,23389,0
24741,23390,0
24742,23391,0
24743,23392,0
24744,23393,0
24745,23392,0
24746,23394,0
24748,23396,0
24749,23397,0
24751,23399,0
24752,23400,0
24755,23403,0
24756,23404,0
24758,23406,0
24759,23407,0
24760,23408,0
24762,23410,0
24765,23413,0
24766,23414,0
24767,23415,0
24768,23416,0
24769,23417,0
24770,23418,0
24771,23419,0
24772,23420,0
24773,23421,0
24774,23422,0
24775,23423,0
24776,23421,0
24778,23425,1
24779,23426,0
24780,23427,0
24782,23429,0
24783,23430,0
24784,23431,0
24785,23432,0
24786,23433,0
24788,23435,1
24789,23436,0
24792,23438,1
24795,23441,0
24797,23443,0
24798,23444,0
24799,23445,0
24800,23446,0
24801,23447,0
24802,23448,0
24803,23449,0
24805,23451,0
24806,23452,0
24807,23453,0
24808,23454,0
24810,23456,0
24811,23457,0
24812,23458,0
24813,23459,0
24814,23460,0
24815,23461,0
24816,23462,0
24817,23463,0
24818,23464,0
24822,23468,0
24823,23469,0
24825,23471,0
24826,23472,0
24827,23473,0
24828,23474,0
24831,23477,0
24832,23478,0
24835,23480,0
24836,23481,0
24838,23483,0
24840,23485,0
24841,23486,0
24843,23488,0
24844,23489,0
24846,23491,0
24850,23495,0
24851,23496,0
24852,23462,0
24853,23497,0
24854,23498,0
24855,23499,0
24856,23500,0
24857,23501,0
24858,23502,0
24860,23501,0
24861,23504,0
24862,23457,0
24865,23507,0
24866,23508,0
24867,23509,0
24868,23510,0
24869,23511,0
24870,23512,0
24871,23513,0
24872,23514,0
24873,23515,0
24874,23516,0
24875,23517,0
24876,23518,0
24878,23520,0
24879,23521,0
24880,23522,0
24881,23523,0
24882,23524,0
24883,23525,0
24884,23526,0
24885,23527,0
24886,23528,0
24889,23531,0
24891,23533,0
24892,23534,0
24897,23538,0
24898,23539,0
24899,23469,0
24900,23540,0
24903,23543,0
24907,23547,0
24908,23548,0
24909,23549,0
24910,23550,0
24913,23553,0
24914,23554,0
24915,23555,0
24916,23556,0
24917,23557,0
24918,23558,0
24919,23559,0
24920,23554,0
24921,23560,0
24922,23561,0
24923,23562,0
24924,23563,0
24925,23564,0
24926,23565,0
24927,23566,0
24928,23563,1
24929,23435,0
24931,23568,0
24932,23569,0
24933,23570,0
24935,23572,0
24937,23573,0
24938,23573,1
24940,23575,0
24941,23576,0
24942,23577,0
24944,23579,1
24946,23581,0
24948,23583,0
24955,23590,0
24956,23591,0
24958,23593,0
24961,23596,0
24962,23597,0
24963,23598,0
24965,23599,0
24967,23601,0
24968,23602,0
24971,23605,0
24972,23606,0
24974,23608,0
24975,23609,0
24977,23611,0
24978,23612,0
24981,23615,0
24985,23618,1
24986,23619,0
24988,23621,0
24992,23625,0
24994,23627,0
24998,23631,0
24999,23632,0
25001,23634,0
25002,23635,0
25004,23637,0
25005,23638,0
25007,23640,0
25009,23642,0
25010,23643,0
25011,23644,0
25012,23645,0
25013,23646,0
25014,23647,0
25015,23648,0
25016,23649,0
25017,23650,0
25018,23651,0
25019,23652,0
25021,23654,0
25022,23655,0
25024,23657,0
25025,23658,0
25027,23660,0
25028,23661,0
25029,23662,0
25030,23663,0
25031,23664,0
25032,23665,0
25033,23666,0
25035,23668,0
25036,23669,0
25038,23671,0
25039,23672,0
25040,23673,0
25041,23674,0
25042,23675,0
25043,23676,0
25044,23677,0
25045,23678,0
25046,23679,0
25047,23680,0
25048,23681,0
25049,23682,0
25050,23683,0
25051,23684,0
25054,23687,0
25055,23688,0
25056,23689,0
25057,23690,0
25058,23691,0
25059,23692,0
25061,23694,0
25062,23695,0
25064,23697,0
25065,23698,0
25068,23700,0
25069,23701,0
25070,23702,0
25071,23703,0
25074,23706,0
25077,23709,0
25078,23710,0
25079,23711,0
25081,23710,0
25082,23713,0
25083,23714,0
25084,23715,0
25085,23646,0
25086,23716,0
25088,23718,0
25090,23720,0
25092,23722,0
25093,23723,0
25096,23726,0
25098,23728,0
25099,23729,0
25100,23730,0
25102,23732,0
25104,23734,0
25105,23735,0
25108,23736,0
25109,23737,0
25110,23572,0
25111,23738,0
25113,23572,0
25114,23740,0
25115,23741,0
25116,23742,0
25117,23743,0
25118,23744,0
25119,23745,0
25120,23746,0
25121,23747,0
25122,23748,0
25123,23749,0
25126,23752,0
25128,23754,0
25131,23757,0
25132,23758,0
25134,23760,0
25135,23761,0
25136,23762,0
25138,23764,0
25139,23765,0
25140,23766,0
25141,23767,0
25142,23768,0
25143,23769,0
25144,23770,0
25145,23771,0
25146,23772,0
25148,23774,0
25149,23775,0
25150,23776,0
25151,23776,0
25152,23777,0
25153,23778,0
25155,23780,0
25156,23781,0
25157,23782,0
25159,23784,0
25163,23788,0
25164,23789,0
25166,23791,0
25167,23792,0
25168,23793,0
25170,23795,0
25171,23796,0
25172,23797,0
25174,23799,0
25175,23800,0
25176,23801,0
25177,23802,0
25178,23803,0
25179,23804,0
25180,23488,0
25181,23805,0
25182,23806,0
25184,23808,0
25186,23810,0
25187,23811,0
25188,23812,0
25189,23813,0
25191,23815,0
25192,23816,0
25197,23820,0
25199,23822,0
25201,23823,0
25202,23824,0
25204,23826,0
25205,23827,0
25206,23828,0
25207,23829,0
25208,23830,0
25210,23832,0
25211,23833,0
25212,23834,0
25213,23835,0
25215,23837,0
25218,23839,0
25219,23840,0
25220,23841,0
25221,23842,0
25222,23843,0
25223,23844,0
25226,23846,0
25227,23847,0
25229,23849,0
25230,23850,0
25231,23851,0
25232,23852,0
25233,23853,0
25234,23799,0
25237,23855,0
25239,23857,1
25241,23859,0
25242,23860,0
25244,23862,0
25248,23866,0
25249,23867,0
25250,23868,0
25252,23869,0
25253,23870,0
25254,23871,0
25255,23872,0
25259,23876,0
25261,23878,0
25262,23879,0
25265,23882,0
25266,23883,0
25267,23884,0
25268,23885,0
25269,23886,0
25270,23887,0
25271,23888,0
25272,23889,0
25273,23890,0
25274,23891,0
25275,23892,0
25276,23893,0
25277,23894,0
25278,23895,0
25279,23896,0
25280,23897,0
25281,23898,0
25282,23899,0
25283,23900,0
25284,23901,0
25285,23902,0
25286,23903,0
25287,23904,0
25288,23902,0
25289,23905,0
25290,23906,0
25293,23909,0
25294,23910,0
25296,23912,0
25297,23913,0
25298,23914,0
25299,23915,0
25300,23916,0
25301,23917,1
25304,23920,0
25305,23921,0
25306,23922,0
25309,23925,0
25310,23926,0
25313,23929,0
25314,23930,1
25315,23931,0
25318,23934,0
25319,23935,0
25320,23936,0
25321,23937,0
25322,23938,0
25323,23939,0
25324,23663,0
25325,23940,0
25326,23941,0
25327,23942,0
25330,23945,0
25332,23947,0
25333,23948,0
25334,23662,0
25336,23950,0
25337,23951,0
25338,23952,0
25339,23953,0
25341,23955,0
25342,23956,0
25344,23958,0
25345,23959,0
25346,23960,0
25348,23962,0
25353,23967,0
25355,23969,0
25356,23970,0
25357,23971,0
25360,23974,0
25361,23975,0
25363,23977,0
25364,23978,0
25366,23974,0
25367,23980,0
25371,23984,0
25372,23985,0
25373,23986,0
25374,23987,0
25375,23988,0
25377,23990,0
25378,23991,0
25379,23992,0
25380,23993,0
25381,23994,0
25382,23995,0
25384,23995,0
25387,23999,0
25388,24000,0
25389,24001,0
25391,24003,0
25393,24005,0
25395,24007,0
25396,24008,0
25397,24009,0
25399,24008,0
25400,24011,0
25401,24012,0
25402,24013,0
25404,24015,0
25405,24016,0
25406,24017,0
25407,24018,0
25408,24019,1
25409,24020,0
25410,24021,0
25411,24022,0
25414,24024,0
25417,24027,0
25418,24028,0
25423,24033,0
25424,24034,0
25426,24036,0
25427,24037,0
25428,24038,0
25429,24039,0
25430,24040,0
25431,24041,0
25432,24042,0
25433,24042,0
25435,24044,0
25438,24047,0
25441,24050,0
25442,24051,0
25445,24054,0
25447,24056,1
25449,24058,1
25450,24059,0
25452,24061,0
25456,24064,0
25457,24065,0
25460,24068,0
25461,24069,0
25462,24070,0
25464,24072,0
25465,24073,0
25466,24074,0
25467,24075,0
25468,24074,0
25469,24076,0
25470,24077,0
25471,24078,0
25472,24079,0
25473,24080,0
25474,24081,0
25475,24082,0
25476,24075,0
25477,24083,0
25478,24080,0
25479,24084,0
25480,24085,0
25481,24086,0
25482,24087,0
25484,24089,0
25486,24091,0
25487,24092,0
25488,24093,0
25489,24094,0
25490,24095,0
25491,24096,0
25492,24097,0
25493,24098,0
25494,24099,0
25495,24100,0
25498,24103,0
25499,24104,0
25500,24105,0
25501,24106,0
25503,24108,0
25504,24109,0
25505,24110,0
25507,24112,0
25510,24114,0
25511,24115,0
25512,24116,0
25513,24117,0
25514,24118,0
25515,24119,0
25517,24121,0
25518,24122,0
25519,24123,1
25520,24124,0
25524,24128,0
25525,24129,0
25526,24130,0
25527,24131,1
25529,24116,1
25530,24132,0
25531,24133,0
25532,24134,0
25533,24135,0
25534,24136,0
25535,24137,0
25536,24138,0
25537,24139,0
25538,24132,0
25539,24140,0
25540,24141,0
25541,24142,0
25542,24143,0
25543,24144,0
25544,24145,0
25545,24146,0
25546,24147,0
25547,24148,0
25549,24150,0
25550,24151,0
25551,24152,0
25552,24153,0
25553,24154,0
25554,24155,0
25555,24156,0
25556,24153,0
25558,24157,0
25559,24158,0
25560,24159,0
25561,24160,0
25562,24161,0
25563,24162,0
25564,24162,0
25565,24163,0
25566,24164,1
25567,24165,1
25568,24166,0
25569,24167,0
25570,24168,0
25571,24169,0
25573,24162,0
25574,24171,0
25575,24172,1
25576,24173,0
25577,24174,0
25578,24175,0
25580,24177,0
25582,24179,0
25583,24180,0
25584,24181,0
25586,24183,0
25587,24184,0
25588,24185,0
25589,24186,0
25590,24187,0
25592,24189,0
25595,24191,0
25598,24194,0
25599,24195,0
25602,24198,0
25603,24199,0
25604,24200,1
25606,24202,0
25607,24203,0
25608,24204,0
25609,24205,0
25611,24207,0
25612,24208,0
25613,24209,0
25614,24210,0
25616,24212,0
25617,24213,0
25618,24214,0
25623,24218,0
25625,24219,0
25626,24220,0
25628,24222,0
25629,24223,0
25630,24224,0
25632,24226,0
25633,24227,0
25634,24228,0
25636,24198,1
25637,24230,1
25640,24233,0
25641,24234,0
25643,24236,0
25646,24239,0
25647,24240,0
25649,24241,0
25652,24243,0
25654,24245,1
25655,24246,0
25658,24248,0
25661,24250,0
25662,24251,0
25663,24252,0
25664,24240,0
25666,24254,0
25670,24258,0
25671,24259,0
25672,24260,0
25673,24261,1
25676,24264,0
25677,24265,0
25678,24266,0
25682,24270,0
25684,24271,0
25685,24272,0
25686,24273,1
25687,24274,0
25688,24275,0
25690,24148,0
25693,24279,0
25695,24280,0
25698,24283,0
25699,24284,0
25700,24285,0
25701,24286,0
25702,24285,0
25703,24287,0
25705,24289,0
25707,24291,0
25708,24292,0
25709,24293,0
25711,24295,0
25713,24297,0
25714,24298,1
25716,24300,0
25717,24301,1
25718,24302,0
25721,24285,1
25722,24305,0
25723,24306,0
25724,24285,1
25726,24308,0
25727,24309,0
25728,24310,0
25729,24311,0
25730,24312,0
25731,24042,1
25733,24314,0
25735,24316,0
25736,24317,0
25737,24318,0
25738,24319,0
25739,24320,0
25740,24321,0
25741,24322,0
25743,24324,0
25746,24327,0
25747,24328,0
25748,24329,0
25753,24334,0
25754,24335,0
25755,24336,0
25756,24337,0
25757,24338,0
25758,24339,0
25760,24341,0
25761,24342,0
25762,24343,0
25764,24345,0
25767,24348,0
25772,24353,0
25775,24356,0
25776,24357,0
25777,24358,0
25778,24359,0
25779,24360,0
25780,24361,0
25781,24362,0
25782,24363,0
25783,24364,0
25784,24110,0
25788,24368,0
25789,24369,0
25790,24370,0
25791,24371,0
25792,24372,0
25794,24374,0
25795,24375,0
25799,24379,0
25802,24382,0
25803,24383,0
25804,24384,0
25805,24385,0
25806,24386,0
25807,24387,0
25808,24387,0
25809,24388,0
25810,24389,0
25811,24390,0
25812,24379,0
25813,24391,0
25814,24392,0
25815,24393,0
25817,24395,0
25818,24396,0
25819,24397,0
25823,24400,0
25824,24401,0
25827,24404,0
25828,24405,0
25829,24406,0
25830,24407,0
25831,24408,0
25833,24410,0
25835,24412,0
25836,24413,0
25837,24414,0
25838,24415,0
25840,24417,0
25843,24279,0
25845,24421,0
25846,24422,0
25847,24423,0
25848,24421,0
25849,24424,0
25850,24425,0
25851,24426,0
25852,24427,0
25853,24428,1
25856,24431,0
25857,24432,0
25858,24433,0
25859,24434,0
25863,24033,0
25865,24439,0
25866,24440,0
25867,24441,0
25868,24442,0
25869,24443,0
25871,24445,0
25872,24446,0
25873,24447,0
25874,24448,0
25875,24449,0
25876,24450,0
25877,24451,0
25878,24054,0
25879,24452,0
25883,24455,0
25884,24456,0
25885,24457,0
25886,24458,0
25888,24460,0
25890,24462,0
25891,24463,0
25893,24465,0
25896,24468,0
25897,24469,0
25898,24397,0
25899,24470,0
25901,24472,0
25902,24473,0
25905,24476,0
25908,24298,1
25909,24479,0
25910,24480,0
25911,24481,0
25912,24482,0
25914,24484,0
25916,24486,0
25917,24487,0
25918,24488,0
25919,24481,0
25920,24489,0
25922,24491,0
25924,24493,0
25925,24494,0
25927,24496,0
25928,24497,0
25929,24291,0
25930,24498,0
25932,24500,0
25933,24501,0
25934,24502,0
25935,24503,0
25937,24505,0
25939,24507,0
25941,24509,1
25942,24510,0
25943,24511,0
25944,24512,0
25945,24513,0
25946,24514,0
25948,24515,0
25949,24516,0
25951,24517,0
25953,24518,0
25954,24519,0
25955,24520,0
25956,24521,0
25958,24318,0
25960,24524,1
25961,24525,0
25962,24526,1
25963,24527,0
25964,24528,0
25965,24529,0
25966,24530,0
25967,24531,0
25968,24532,0
25969,24533,0
25971,24535,0
25972,24536,0
25973,24537,0
25974,24538,0
25977,24541,0
25979,24543,0
25980,24544,0
25981,24545,1
25983,24547,0
25985,24549,0
25987,24550,0
25988,24551,0
25991,24554,0
25992,24555,0
25993,24556,0
25994,24557,1
25995,24558,0
25996,24559,0
25997,24560,0
25999,24561,0
26000,24562,0
26001,24563,0
26002,24564,0
26003,24565,0
26004,24566,0
26006,24568,0
26007,24569,0
26008,24570,0
26010,24572,0
26011,24573,0
26013,24575,0
26015,24576,0
26016,24577,1
26018,24579,0
26019,24580,0
26020,24581,0
26023,24584,0
26024,24585,0
26025,24586,0
26027,24588,0
26028,24589,0
26029,24590,1
26031,24592,0
26035,24596,0
26036,24597,0
26038,24599,0
26040,24601,0
26041,24602,1
26042,24603,0
26044,24605,0
26045,24606,0
26046,24607,0
26047,24608,1
26048,24609,0
26049,24610,0
26050,24611,1
26052,24613,0
26053,24614,0
26054,24615,0
26055,24616,0
26056,24617,0
26057,24618,0
26058,24619,0
26061,24622,0
26062,24623,0
26065,24626,0
26067,24628,0
26070,24631,0
26071,24632,0
26072,24633,0
26073,24634,0
26074,24635,0
26075,24636,0
26078,24639,0
26079,24640,0
26080,24641,0
26081,24642,0
26083,24644,0
26085,24646,0
26086,24647,0
26087,24648,0
26088,24649,0
26089,24650,0
26090,24651,0
26092,24653,0
26093,24654,0
26096,24657,0
26098,24659,0
26100,24661,0
26102,24663,0
26103,24664,0
26104,24665,0
26105,24666,0
26106,24667,0
26109,24669,0
26111,24671,0
26112,24672,0
26113,24673,0
26114,24674,0
26115,24675,0
26117,24677,0
26118,24678,0
26120,24680,0
26121,24449,0
26127,24686,0
26129,24688,0
26130,24689,0
26131,24690,0
26132,24691,0
26133,24692,0
26134,24693,0
26135,24694,0
26136,24695,0
26137,24696,0
26138,24697,0
26139,24698,0
26140,24699,0
26142,24701,0
26143,24702,0
26144,24703,0
26146,24705,0
26147,24706,0
26149,24708,0
26150,24709,0
26152,24711,0
26155,24714,0
26156,24715,0
26158,24717,0
26159,24718,0
26161,24720,0
26162,24721,0
26164,24723,0
26165,24614,0
26166,24724,0
26167,24725,0
26168,24726,0
26169,24727,0
26173,24731,0
26174,24732,0
26175,24733,0
26177,24734,0
26179,24736,0
26181,24738,0
26182,24739,0
26183,24740,0
26184,24741,0
26186,24743,0
26187,24744,0
26190,24747,0
26191,24748,0
26192,24749,0
26193,24750,0
26195,24752,0
26197,24754,0
26198,24755,0
26199,24738,0
26200,24756,0
26201,24757,0
26203,24758,0
26204,24759,0
26205,24760,0
26206,24761,0
26207,24762,0
26208,24763,0
26209,24764,0
26210,24765,0
26211,24766,0
26212,24767,0
26214,24769,0
26215,24770,0
26216,24771,0
26218,24773,0
26220,24775,0
26221,24776,0
26225,24780,0
26228,24783,0
26229,24784,0
26230,24785,0
26231,24738,0
26232,24786,0
26234,24788,0
26236,24790,0
26237,24791,0
26238,24788,0
26240,24788,0
26241,24793,0
26242,24794,0
26244,24796,1
26245,24797,0
26246,24798,1
26247,24799,0
26248,24800,0
26249,24801,0
26251,24803,0
26252,24804,0
26253,24805,0
26255,24807,0
26257,24809,0
26258,24810,0
26259,24811,0
26260,24812,0
26261,24813,0
26262,24814,0
26263,24815,0
26264,24816,0
26266,24818,0
26267,24819,0
26268,24820,0
26269,24821,0
26270,24822,0
26272,24824,0
26273,24825,1
26275,24827,0
26276,24828,0
26277,24829,0
26278,24830,0
26280,24828,0
26281,24832,0
26283,24819,0
26284,24834,0
26285,24835,0
26286,24836,0
26287,24837,0
26289,24839,0
26290,24840,0
26291,24841,0
26293,24842,0
26294,24843,0
26295,24844,0
26297,24846,0
26298,24847,0
26300,24849,0
26301,24850,0
26302,24851,0
26303,24852,0
26304,24853,0
26305,24854,0
26306,24855,0
26307,24853,0
26308,24856,0
26309,24857,0
26310,24858,1
26311,24859,0
26313,24861,0
26315,24863,0
26316,24864,0
26317,24865,1
26319,24828,0
26321,24868,0
26323,24870,0
26324,24871,1
26325,24872,0
26327,24874,0
26328,24875,0
26332,24879,0
26334,24881,0
26335,24882,0
26336,24883,1
26337,24884,0
26338,24885,0
26339,24886,0
26340,24887,0
26341,24888,0
26343,24890,0
26346,24893,0
26349,24896,0
26350,24897,0
26351,24898,0
26352,24899,0
26353,24900,0
26354,24901,0
26356,24835,0
26357,24903,0
26358,24904,0
26359,24901,1
26360,24905,0
26361,24906,0
26362,24907,0
26363,24908,1
26364,24909,0
26365,24910,0
26366,24911,0
26367,24912,0
26369,24914,0
26370,24915,0
26373,24918,0
26374,24919,0
26378,24923,0
26381,24925,0
26382,24926,0
26384,24928,0
26385,24929,0
26386,24930,0
26387,24931,0
26389,24933,0
26392,24936,0
26393,24937,0
26394,24938,1
26395,24939,0
26397,24940,0
26398,24941,1
26399,24942,0
26400,24835,0
26401,24943,0
26402,24944,0
26403,24945,0
26404,24946,0
26406,24948,0
26407,24949,0
26409,24951,0
26414,24956,0
26416,24958,0
26417,24959,0
26418,24960,0
26419,24961,0
26422,24964,0
26423,24965,0
26424,24966,0
26425,24967,0
26427,24966,0
26429,24970,0
26430,24971,0
26431,24972,0
26432,24828,0
26433,24973,0
26435,24975,0
26436,24976,0
26437,24977,0
26438,24978,0
26442,24981,0
26443,24961,0
26445,24983,1
26446,24984,0
26447,24985,0
26448,24986,0
26449,24987,0
26450,24988,0
26451,24989,0
26452,24990,0
26453,24991,0
26454,24992,0
26457,24995,0
26458,24996,0
26459,24997,0
26462,24899,0
26463,25000,0
26464,25001,0
26468,25005,0
26469,25006,0
26470,25007,1
26471,25008,0
26473,25010,0
26474,25011,0
26477,25014,0
26479,25016,0
26481,25018,0
26484,25020,0
26485,25021,0
26486,25022,0
26490,24899,0
26494,25028,0
26496,25030,0
26497,25031,0
26501,25035,0
26502,25036,0
26504,25038,0
26505,25039,0
26508,25042,0
26509,25043,0
26512,25046,0
26513,25047,0
26516,25050,0
26517,25051,0
26518,25052,0
26519,25053,0
26520,25054,0
26521,25055,0
26522,25056,0
26523,25057,1
26526,25060,0
26528,25061,0
26531,25064,0
26532,25065,0
26534,25067,0
26535,25068,0
26536,25069,0
26538,25071,1
26539,25072,0
26540,25073,0
26542,25075,0
26543,25076,0
26544,25077,0
26545,25078,0
26546,25079,0
26547,25080,0
26548,25081,1
26549,25082,0
26550,25083,0
26552,25085,0
26553,25086,0
26554,25087,0
26555,25088,0
26556,25089,0
26557,25090,0
26559,25092,0
26560,25093,0
26564,25097,0
26565,25098,0
26566,25099,0
26567,24850,0
26570,25101,0
26571,25102,0
26572,25103,0
26573,25104,0
26574,25105,0
26575,25106,1
26576,25107,0
26578,25109,0
26581,25112,0
26582,25113,0
26583,25114,0
26586,25117,0
26588,25118,1
26589,25119,0
26591,25121,0
26592,25122,0
26594,25124,0
26595,25125,1
26597,25127,0
26600,25129,0
26601,25130,0
26602,25131,0
26603,25132,0
26604,25133,0
26605,25134,0
26606,25135,1
26608,25137,0
26610,25139,0
26611,25140,0
26612,25141,0
26613,24835,0
26614,25142,1
26618,25146,0
26619,25147,0
26620,25148,0
26622,25150,1
26623,24850,0
26624,25151,0
26625,25152,0
26626,24850,0
26627,25153,0
26628,25154,0
26629,25155,0
26631,25157,0
26632,25158,0
26633,25159,1
26635,25160,0
26636,25161,0
26637,25162,0
26638,25163,0
26640,25165,0
26642,25167,0
26644,25169,0
26646,25171,0
26647,25172,0
26648,25173,0
26649,25174,0
26650,25175,0
26651,25176,0
26653,25178,0
26655,25180,0
26656,25181,0
26658,25183,0
26659,25184,0
26660,25185,0
26663,25188,0
26665,25190,0
26666,25191,0
26668,25193,0
26671,25195,0
26672,25196,0
26673,25197,1
26676,25200,1
26678,25202,0
26680,25204,0
26682,25206,0
26683,25207,0
26684,25208,0
26686,25209,0
26687,25210,0
26688,25211,0
26689,25204,1
26690,25212,0
26692,25214,1
26693,25215,0
26694,25216,0
26695,25217,0
26696,25218,0
26697,25219,0
26698,25220,0
26699,25221,0
26700,25222,0
26701,25223,0
26704,25226,0
26705,25227,0
26706,25228,0
26708,25230,0
26711,25233,0
26712,25234,0
26713,25235,0
26714,25236,0
26715,25237,0
26716,25238,0
26721,25243,0
26722,25244,0
26726,25248,0
26728,25250,0
26729,25251,0
26731,25253,0
26732,25132,0
26733,25254,0
26734,25014,0
26737,25256,0
26738,25257,0
26739,24850,0
26741,25259,0
26742,25260,0
26743,25261,0
26744,25262,0
26745,25263,0
26746,25264,0
26747,25265,0
26748,25266,0
26749,25267,0
26750,25268,0
26752,25270,0
26753,25271,0
26754,25272,0
26757,25274,0
26758,25275,0
26759,25276,0
26760,25277,0
26763,25280,0
26765,25282,0
26769,25286,0
26771,25288,0
26772,25289,0
26773,25290,0
26774,25291,1
26775,25292,1
26776,25293,0
26777,24835,0
26778,25294,0
26780,25296,0
26781,25297,0
26782,25298,0
26784,25300,0
26785,25223,0
26786,25301,0
26787,25302,0
26789,24997,0
26791,25305,0
26794,25308,0
26796,25310,0
26797,25311,0
26798,25312,0
26799,25313,0
26800,25314,0
26801,25315,0
26802,25316,0
26803,25317,0
26804,25318,0
26805,25319,0
26807,25321,0
26809,25323,0
26811,25325,0
26814,25328,0
26816,25330,0
26817,25331,0
26819,25333,0
26823,25336,0
26825,25338,0
26826,25339,0
26827,25340,0
26828,25341,0
26832,25344,0
26833,25345,0
26834,25346,0
26837,25349,0
26842,25354,0
26843,25355,0
26844,25356,0
26845,25357,0
26848,25359,0
26850,25361,0
26851,25362,0
26853,25364,0
26855,25366,0
26856,25367,0
26857,25368,0
26860,25370,0
26861,25370,0
26866,25375,0
26867,25376,0
26871,25380,0
26875,25384,0
26876,25385,0
26877,25386,1
26881,25390,0
26882,25391,0
26883,25392,0
26885,25394,0
26889,25397,0
26890,25398,0
26891,25399,0
26892,25400,0
26893,25401,0
26895,25402,0
26896,25403,0
26897,25404,0
26898,25405,0
26899,25406,0
26900,25407,0
26902,25409,0
26905,25412,0
26906,25413,0
26907,25414,0
26911,25132,0
26916,25422,0
26918,25424,0
26919,25425,0
26920,25426,0
26921,25427,0
26922,25428,0
26923,25429,0
26925,25431,0
26927,25432,1
26928,25433,0
26929,25434,0
26930,25435,0
26931,25436,0
26932,25437,0
26933,25438,1
26937,25442,0
26938,25443,1
26939,25444,0
26940,25445,0
26942,25447,0
26945,25450,0
26946,25451,1
26947,25452,1
26948,25453,0
26949,25454,0
26950,25455,0
26951,25456,0
26952,25457,0
26953,25458,0
26954,25459,0
26955,25460,0
26956,25461,0
26960,25465,0
26961,25466,0
26963,25468,0
26964,25469,0
26965,24764,0
26967,25471,0
26969,25473,0
26972,25476,0
26973,25477,0
26974,25478,0
26976,25480,0
26977,25481,0
26979,25483,0
26980,25132,1
26981,25484,0
26983,25486,0
26984,25487,0
26986,25489,0
26989,25492,0
26990,25493,0
26991,25494,0
26992,25495,0
26993,25496,0
26994,25497,0
26995,25498,0
26996,25499,0
26997,25500,0
27000,25503,0
27002,25505,0
27005,25508,0
27008,25511,0
27009,25512,0
27010,25513,0
27011,25514,0
27012,25515,0
27013,25516,0
27014,25517,0
27015,25518,0
27017,25520,0
27018,25521,0
27019,25522,0
27020,25523,0
27021,25524,0
27022,25525,0
27024,25527,0
27025,25528,0
27026,25529,0
27027,25530,0
27028,25531,0
27029,25532,0
27032,25535,0
27034,25537,0
27035,25538,0
27036,25539,0
27037,25540,0
27038,25541,0
27039,25542,0
27040,25543,0
27042,25545,0
27043,25546,0
27044,25547,0
27045,25548,0
27046,25529,0
27049,25551,0
27050,25552,0
27051,25553,0
27053,25555,0
27054,25556,1
27056,25558,0
27059,25561,0
27060,25562,1
27061,25563,0
27062,25564,0
27063,25565,0
27064,25566,0
27065,25567,0
27066,25568,0
27068,25570,0
27069,25571,0
27071,25573,0
27073,25575,0
27074,25576,0
27076,25578,0
27078,25580,0
27079,25581,0
27081,25548,1
27082,25583,1
27083,25584,1
27084,25585,0
27085,25586,1
27086,25528,0
27087,25587,0
27088,25588,0
27089,25589,0
27091,25591,0
27093,25593,0
27095,25595,0
27097,25597,0
27098,25598,0
27099,25599,1
27100,25600,0
27101,25601,1
27102,25602,0
27103,25603,1
27107,25607,0
27108,25608,0
27112,25612,0
27113,25613,0
27114,25614,0
27116,25616,0
27117,25617,0
27118,25618,0
27119,25619,0
27120,25620,0
27122,25622,0
27123,25623,0
27124,25624,0
27125,25625,0
27126,25626,0
27127,25627,0
27128,25628,0
27129,25629,0
27131,25631,0
27132,25614,0
27133,25632,0
27134,25633,0
27135,25628,0
27136,25634,0
27137,25635,0
27138,25636,0
27139,25637,0
27140,25638,0
27141,25639,0
27143,25641,0
27144,25642,0
27145,25643,0
27146,25644,0
27147,25645,0
27148,25646,0
27149,25647,0
27154,25652,1
27155,25653,0
27156,25654,0
27159,25657,0
27161,25659,1
27162,25555,0
27163,25660,0
27164,25660,0
27165,25661,0
27166,25662,0
27167,25663,0
27168,25664,0
27169,25665,0
27170,25666,0
27172,25668,0
27173,25660,0
27176,25671,0
27177,25672,0
27178,25657,1
27179,25673,0
27180,25674,0
27181,25675,1
27182,25676,0
27184,25678,0
27185,25679,0
27186,25680,0
27187,25681,0
27188,25675,0
27189,25682,0
27190,25683,0
27191,25684,0
27192,25685,0
27193,25686,0
27195,25688,0
27196,25689,0
27197,25690,0
27198,25691,0
27199,25692,0
27201,25694,0
27202,25695,0
27203,25689,0
27204,25696,0
27205,25697,0
27206,25698,0
27207,25699,0
27208,25626,0
27209,25561,0
27211,25701,0
27212,25702,0
27213,25703,0
27214,25704,0
27217,25707,0
27218,25708,0
27219,25709,0
27220,25710,1
27221,25711,0
27222,25712,0
27224,25714,0
27226,25716,0
27227,25717,0
27229,25719,0
27231,25721,0
27232,25722,0
27233,25723,0
27234,25724,0
27235,25725,0
27236,25726,1
27237,25561,0
27239,25728,0
27240,25729,0
27241,25730,0
27245,25734,0
27246,25735,0
27247,25736,0
27248,25737,0
27249,25738,0
27250,25739,1
27253,25741,0
27255,25743,0
27256,25744,0
27257,25745,0
27258,25746,0
27259,25747,0
27260,25748,0
27261,25749,0
27262,25750,0
27263,25751,0
27264,25752,0
27265,25753,0
27267,25755,0
27269,25757,0
27270,25758,0
27272,25760,0
27273,25761,0
27275,25666,0
27277,25764,0
27278,25765,0
27279,25766,0
27280,25767,0
27281,25768,0
27283,25770,0
27285,25672,0
27286,25772,0
27287,25773,0
27288,25774,1
27289,25775,1
27290,25776,0
27292,25778,0
27294,25780,0
27295,25781,0
27296,25782,0
27297,25783,0
27299,25785,0
27300,25786,0
27301,25787,0
27303,25789,0
27305,25791,0
27306,25792,0
27307,25793,0
27308,25794,0
27309,25795,0
27311,25797,0
27312,25798,0
27313,25799,0
27314,25800,0
27316,25802,0
27317,25803,0
27318,25804,0
27319,25805,0
27320,25806,0
27321,25807,1
27322,25808,0
27323,25809,0
27326,25812,0
27328,25814,0
27329,25815,0
27330,25816,0
27331,25817,0
27332,25814,0
27334,25819,0
27336,25821,0
27338,25823,0
27339,25824,0
27340,25825,0
27341,25826,0
27342,25827,0
27343,25828,0
27345,25830,0
27346,25831,0
27347,25832,0
27348,25832,0
27349,25833,0
27350,25834,0
27352,25836,0
27353,25837,0
27354,25838,0
27356,25840,0
27357,25841,0
27358,25842,0
27359,25843,0
27360,25844,0
27361,25845,0
27362,25846,0
27365,25849,0
27366,25850,1
27367,25851,0
27368,25578,0
27369,25852,0
27370,25853,0
27371,25854,0
27372,25855,0
27374,25857,0
27375,25858,0
27376,25859,0
27377,25860,0
27378,25861,0
27381,25864,0
27383,25866,0
27384,25867,0
27385,25868,0
27386,25869,0
27387,25870,0
27388,25871,0
27392,25875,0
27393,25876,0
27394,25877,0
27395,25878,0
27396,25879,0
27398,25710,0
27399,25881,0
27400,25882,0
27402,25884,1
27403,25885,0
27404,25886,0
27406,25888,0
27408,25890,1
27410,25892,0
27411,25893,0
27412,25894,0
27413,25895,0
27414,25896,0
27415,25897,0
27416,25898,0
27417,25661,0
27418,25899,0
27419,25900,1
27420,25901,0
27422,25903,0
27423,25904,0
27424,25905,0
27425,25906,0
27426,25907,0
27427,25908,0
27428,25909,0
27429,25910,0
27430,25911,1
27431,25912,0
27433,25914,0
27434,25915,0
27435,25916,0
27436,25917,0
27438,25919,0
27439,25920,0
27440,25921,0
27441,25922,0
27442,25923,0
27448,25929,0
27449,25930,0
27450,25931,0
27451,25932,0
27452,25933,0
27453,25934,0
27454,25935,0
27455,25936,0
27456,25937,0
27458,25939,0
27459,25940,0
27460,25941,0
27462,25943,0
27463,25944,0
27464,25945,0
27466,25947,0
27468,25949,1
27469,25950,1
27470,25951,0
27471,25952,0
27473,25954,0
27475,25956,0
27476,25957,0
27478,25959,0
27479,25960,0
27480,25961,0
27481,25962,0
27482,25963,0
27484,25965,0
27485,25966,0
27486,25967,0
27488,25969,0
27490,25971,0
27491,25972,0
27492,25973,0
27493,25974,0
27495,25976,0
27496,25977,0
27498,25979,0
27499,25980,0
27500,25981,0
27501,25982,0
27504,25985,0
27505,25986,0
27506,25987,0
27507,25988,0
27509,25990,0
27514,25994,0
27516,25996,0
27517,25897,0
27518,25997,0
27519,25998,0
27520,25999,0
27521,26000,0
27522,26001,1
27523,26002,0
27524,26003,0
27525,26004,0
27527,25636,0
27528,26006,0
27530,26008,0
27531,26009,0
27532,26010,0
27533,25971,0
27535,26012,0
27536,26013,0
27539,26016,0
27540,26017,0
27541,26018,1
27542,26019,0
27543,26020,0
27545,26022,0
27548,26025,0
27549,26026,0
27550,26027,0
27551,26028,0
27552,26029,0
27553,26030,0
27555,26032,0
27560,26037,0
27561,26038,0
27564,26041,0
27565,26042,0
27567,26044,0
27568,26045,0
27570,26047,0
27572,26049,0
27573,26050,0
27576,26053,0
27577,26054,0
27578,26055,0
27579,26056,0
27580,26057,0
27582,26059,0
27583,26060,0
27586,26063,0
27588,26065,0
27589,26066,0
27590,26067,1
27591,26068,0
27592,26069,0
27593,26070,0
27594,26071,0
27597,26074,0
27598,26075,0
27601,26078,0
27602,26079,0
27603,26080,0
27605,26082,0
27607,26084,0
27609,26086,0
27611,26088,0
27612,26089,0
27613,26090,0
27614,26091,0
27615,26092,0
27616,26093,0
27618,26095,0
27619,26096,0
27620,26097,0
27624,26100,0
27626,26102,0
27627,26103,0
27628,26104,0
27636,26112,0
27638,26114,0
27640,26116,0
27641,26117,0
27642,26118,0
27644,26120,0
27645,26121,0
27647,26123,0
27651,26127,0
27654,26130,0
27655,26131,0
27656,26132,0
27657,26133,0
27658,26134,0
27659,26135,0
27661,26137,0
27662,26138,0
27663,26139,0
27664,26140,0
27665,26141,0
27666,26142,0
27667,26143,0
27669,26145,0
27671,26147,0
27672,26148,0
27673,26149,0
27675,26151,0
27676,26152,0
27677,26153,0
27678,26154,0
27679,26155,0
27680,26156,0
27681,26157,0
27683,26159,0
27684,26160,0
27688,26164,0
27691,26167,1
27692,26168,0
27693,26169,0
27694,26170,0
27695,26171,0
27696,26172,0
27697,26173,1
27698,26174,1
27701,26177,0
27702,26178,0
27703,26179,0
27704,26180,1
27705,26181,0
27706,26182,0
27708,26184,1
27709,26185,0
27710,26177,0
27711,26185,1
27713,26187,1
27714,26188,0
27715,26189,0
27716,26190,0
27717,26191,1
27719,26193,0
27721,26195,1
27722,26196,0
27723,26197,1
27725,26199,1
27726,26200,1
27728,26202,0
27729,26203,1
27730,26203,1
27731,26204,1
27732,26205,1
27733,26206,1
27734,26207,1
27735,26208,0
27736,26209,1
27737,26210,1
27739,26212,0
27744,26217,0
27745,26218,0
27746,26219,1
27748,26221,1
27750,26223,0
27751,26224,1
27754,26225,1
27757,26227,0
27758,26228,1
27759,26229,1
27760,26230,1
27761,26231,0
27764,26234,1
27765,26230,1
27767,26236,1
27768,26237,1
27769,26238,1
27770,26239,0
27771,26240,0
27772,26241,1
27773,26242,0
27774,26243,0
27776,26245,0
27777,26246,0
27778,26247,1
27780,26249,0
27782,26250,1
27783,26251,0
27785,26253,0
27787,26255,1
27791,26258,0
27792,26259,0
27794,26260,0
27795,26261,1
27796,26262,0
27798,26263,0
27800,26265,0
27801,26266,0
27802,26267,1
27806,26266,0
27807,26271,1
27809,26273,0
27810,26265,1
27811,26274,1
27812,26265,0
27813,26275,1
27815,26277,0
27816,26278,1
27817,26267,1
27818,26265,1
27821,26281,1
27822,26282,1
27824,26284,1
27825,26285,1
27827,26287,1
27828,26288,0
27829,26289,0
27830,26290,0
27831,26291,0
27834,26294,0
27835,26295,0
27836,26296,1
27840,26300,0
27841,26301,0
27842,26302,0
27843,26303,0
27844,26304,0
27845,26305,0
27846,26306,1
27848,26308,0
27850,26310,1
27851,26311,1
27852,26312,1
27853,26313,1
27854,26314,0
27855,26315,1
27856,26316,1
27858,26318,0
27859,26319,0
27861,26321,0
27863,26323,1
27866,26326,1
27867,26327,1
27868,26328,1
27869,26329,0
27871,26331,0
27873,26333,1
27874,26334,1
27875,26335,0
27876,26334,1
27878,26337,1
27880,26339,1
27881,26340,0
27882,26341,0
27883,26342,1
27884,26343,0
27887,26346,0
27890,26349,1
27891,26350,1
27895,26354,1
27896,26355,1
27899,26357,1
27900,26358,0
27901,26359,1
27902,26360,0
27903,26361,0
27904,26362,1
27906,26364,0
27907,26365,0
27909,26367,0
27910,26368,0
27912,26370,0
27913,26371,0
27915,26373,0
27917,26375,1
27918,26376,1
27919,26376,1
27921,26378,1
27922,26379,0
27923,26380,1
27924,26376,0
27926,26382,0
27928,26383,0
27929,26384,0
27930,26385,1
27931,26386,0
27932,26387,1
27934,26389,1
27935,26390,0
27936,26391,0
27941,26396,1
27945,26399,1
27947,26400,0
27949,26402,0
27950,26403,0
27951,26404,0
27952,26405,1
27954,26407,0
27955,26408,1
27956,26409,0
27957,26410,0
27960,26413,0
27961,26414,0
27962,26415,1
27963,26416,1
27964,26417,0
27965,26418,0
27966,26419,0
27971,26423,0
27972,26424,0
27974,26426,0
27976,26428,0
27977,26429,0
27978,26430,0
27979,26431,0
27981,26433,0
27983,26435,1
27984,26436,0
27985,26437,0
27987,26436,1
27988,26439,1
27989,26440,0
27991,26442,0
27993,26444,0
27994,26445,1
27995,26446,0
27996,26447,0
27997,26448,0
27999,26450,0
28000,26451,0
28001,26452,0
28002,26453,0
28004,26455,0
28005,26456,0
28007,26458,0
28008,26459,1
28009,26460,0
28012,26463,0
28013,26464,0
28014,26465,0
28015,26466,0
28016,26467,0
28017,26458,1
28018,26468,0
28019,26469,0
28020,26470,0
28021,26471,0
28022,26472,1
28024,26474,0
28025,26475,0
28027,26477,0
28029,26479,0
28032,26482,0
28033,26483,0
28034,26484,0
28035,26485,0
28037,26487,0
28038,26488,1
28039,26489,0
28041,26491,0
28042,26492,0
28044,26493,0
28045,26494,0
28048,26497,0
28049,26498,0
28051,26500,0
28052,26501,0
28053,26502,0
28054,26503,1
28056,26505,0
28057,26506,0
28058,26507,0
28061,26510,0
28062,26511,0
28064,26513,0
28065,26514,0
28067,26516,0
28068,26517,1
28069,26518,0
28071,26520,0
28073,26522,0
28075,26524,0
28076,26525,0
28077,26526,0
28078,26527,0
28079,26528,0
28081,26530,0
28084,26533,0
28085,26534,1
28087,26536,0
28088,26537,0
28089,26538,0
28090,26539,0
28091,26540,0
28095,26544,0
28096,26545,0
28099,26548,0
28100,26549,0
28102,26551,0
28104,26553,0
28105,26554,0
28106,26555,0
28108,26557,0
28111,26560,0
28112,26561,0
28114,26563,1
28117,26566,0
28120,26569,0
28121,26570,0
28122,26571,0
28124,26573,0
28125,26574,0
28126,26575,0
28128,26577,0
28129,26578,0
28130,26579,0
28132,26581,1
28133,26582,0
28134,26583,0
28135,26584,0
28137,26586,0
28138,26587,0
28139,26588,0
28140,26589,0
28141,26590,0
28142,26591,0
28144,26593,0
28145,26594,0
28146,26573,0
28147,26595,0
28148,26596,0
28149,26597,0
28151,26599,0
28152,26600,0
28153,26601,0
28154,26602,0
28155,26603,0
28156,26601,1
28159,26606,0
28161,26608,0
28162,26609,1
28163,26610,0
28166,26613,0
28167,26614,1
28168,26615,1
28169,26616,1
28170,26617,0
28171,26618,0
28172,26619,0
28173,26620,0
28174,26621,0
28176,26623,0
28177,26624,1
28178,26625,0
28180,26627,0
28181,26628,0
28183,26630,0
28184,26631,0
28186,26633,0
28189,26636,0
28191,26638,0
28192,26639,1
28194,26641,0
28195,26642,0
28197,26644,0
28198,26645,0
28200,26647,0
28202,26649,0
28203,26650,0
28206,26653,0
28207,26654,1
28209,26656,0
28210,26657,0
28212,26659,0
28213,26660,0
28214,26661,1
28215,26662,0
28216,26663,0
28217,26664,0
28218,26665,0
28219,26666,0
28222,26669,0
28223,26670,1
28224,26671,0
28225,26672,0
28226,26673,0
28228,26675,0
28230,26677,0
28231,26678,0
28232,26679,0
28233,26680,0
28234,26681,0
28235,26682,0
28237,26684,0
28238,26685,0
28239,26686,0
28240,26687,0
28241,26688,0
28243,26690,0
28244,26691,0
28245,26691,0
28246,26692,1
28250,26695,0
28253,26698,0
28254,26699,0
28255,26700,0
28256,26701,0
28257,26702,0
28258,26703,0
28259,26704,0
28260,26705,1
28261,26705,1
28263,26707,0
28264,26707,0
28266,26709,0
28267,26710,0
28269,26712,0
28270,26713,1
28271,26714,0
28272,26715,1
28273,26716,0
28274,26717,0
28276,26719,0
28277,26719,0
28278,26720,1
28281,26723,0
28282,26724,0
28283,26725,0
28284,26725,0
28285,26703,0
28286,26726,0
28288,26728,0
28289,26729,0
28292,26732,0
28293,26733,1
28296,26736,1
28297,26737,1
28299,26739,0
28301,26741,0
28302,26742,0
28303,26743,0
28305,26745,1
28306,26746,0
28307,26747,0
28308,26746,1
28309,26748,0
28310,26749,0
28311,26750,0
28312,26751,1
28313,26752,0
28315,26754,1
28316,26755,0
28317,26756,0
28318,26757,0
28319,26758,0
28320,26759,0
28322,26761,0
28324,26763,0
28325,26764,0
28326,26763,0
28328,26766,0
28329,26767,0
28330,26768,0
28331,26769,0
28332,26770,0
28333,26771,0
28335,26773,0
28338,26776,1
28340,26778,0
28343,26781,0
28345,26783,0
28346,26784,0
28347,26785,1
28348,26786,0
28349,26787,0
28351,26789,0
28352,26790,1
28353,26791,0
28354,26792,1
28355,26793,0
28357,26795,1
28359,26797,0
28360,26798,0
28362,26800,0
28363,26801,0
28364,26802,0
28366,26804,0
28367,26805,0
28368,26806,0
28369,26807,0
28370,26808,0
28371,26809,0
28372,26810,0
28374,26812,0
28375,26813,0
28377,26815,0
28378,26816,1
28379,26817,0
28380,26818,1
28382,26820,0
28383,26821,0
28384,26822,0
28385,26823,0
28387,26825,1
28388,26826,0
28390,26827,0
28391,26828,0
28393,26830,0
28394,26831,0
28395,26832,0
28396,26833,0
28397,26834,0
28398,26835,0
28401,26838,0
28402,26839,0
28403,26840,0
28404,26840,1
28405,26839,0
28406,26841,1
28407,26839,1
28408,26839,0
28410,26843,0
28411,26844,0
28412,26845,0
28414,26847,0
28415,26848,0
28418,26851,1
28419,26852,0
28420,26853,0
28424,26857,0
28425,26858,0
28427,26860,0
28428,26861,0
28429,26862,0
28430,26848,0
28431,26863,1
28432,26864,0
28433,26865,0
28435,26867,0
28436,26868,0
28437,26869,1
28438,26870,0
28439,26871,0
28440,26872,0
28441,26873,0
28442,26874,0
28443,26875,0
28444,26876,0
28446,26878,0
28447,26879,0
28448,26880,0
28450,26882,0
28452,26884,0
28453,26885,0
28455,26887,0
28456,26888,1
28457,26889,0
28458,26890,0
28463,26894,0
28464,26895,0
28466,26897,0
28467,26898,1
28469,26900,1
28471,26902,1
28472,26903,0
28474,26905,0
28475,26906,0
28478,26908,1
28482,26912,1
28483,26913,0
28485,26915,0
28486,26916,1
28487,26917,0
28488,26917,1
28489,26917,1
28490,26918,0
28492,26920,0
28493,26921,0
28494,26922,0
28495,26922,1
28497,26924,0
28498,26879,1
28501,26927,0
28502,26928,1
28503,26929,0
28506,26932,1
28508,26934,1
28509,26935,0
28510,26936,0
28511,26937,1
28513,26939,1
28514,26940,0
28515,26941,0
28516,26942,0
28518,26944,0
28519,26945,1
28520,26946,1
28521,26947,1
28522,26948,0
28523,26949,0
28524,26950,0
28525,26951,0
28526,26952,0
28527,26953,0
28528,26954,0
28529,26955,0
28531,26957,0
28532,26958,0
28534,26960,0
28535,26961,0
28536,26962,0
28537,26963,0
28538,26964,1
28539,26965,0
28540,26966,1
28541,26967,0
28542,26968,0
28543,26969,1
28545,26971,1
28546,26972,1
28548,26974,0
28550,26976,0
28551,26977,0
28552,26978,0
28554,26980,0
28555,26981,0
28556,26982,0
28557,26983,0
28558,26984,0
28559,26985,0
28560,26986,0
28561,26987,0
28562,26988,0
28563,26989,0
28564,26990,0
28566,26990,0
28567,26992,0
28568,26993,0
28569,26994,0
28571,26996,0
28572,26997,1
28576,27001,0
28577,27002,0
28578,27003,1
28579,27004,1
28583,27008,0
28587,27012,1
28589,27014,1
28592,27017,0
28594,27019,0
28595,27020,1
28596,27021,0
28597,27022,0
28599,27023,1
28600,26969,0
28601,27024,1
28602,27025,0
28603,27025,0
28604,27026,1
28607,27029,0
28608,27030,0
28609,27031,0
28610,27032,0
28611,27033,0
28613,27035,0
28614,27036,1
28615,27037,0
28616,27038,0
28617,27039,0
28618,27040,0
28619,27041,0
28620,27042,0
28622,27044,0
28626,27048,0
28627,27049,1
28628,27050,1
28630,27052,0
28632,27054,1
28637,27058,0
28639,27060,1
28640,27061,0
28641,27062,1
28643,27064,0
28644,27065,0
28646,27067,0
28647,27062,0
28649,27069,0
28650,27070,0
28651,27071,0
28653,27073,0
28654,27074,0
28655,27075,0
28656,27076,0
28657,27077,0
28658,27078,0
28659,27078,0
28660,27078,0
28661,27079,0
28662,27080,0
28663,27081,0
28665,27083,0
28666,27083,0
28667,27084,0
28673,27083,0
28674,27089,0
28675,27090,0
28676,27091,1
28680,27095,0
28682,27097,0
28685,27100,0
28687,27101,0
28688,27102,0
28692,27106,0
28693,27107,0
28694,27108,0
28695,27109,0
28699,27113,0
28700,27114,0
28703,27117,0
28706,27120,0
28710,27124,0
28712,27126,0
28713,27127,0
28717,27131,0
28718,27132,0
28719,27133,0
28720,27134,0
28721,27135,0
28725,27139,0
28727,27141,0
28729,27143,0
28730,27144,0
28731,27145,0
28732,27146,1
28733,27147,0
28734,27148,0
28735,27149,0
28737,27151,0
28739,27152,0
28741,27154,1
28744,27157,0
28745,27158,0
28746,27159,0
28747,27160,0
28748,27161,0
28749,27162,0
28750,27163,0
28751,27164,0
28752,27165,1
28753,27166,0
28754,27167,0
28755,27168,0
28756,27169,0
28757,27170,0
28758,27171,0
28759,27172,0
28760,27173,0
28761,27174,0
28763,27176,0
28764,27177,0
28766,27179,1
28767,27180,0
28768,27181,0
28770,27183,0
28771,27184,0
28774,27158,0
28775,27187,0
28777,27189,0
28778,27190,0
28781,27193,1
28782,27194,0
28783,27195,0
28784,27196,0
28785,27197,0
28786,27198,0
28787,27199,0
28788,27200,0
28789,27201,0
28790,27202,0
28791,27203,0
28792,27204,0
28794,27206,0
28795,27207,0
28796,27208,0
28797,27172,0
28798,27209,0
28800,27211,0
28801,27212,0
28802,27213,0
28803,27214,0
28804,27215,0
28805,27216,1
28806,27217,0
28807,27218,0
28808,27219,0
28809,27220,0
28810,27221,0
28811,27222,0
28812,27223,0
28814,27225,0
28815,27226,0
28816,27227,0
28817,27228,0
28820,27231,0
28821,27232,0
28822,27233,0
28823,27234,0
28826,27237,0
28827,27238,0
28829,27240,0
28831,27242,1
28832,27243,0
28833,27244,0
28834,27245,0
28835,27246,0
28837,27248,0
28838,27249,0
28839,27250,1
28840,27251,0
28842,27253,0
28845,27256,0
28848,27259,0
28849,27260,0
28850,27261,0
28851,27262,0
28852,27260,0
28853,27263,0
28855,27262,0
28856,27265,0
28857,27266,0
28858,27260,0
28859,27267,0
28860,27268,0
28862,27270,0
28863,27268,0
28864,27271,0
28865,27272,0
28867,27268,0
28868,27274,0
28870,27124,1
28871,27276,0
28872,27277,0
28873,27278,1
28874,27279,0
28875,27277,0
28876,27280,0
28878,27279,1
28880,27283,0
28881,27284,0
28883,27286,0
28885,27288,0
28888,27290,0
28889,27291,0
28890,27292,0
28892,27294,0
28893,27295,0
28895,27297,0
28897,27299,0
28898,27300,0
28899,27301,0
28900,27302,0
28901,27303,0
28902,27304,1
28903,27305,0
28904,27306,0
28906,27308,0
28907,27309,0
28908,27310,0
28909,27311,0
28910,27312,0
28911,27313,0
28912,27314,0
28913,27315,0
28914,27316,0
28916,27318,0
28919,27320,0
28920,27321,0
28921,27322,0
28922,27323,0
28923,27324,0
28925,27326,0
28926,27327,0
28927,27328,0
28930,27331,0
28932,27333,0
28934,27335,0
28935,27336,0
28936,27337,0
28937,27338,0
28939,27340,1
28941,27342,0
28942,27343,0
28943,27344,0
28944,27345,0
28945,27346,0
28946,27347,0
28947,27348,1
28948,27349,0
28949,27346,0
28950,27350,0
28951,27351,0
28952,27352,0
28956,27356,1
28959,27359,0
28961,27361,0
28962,27362,0
28963,27363,0
28964,27364,0
28966,27364,0
28968,27366,0
28969,27367,0
28970,27368,0
28971,27369,0
28972,27370,0
28973,27371,0
28974,27372,0
28975,27373,1
28976,27374,0
28978,27376,0
28980,27378,0
28982,27380,0
28983,27381,0
28985,27383,0
28986,27384,0
28987,27385,0
28988,27386,0
28989,27387,0
28990,27388,1
28992,27390,0
28993,27391,0
28994,27392,0
28995,27393,0
28997,27395,0
28998,27396,0
28999,27397,0
29000,27398,0
29001,27399,0
29003,27401,0
29004,27402,0
29005,27403,0
29007,27405,0
29008,27406,0
29009,27407,0
29010,27408,0
29011,27409,0
29012,27297,0
29015,27412,0
29021,27417,0
29022,27418,0
29023,27419,1
29024,27420,0
29025,27421,0
29027,27423,0
29028,27424,0
29029,27425,0
29030,27426,0
29031,27427,1
29032,27428,0
29033,27429,0
29034,27430,0
29035,27431,0
29036,27432,0
29037,27433,0
29038,27434,0
29039,27435,0
29040,27436,0
29041,27437,0
29042,27438,0
29044,27440,0
29045,27441,0
29046,27442,0
29047,27443,0
29051,27447,1
29052,27448,0
29054,27450,0
29056,27452,0
29058,27454,0
29060,27456,0
29061,27457,0
29063,27459,0
29064,27460,0
29067,27463,0
29069,27465,0
29070,27466,0
29071,27467,0
29072,27468,0
29074,27470,0
29076,27472,1
29077,27473,0
29078,27474,0
29079,27315,0
29080,27475,0
29081,27476,0
29082,27477,0
29083,27478,0
29085,27479,0
29087,27481,1
29089,27482,0
29091,27484,0
29092,27485,0
29093,27486,0
29094,27487,1
29095,27488,0
29101,27493,0
29104,27495,0
29108,27499,0
29109,27500,0
29110,27501,0
29111,27502,0
29113,27504,0
29114,27505,0
29115,27506,0
29116,27507,1
29117,27508,0
29118,27509,0
29120,27511,0
29121,27506,0
29123,27513,0
29124,27514,0
29126,27516,1
29127,27517,0
29129,27519,0
29130,27520,0
29131,27521,0
29132,27522,0
29134,27524,0
29135,27323,0
29137,27526,0
29138,27527,0
29139,27403,0
29140,27528,0
29141,27529,0
29142,27530,0
29144,27532,0
29145,27533,0
29146,27534,0
29148,27536,0
29149,27537,0
29150,27538,0
29151,27539,0
29153,27541,0
29154,27542,0
29156,27542,0
29158,27545,0
29159,27424,0
29160,27345,0
29161,27546,0
29162,27547,0
29163,27548,0
29164,27549,0
29165,27550,0
29166,27551,1
29167,27552,0
29170,27555,0
29171,27368,0
29172,27556,1
29173,27557,0
29175,27559,0
29176,27560,0
29177,27561,0
29180,27564,1
29181,27565,0
29182,27566,0
29183,27567,0
29184,27568,0
29187,27571,0
29188,27572,0
29189,27573,0
29191,27575,0
29193,27577,0
29194,27578,0
29195,27351,0
29197,27580,0
29198,27581,0
29199,27582,0
29200,27583,0
29201,27584,0
29203,27586,0
29204,27587,0
29205,27588,0
29206,27589,0
29210,27593,1
29211,27594,0
29212,27595,0
29213,27596,0
29215,27598,0
29216,27599,0
29218,27601,1
29219,27602,0
29220,27603,0
29221,27604,0
29222,27605,0
29223,27606,0
29224,27607,0
29225,27608,1
29227,27610,0
29230,27613,0
29231,27614,0
29232,27615,0
29233,27616,0
29234,27617,0
29235,27618,0
29237,27620,0
29239,27622,0
29240,27623,0
29241,27624,0
29243,27626,0
29244,27627,0
29246,27629,0
29248,27631,0
29249,27632,0
29250,27633,0
29251,27634,0
29256,27533,0
29257,27639,0
29260,27642,0
29261,27643,0
29263,27645,0
29264,27368,0
29265,27646,1
29266,27647,0
29267,27648,0
29269,27650,0
29270,27651,0
29271,27652,0
29272,27653,0
29273,27654,0
29274,27655,0
29277,27658,0
29278,27659,0
29279,27660,0
29280,27661,1
29281,27662,0
29282,27663,0
29283,27664,0
29286,27667,1
29289,27670,0
29290,27671,0
29293,27288,0
29294,27674,0
29297,27677,0
29298,27678,0
29299,27679,0
29300,27680,0
29301,27681,0
29304,27684,0
29307,27687,0
29308,27688,0
29311,27691,0
29312,27692,0
29313,27693,0
29314,27694,0
29315,27695,0
29316,27696,0
29319,27699,0
29320,27700,0
29321,27701,0
29322,27702,0
29323,27703,0
29324,27704,0
29327,27707,0
29328,27708,0
29329,27709,1
29330,27710,0
29331,27711,0
29333,27713,0
29334,27714,0
29335,27715,0
29337,27717,0
29339,27719,0
29340,27720,0
29341,27721,0
29342,27722,0
29345,27724,1
29346,27725,1
29347,27726,0
29349,27728,0
29350,27729,0
29351,27730,0
29352,27731,1
29355,27734,0
29356,27735,0
29357,27639,0
29358,27736,0
29359,27737,0
29361,27739,0
29364,27742,0
29365,27743,0
29366,27744,0
29367,27745,0
29370,27748,1
29371,27749,1
29374,27752,0
29375,27753,0
29376,27754,0
29377,27755,0
29379,27757,0
29380,27758,0
29383,27761,0
29387,27765,0
29389,27767,0
29390,27768,0
29393,27771,1
29394,27772,0
29396,27774,0
29397,27775,0
29400,27778,0
29402,27780,0
29403,27781,0
29404,27782,0
29405,27783,0
29406,27784,0
29408,27786,1
29409,27787,0
29410,27788,0
29411,27789,0
29412,27790,0
29413,27791,0
29414,27792,0
29415,27793,0
29416,27794,0
29418,27796,0
29419,27797,0
29420,27798,0
29421,27799,1
29422,27800,0
29424,27802,0
29425,27803,0
29426,27804,0
29427,27805,0
29428,27806,0
29429,27807,0
29430,27808,0
29431,27809,0
29433,27811,0
29436,27814,0
29437,27815,0
29441,27819,0
29443,27821,0
29444,27822,0
29445,27823,0
29446,27824,0
29447,27825,0
29448,27826,0
29451,27829,1
29454,27832,0
29455,27833,0
29456,27834,0
29457,27835,0
29458,27836,0
29459,27837,0
29461,27839,0
29463,27841,0
29464,27842,0
29465,27843,1
29466,27844,0
29467,27845,0
29468,27846,0
29469,27847,0
29470,27848,0
29473,27851,0
29474,27852,0
29475,27853,0
29477,27855,0
29481,27859,0
29484,27862,0
29486,27864,0
29488,27866,0
29494,27872,0
29495,27873,0
29496,27874,0
29497,27875,0
29500,27878,0
29501,27879,0
29502,27880,0
29503,27881,0
29504,27882,0
29505,27883,0
29506,27884,0
29507,27885,0
29509,27887,0
29510,27888,1
29511,27889,0
29512,27890,0
29516,27893,0
29517,27894,0
29518,27895,0
29519,27896,0
29520,27897,1
29521,27898,0
29523,27900,1
29524,27901,0
29525,27902,0
29526,27903,0
29527,27904,0
29529,27906,0
29531,27908,0
29533,27910,0
29534,27911,1
29536,27913,0
29537,27914,0
29538,27915,0
29539,27916,0
29540,27917,0
29541,27918,0
29542,27919,0
29544,27921,0
29545,27922,0
29548,27925,0
29549,27926,0
29551,27928,0
29552,27926,0
29553,27929,0
29554,27930,0
29555,27931,0
29556,27932,0
29557,27918,0
29558,27933,0
29559,27934,0
29560,27935,0
29562,27937,1
29563,27938,0
29564,27938,0
29565,27939,0
29567,27941,0
29568,27942,0
29569,27943,0
29570,27944,0
29571,27945,0
29572,27946,0
29573,27947,0
29574,27948,0
29576,27950,0
29577,27951,0
29578,27952,0
29579,27953,0
29580,27954,0
29581,27955,0
29583,27957,0
29584,27958,0
29586,27960,0
29587,27961,0
29588,27962,1
29590,27964,0
29592,27966,0
29593,27967,0
29594,27968,0
29595,27969,0
29596,27970,1
29597,27971,0
29598,27972,0
29600,27974,0
29601,27967,0
29604,27977,0
29605,27978,0
29606,27979,0
29607,27980,0
29608,27981,0
29609,27982,1
29610,27983,1
29611,27984,0
29613,27986,0
29614,27986,0
29615,27987,0
29616,27988,0
29617,27989,0
29618,27990,0
29619,27991,0
29620,27992,0
29621,27993,0
29623,27995,0
29624,27996,0
29625,27997,0
29626,27998,0
29628,28000,0
29629,28001,0
29630,28002,0
29632,28004,0
29634,28006,0
29637,28009,0
29640,28011,0
29642,28013,0
29643,28014,0
29644,28015,0
29645,28016,0
29646,28017,0
29647,28018,0
29648,28019,0
29650,28021,0
29652,28023,0
29654,28025,0
29656,28027,0
29657,28028,0
29659,28030,0
29660,27862,0
29662,28032,0
29663,28033,0
29666,28036,0
29668,28038,1
29670,28009,0
29671,28040,0
29672,28041,0
29674,28043,0
29675,28044,0
29678,28047,0
29679,27882,0
29680,28048,0
29681,28049,0
29682,28050,1
29683,28051,0
29684,28052,0
29686,28054,0
29687,28055,0
29688,28056,0
29689,28057,0
29692,28060,0
29693,28061,0
29694,28062,0
29695,28063,0
29696,28064,0
29697,28065,0
29698,28066,0
29699,28067,0
29700,28068,0
29701,28069,0
29702,28070,0
29703,28071,0
29705,28073,0
29706,28074,0
29707,28075,1
29708,28076,0
29709,28077,0
29710,28078,0
29712,27919,0
29713,28080,0
29714,28081,0
29715,28082,0
29717,28084,0
29718,28085,0
29720,28087,0
29722,28089,0
29723,28089,0
29724,28090,0
29726,28092,1
29729,28095,0
29732,27947,0
29733,28098,0
29734,28099,0
29735,28100,1
29736,28101,0
29738,27934,0
29739,28103,1
29740,28104,0
29741,28105,1
29742,28106,0
29744,28108,0
29745,28109,0
29746,28110,0
29747,28108,1
29748,28111,1
29751,28113,0
29752,28114,0
29753,28015,0
29754,28115,0
29757,28118,0
29758,28119,0
29759,28120,0
29760,28121,0
29762,28123,0
29763,28124,0
29764,28125,0
29765,28126,0
29766,28125,0
29767,28127,1
29768,28128,0
29770,28130,0
29771,28131,1
29772,28132,0
29774,28134,0
29775,28135,0
29778,28137,0
29779,28138,0
29780,28139,0
29781,28140,0
29782,28141,0
29783,28142,0
29787,28146,0
29789,28148,0
29790,28149,0
29792,28080,0
29795,28152,1
29796,28153,0
29797,28154,0
29798,28155,0
29801,28158,0
29802,28159,0
29803,28160,0
29804,28161,0
29805,28162,0
29806,28163,0
29807,28164,0
29808,28165,1
29812,28169,0
29813,28170,0
29815,28172,0
29816,28173,0
29817,28174,0
29818,28175,0
29820,28177,1
29822,28179,0
29823,28180,1
29824,28181,1
29827,28184,0
29830,28187,0
29831,28188,0
29832,28189,0
29833,28190,1
29834,28191,0
29835,28192,0
29837,28194,0
29839,28196,0
29840,28197,0
29841,28198,0
29844,28201,0
29845,28202,0
29847,28204,0
29848,28205,0
29849,28206,0
29850,28207,0
29852,28209,0
29855,28211,0
29857,28213,0
29858,28214,0
29859,28215,0
29861,28216,0
29862,28217,0
29863,28218,0
29865,28220,0
29866,28221,0
29870,28225,0
29871,28226,0
29872,28227,0
29873,28228,0
29874,28229,0
29875,27768,0
29877,28231,0
29879,28233,0
29880,28234,0
29881,28235,0
29883,28237,0
29884,28238,0
29885,28239,0
29886,28240,0
29887,28241,0
29889,28243,0
29890,28244,0
29891,28245,0
29892,28246,0
29894,28248,0
29896,28250,0
29898,28252,0
29902,28256,0
29903,28257,0
29904,28258,0
29905,28259,0
29906,28260,0
29907,28261,0
29908,28262,0
29909,28263,0
29910,28264,0
29911,28265,0
29912,28266,0
29914,28268,0
29915,28269,0
29916,28270,0
29917,28271,0
29918,28272,0
29920,28274,0
29924,28278,0
29925,28279,0
29926,28280,0
29928,28282,0
29929,28283,0
29930,28284,0
29932,28286,0
29933,28287,0
29935,28289,0
29938,28292,0
29939,28293,0
29941,28295,0
29942,28296,0
29945,28299,0
29949,28303,0
29951,28305,0
29952,28306,0
29953,28307,0
29956,28310,0
29957,28311,0
29958,28312,0
29959,28313,0
29960,28314,0
29961,28315,0
29962,28316,0
29963,28317,0
29964,28318,0
29965,28319,0
29966,28320,0
29968,28322,0
29970,28324,1
29971,28325,1
29972,28326,1
29973,28327,0
29974,28328,0
29975,28329,0
29977,28331,1
29978,28332,1
29980,28334,1
29982,28336,0
29983,28337,0
29986,28340,1
29987,28341,0
29989,28342,1
29990,28343,0
29992,28345,0
29993,28346,0
29994,28347,1
29997,28350,0
29999,28352,0
30000,28353,1
30001,28354,1
30002,28355,1
30004,28357,1
30005,28358,1
30006,28359,1
30007,28360,1
30008,28361,1
30009,28362,0
30011,28364,0
30012,28365,0
30013,28366,0
30017,28370,1
30021,28373,1
30022,28374,0
30023,28375,1
30025,28377,1
30027,28379,1
30028,28380,1
30029,28381,0
30030,28382,1
30031,28383,1
30032,28384,1
30034,28386,1
30036,28388,1
30039,28391,1
30040,28392,1
30041,28393,1
30042,28394,0
30043,28395,0
30044,28396,0
30045,28397,1
30048,28400,1
30049,28401,1
30050,28402,1
30052,28404,0
30053,28405,0
30055,28407,1
30056,28408,1
30057,28409,0
30058,28410,1
30060,28412,1
30063,28415,1
30064,28416,0
30065,28417,1
30067,28419,0
30068,28420,0
30070,28422,0
30071,28423,0
30074,28426,0
30075,28427,0
30076,28428,1
30078,28430,0
30080,28432,0
30081,28433,1
30082,28434,1
30083,28435,1
30085,28437,0
30086,28438,0
30088,28440,0
30089,28441,1
30090,28442,0
30091,28443,0
30092,28444,1
30093,28445,0
30094,28445,0
30096,28447,1
30097,28442,1
30099,28449,0
30100,28450,0
30101,28451,1
30102,28451,0
30103,28452,0
30104,28453,0
30105,28454,1
30106,28455,0
30112,28461,1
30115,28464,0
30116,28465,0
30117,28466,0
30118,28467,1
30119,28468,1
30120,28469,1
30121,28470,0
30124,28473,0
30125,28474,0
30126,28475,0
30127,28476,0
30128,28477,0
30129,28476,0
30130,28478,0
30132,28480,1
30133,28481,1
30134,28482,1
30135,28483,1
30136,28484,0
30137,28485,0
30138,28486,1
30140,28488,1
30143,28491,1
30144,28492,0
30145,28493,0
30146,28494,1
30148,28494,1
30149,28496,1
30150,28497,0
30151,28498,0
30152,28499,0
30154,28501,0
30155,28502,0
30157,28504,1
30158,28505,1
30159,28506,1
30161,28508,1
30162,28509,0
30163,28510,0
30166,28512,0
30167,28513,1
30168,28514,1
30169,28512,0
30170,28515,0
30171,28516,0
30173,28518,0
30175,28520,1
30177,28522,1
30178,28523,0
30180,28525,1
30182,28527,1
30183,28528,1
30184,28529,1
30185,28530,1
30187,28532,0
30188,28533,1
30189,28534,1
30190,28535,1
30193,28494,0
30194,28538,1
30195,28539,1
30196,28540,0
30197,28541,1
30198,28494,1
30199,28542,0
30201,28544,0
30202,28545,1
30203,28546,1
30205,28548,0
30207,28550,1
30209,28552,1
30211,28554,0
30212,28555,1
30213,28556,0
30216,28559,0
30217,28560,1
30218,28556,1
30219,28561,1
30220,28562,1
30221,28563,0
30222,28563,0
30224,28565,0
30225,28566,0
30226,28567,0
30227,28568,0
30228,28569,0
30232,28573,0
30233,28574,1
30234,28573,1
30237,28577,0
30238,28578,1
30243,28583,1
30244,28584,0
30245,28585,0
30246,28586,0
30248,28588,0
30250,28590,0
30252,28592,1
30253,28593,1
30255,28595,0
30259,28599,0
30261,28595,0
30262,28595,0
30264,28595,0
30265,28601,0
30266,28602,0
30268,28604,1
30270,28606,1
30271,28607,0
30272,28608,0
30273,28609,1
30274,28610,1
30275,28611,0
30277,28613,1
30280,28615,0
30281,28616,0
30282,28617,1
30283,28601,1
30284,28618,1
30285,28619,0
30288,28622,1
30289,28623,1
30290,28624,0
30292,28626,1
30293,28627,0
30294,28628,1
30297,28631,1
30301,28634,1
30303,28636,1
30304,28637,0
30305,28638,0
30306,28552,0
30307,28639,0
30308,28640,0
30309,28641,1
30310,28642,1
30311,28643,1
30313,28645,0
30316,28648,1
30317,28649,0
30318,28650,0
30319,28651,1
30320,28652,0
30321,28653,0
30323,28655,1
30324,28640,0
30325,28494,0
30326,28656,1
30327,28657,0
30328,28658,0
30329,28659,1
30330,28660,1
30331,28661,0
30332,28662,1
30333,28663,0
30334,28664,0
30336,28666,1
30337,28667,1
30338,28668,0
30339,28669,1
30344,28674,0
30347,28677,0
30348,28678,1
30349,28679,0
30350,28680,1
30351,28681,0
30352,28682,0
30353,28683,0
30354,28684,0
30355,28685,0
30356,28686,1
30357,28476,1
30360,28689,1
30361,28690,1
30362,28691,1
30363,28692,0
30364,28693,0
30366,28694,1
30367,28695,0
30368,28696,1
30369,28697,0
30370,28698,0
30371,28699,0
30372,28700,1
30374,28702,0
30375,28703,0
30376,28704,0
30377,28705,1
30380,28708,0
30383,28711,1
30384,28712,0
30390,28718,0
30391,28719,0
30392,28720,0
30393,28721,1
30398,28725,0
30399,28726,1
30400,28727,1
30401,28728,1
30403,28730,1
30405,28732,0
30406,28733,1
30407,28734,1
30408,28735,1
30409,28482,0
30410,28736,0
30411,28737,1
30413,28739,1
30417,28741,1
30418,28742,1
30419,28743,0
30420,28744,0
30422,28592,1
30425,28748,0
30427,28617,0
30428,28750,1
30431,28753,0
30432,28754,0
30433,28755,0
30434,28756,1
30436,28758,1
30438,28760,0
30439,28761,1
30442,28764,0
30443,28765,0
30444,28766,0
30445,28767,0
30446,28768,0
30447,28769,0
30451,28773,1
30452,28774,1
30454,28776,1
30456,28778,0
30458,28780,1
30459,28781,1
30461,28783,1
30462,28784,1
30463,28785,1
30464,28786,1
30465,28787,0
30466,28788,0
30467,28789,1
30468,28790,1
30469,28791,0
30470,28792,0
30471,28793,1
30472,28794,1
30473,28795,1
30474,28796,0
30475,28797,0
30476,28798,0
30477,28799,0
30479,28801,0
30481,28803,0
30483,28805,0
30484,28806,0
30486,28808,0
30489,28811,0
30491,28813,0
30492,28814,0
30493,28815,1
30494,28816,0
30495,28817,0
30496,28818,1
30497,28819,1
30498,28820,0
30499,28821,0
30501,28823,1
30502,28824,1
30503,28825,0
30507,28829,0
30511,28833,0
30512,28834,0
30513,28835,0
30515,28837,0
30516,28838,1
30517,28839,0
30519,28841,0
30520,28842,0
30521,28843,0
30522,28844,0
30523,28845,0
30524,28846,0
30525,28847,0
30528,28850,0
30530,28852,0
30532,28854,0
30534,28856,0
30535,28857,1
30539,28861,0
30541,28863,0
30542,28864,1
30543,28865,0
30544,28866,1
30546,28868,0
30547,28869,0
30548,28870,0
30551,28873,0
30553,28874,0
30554,28875,0
30555,28876,1
30558,28879,0
30560,28881,0
30561,28882,0
30562,28883,0
30563,28884,0
30564,28885,0
30565,28886,1
30566,28887,0
30568,28889,1
30570,28891,0
30574,28854,0
30576,28792,0
30577,28896,0
30578,28897,0
30579,28898,0
30580,28899,0
30582,28901,0
30584,28903,0
30586,28905,1
30588,28907,0
30589,28908,1
30590,28909,0
30591,28910,1
30593,28912,1
30594,28913,0
30595,28914,1
30598,28917,1
30599,28918,1
30600,28919,0
30602,28921,0
30604,28923,0
30605,28924,0
30606,28925,0
30608,28927,0
30609,28928,0
30610,28929,1
30611,28930,0
30613,28932,0
30614,28933,1
30621,28940,1
30622,28941,0
30623,28942,0
30625,28944,0
30627,28946,1
30628,28947,0
30629,28948,0
30630,28949,0
30631,28950,0
30632,28951,0
30633,28952,0
30634,28953,0
30635,28954,1
30636,28955,0
30637,28956,0
30638,28957,1
30639,28958,0
30641,28960,0
30642,28961,0
30643,28962,0
30645,28964,0
30646,28965,0
30647,28966,0
30648,28967,0
30649,28968,0
30652,28971,0
30653,28972,0
30655,28974,0
30656,28975,0
30657,28976,0
30658,28977,0
30660,28979,0
30662,28981,0
30663,28982,0
30665,28984,0
30666,28985,0
30668,28987,0
30669,28988,0
30671,28990,0
30672,28991,0
30673,28992,0
30678,28997,0
30679,28998,0
30680,28999,0
30682,29001,0
30683,29002,0
30684,29003,0
30686,29004,0
30687,29005,0
30689,29007,0
30690,29008,0
30693,29011,0
30695,29012,0
30696,29013,0
30697,29013,0
30698,29014,0
30699,29012,0
30701,29016,0
30702,29014,0
30703,29017,0
30705,29019,0
30706,29019,0
30707,29020,0
30708,29021,0
30710,29023,0
30712,29025,0
30713,29026,0
30714,29027,0
30715,29028,0
30716,29029,0
30718,29031,0
30720,29032,0
30721,29033,1
30722,29034,0
30723,29035,1
30725,29037,0
30726,29038,0
30727,29039,1
30729,29041,1
30731,29042,0
30739,29050,0
30741,29052,0
30742,29053,0
30743,29054,0
30744,29055,1
30745,29056,0
30746,29057,0
30747,29058,0
30751,29004,0
30753,29062,0
30754,29063,0
30755,29064,0
30756,29065,0
30757,29066,0
30758,29067,0
30760,29069,1
30761,29070,0
30762,29071,0
30763,29072,0
30764,29073,0
30765,29074,0
30767,29076,0
30769,29078,1
30770,29079,0
30771,29080,0
30772,29081,0
30773,29082,0
30774,29083,0
30775,29082,0
30776,29084,0
30778,29013,0
30780,29087,0
30782,29089,0
30783,29090,0
30784,29091,0
30785,29076,0
30786,29092,0
30787,29093,0
30788,29094,1
30790,29096,0
30792,29098,0
30793,29099,0
30796,29102,0
30798,29104,0
30799,29105,0
30800,29106,0
30801,29107,0
30804,29110,0
30805,29111,0
30806,29112,0
30807,29025,0
30808,29110,0
30809,29113,0
30810,29113,0
30811,29113,0
30812,29114,0
30813,29115,0
30815,29117,0
30816,29118,0
30817,29119,0
30818,29120,0
30819,29121,0
30820,29122,0
30821,29123,0
30822,29124,0
30823,29125,0
30824,29124,0
30828,29128,0
30829,29129,0
30830,29130,0
30831,29131,0
30833,29133,0
30834,29134,0
30835,29135,0
30836,29136,0
30837,29137,0
30839,29139,0
30840,29140,0
30841,29141,0
30843,29143,1
30844,29144,1
30846,29146,0
30847,29147,0
30848,29146,0
30850,29149,0
30851,29150,0
30852,29151,0
30855,29154,0
30857,29156,0
30860,29159,0
30861,29160,0
30862,29161,0
30863,29162,0
30864,29163,0
30865,29164,0
30867,29166,0
30868,29164,0
30869,29167,0
30870,29168,0
30871,29169,0
30872,29170,1
30874,29172,0
30876,29174,0
30880,29178,0
30883,29179,0
30884,29180,0
30885,29181,0
30887,29183,1
30888,29184,0
30889,29185,0
30891,29187,0
30892,29188,0
30893,29080,0
30894,29189,0
30895,29190,0
30896,29019,0
30898,29192,0
30901,29195,0
30902,29196,0
30903,29197,0
30905,29199,0
30907,29201,0
30909,29203,0
30910,29204,0
30911,29205,0
30912,29206,0
30913,29207,0
30914,29208,0
30915,29209,0
30919,29213,0
30920,29214,0
30921,29215,0
30922,29216,0
30923,29217,0
30924,29218,0
30926,29220,0
30927,29221,0
30928,29222,0
30929,29223,0
30930,29224,0
30931,29225,0
30932,29226,0
30933,29227,0
30934,29228,0
30935,29013,0
30936,29229,1
30937,29230,0
30938,29231,0
30939,29232,0
30940,29233,0
30941,29234,1
30942,29234,0
30943,29235,0
30944,29236,0
30945,29237,0
30947,29239,0
30948,29240,0
30949,29241,0
30950,29242,0
30952,29244,0
30954,29246,0
30955,29247,0
30956,29248,0
30957,29249,0
30959,29251,0
30960,29252,0
30961,29253,0
30962,29254,0
30964,29256,0
30965,29257,1
30969,29260,0
30971,29261,0
30972,29262,0
30973,29263,0
30974,29264,0
30977,29267,1
30978,29268,0
30979,29269,0
30980,29270,0
30981,29271,0
30982,29272,0
30983,29273,0
30984,29274,0
30986,29239,0
30987,29276,0
30988,29277,0
30989,29278,0
30990,29279,0
30991,29280,0
30992,29281,1
30994,29225,0
30995,29283,0
30996,29284,0
30997,29285,0
30998,29286,0
30999,29287,0
31000,29288,0
31001,29289,0
31003,29160,0
31006,29293,0
31007,29294,0
31008,29295,0
31010,29297,0
31014,29301,0
31015,29302,0
31016,29303,0
31018,29305,0
31019,29306,0
31022,29309,0
31023,29310,0
31024,29311,0
31025,29312,0
31026,29313,0
31027,29314,0
31029,29316,0
31030,29317,0
31033,29320,0
31034,29321,0
31035,29322,0
31036,29323,0
31037,29324,0
31039,29326,0
31040,29327,0
31041,29328,0
31042,29329,0
31043,29330,0
31044,29331,0
31045,29332,0
31046,29333,0
31047,29334,0
31048,29335,0
31049,29336,0
31050,29337,0
31051,29338,0
31052,29339,0
31053,29340,1
31054,29341,0
31055,29342,0
31056,29343,0
31057,29344,0
31059,29346,0
31060,29347,0
31061,29348,0
31062,29349,0
31063,29350,0
31064,29341,0
31065,29351,0
31066,29352,0
31067,29353,0
31068,29354,0
31070,29356,0
31071,29357,0
31074,29360,0
31076,29362,0
31077,29363,0
31078,29364,0
31079,29365,0
31080,29366,0
31086,29372,0
31087,29373,0
31088,29374,1
31092,29378,0
31093,29379,0
31094,29380,0
31096,29382,0
31097,29383,0
31099,29385,0
31100,29386,0
31101,29387,0
31102,29388,1
31103,29389,0
31104,29390,0
31105,29391,0
31106,29392,0
31107,29393,0
31108,29394,0
31109,29395,0
31110,29396,0
31111,29397,0
31112,29398,0
31113,29399,0
31118,29404,1
31120,29406,0
31121,29407,1
31125,29410,0
31126,29411,0
31127,29412,0
31128,29413,0
31129,29414,0
31132,29416,0
31133,29417,0
31134,29418,0
31135,29419,0
31136,29420,0
31137,29421,0
31139,29423,1
31140,29420,0
31141,29424,0
31142,29425,0
31146,29429,0
31147,29419,0
31148,29430,0
31149,29431,0
31153,29435,0
31154,29436,0
31156,29431,0
31159,29440,0
31162,29443,0
31163,29444,1
31164,29445,0
31166,29447,0
31167,29448,0
31168,29449,0
31169,29450,0
31170,29451,0
31172,29453,0
31174,29455,0
31175,29456,0
31179,29460,0
31180,29461,1
31181,29462,0
31182,29463,1
31183,29464,0
31185,29466,0
31186,29467,0
31187,29468,0
31189,29470,0
31190,29471,0
31191,29471,0
31192,29472,0
31194,29474,0
31196,29476,0
31197,29477,0
31201,29481,0
31202,29482,0
31206,29485,0
31208,29487,0
31209,29488,0
31210,29489,0
31214,29493,0
31215,29494,0
31216,29495,0
31217,29496,0
31218,29497,0
31219,29456,0
31220,29498,0
31221,29499,0
31223,29501,0
31226,29504,0
31227,29505,0
31229,29507,0
31230,29508,0
31231,29509,0
31233,29511,0
31238,29516,0
31240,29518,0
31241,29519,1
31244,29522,0
31245,29523,0
31247,29525,0
31249,29527,0
31250,29528,0
31251,29529,0
31252,29530,0
31254,29532,0
31255,29533,0
31256,29534,0
31257,29535,0
31258,29536,1
31261,29539,0
31263,29541,0
31264,29542,0
31266,29544,0
31267,29545,0
31268,29546,0
31269,29547,0
31270,29548,0
31271,29549,0
31272,29550,0
31273,29551,1
31277,29555,0
31278,29556,0
31280,29558,0
31281,29559,0
31283,29561,0
31284,29562,0
31285,29563,0
31286,29563,0
31289,29566,0
31290,29567,0
31291,29568,0
31292,29569,1
31293,29570,0
31294,29571,0
31295,29571,0
31296,29572,0
31298,29574,0
31299,29349,0
31300,29575,0
31301,29576,0
31302,29577,0
31303,29578,0
31307,29582,1
31308,29583,0
31309,29584,0
31310,29585,0
31311,29586,0
31313,29588,0
31315,29590,0
31316,29591,0
31317,29592,0
31319,29519,0
31320,29594,0
31321,29595,0
31322,29596,1
31323,29597,0
31324,29598,0
31325,29481,0
31326,29599,0
31327,29600,0
31328,29601,0
31330,29603,0
31331,29604,0
31332,29605,1
31333,29606,0
31334,29607,0
31335,29608,0
31338,29611,0
31339,29611,0
31341,29613,0
31343,29614,0
31344,29615,0
31345,29616,0
31346,29617,0
31347,29618,0
31348,29619,0
31349,29620,0
31350,29621,0
31351,29622,0
31352,29623,0
31354,29624,0
31355,29625,0
31356,29626,0
31357,29627,0
31358,29628,0
31359,29629,0
31360,29630,0
31361,29631,0
31362,29632,0
31363,29633,0
31365,29635,0
31366,29636,0
31367,29637,1
31368,29493,0
31370,29639,0
31371,29640,0
31372,29641,0
31374,29643,0
31375,29644,0
31376,29645,0
31378,29647,0
31379,29648,0
31382,29651,0
31384,29653,0
31386,29655,0
31387,29391,0
31389,29657,0
31390,29658,0
31391,29659,0
31392,29660,0
31394,29662,0
31395,29663,0
31396,29664,0
31399,29667,0
31400,29668,1
31401,29669,0
31402,29670,0
31403,29671,0
31404,29672,1
31406,29674,0
31407,29675,1
31408,29676,0
31409,29677,0
31410,29678,0
31411,29679,0
31412,29680,0
31414,29682,0
31415,29683,0
31416,29684,0
31417,29685,0
31418,29686,0
31419,29687,0
31420,29688,0
31424,29692,0
31425,29693,0
31426,29694,0
31428,29696,0
31429,29697,0
31430,29698,0
31432,29563,0
31433,29700,0
31434,29701,0
31435,29702,0
31436,29703,1
31439,29706,0
31446,29713,0
31447,29714,0
31448,29715,0
31449,29716,0
31450,29717,0
31451,29718,0
31452,29719,0
31453,29720,0
31454,29721,0
31455,29722,0
31456,29723,0
31457,29724,0
31460,29727,0
31461,29728,0
31462,29729,0
31464,29731,0
31465,29732,0
31466,29733,0
31469,29736,0
31470,29737,0
31471,29738,0
31472,29662,0
31477,29742,0
31478,29743,0
31480,29745,0
31482,29747,0
31483,29748,0
31484,29749,0
31485,29750,0
31487,29752,0
31488,29335,0
31489,29753,0
31492,29756,0
31493,29757,0
31495,29759,0
31497,29761,0
31498,29762,0
31500,29764,0
31502,29766,0
31503,29767,1
31504,29768,0
31505,29769,0
31506,29770,0
31508,29772,0
31509,29773,1
31512,29775,0
31513,29776,0
31514,29777,0
31515,29778,0
31519,29782,0
31520,29783,0
31521,29784,1
31522,29785,0
31523,29786,0
31525,29788,0
31526,29789,0
31527,29790,0
31528,29791,0
31529,29792,0
31532,29795,0
31533,29796,0
31534,29797,0
31536,29799,0
31537,29800,0
31539,29802,0
31540,29803,0
31541,29804,0
31543,29806,0
31544,29807,0
31545,29808,0
31546,29809,0
31547,29810,0
31548,29811,0
31549,29810,0
31550,29812,0
31551,29813,0
31552,29814,0
31553,29815,0
31554,29816,0
31555,29817,0
31558,29820,1
31560,29822,0
31561,29823,0
31562,29824,0
31563,29825,0
31566,29828,0
31567,29829,0
31568,29830,0
31569,29831,0
31570,29832,0
31571,29833,0
31572,29834,0
31573,29835,0
31574,29836,0
31577,29839,0
31578,29833,0
31579,29840,0
31580,29841,0
31582,29843,0
31583,29844,0
31585,29846,0
31587,29848,0
31588,29849,0
31589,29850,0
31590,29851,1
31591,29852,0
31592,29850,0
31594,29854,0
31595,29855,0
31596,29852,0
31597,29856,0
31598,29857,0
31599,29858,0
31600,29859,0
31601,29860,0
31604,29863,0
31605,29864,0
31606,29865,0
31607,29866,0
31608,29867,0
31609,29868,0
31610,29869,0
31612,29871,0
31613,29872,0
31614,29873,0
31616,29875,0
31617,29876,0
31618,29877,0
31622,29881,0
31623,29882,0
31626,29885,0
31627,29886,0
31628,29886,0
31629,29887,0
31630,29888,0
31633,29891,0
31634,29892,0
31635,29893,0
31636,29894,0
31638,29896,0
31639,29897,0
31640,29898,0
31641,29898,0
31642,29899,0
31643,29900,0
31644,29901,0
31645,29902,0
31646,29903,0
31647,29904,0
31648,29905,1
31649,29906,0
31650,29907,0
31651,29908,0
31655,29912,0
31657,29913,1
31658,29914,1
31659,29915,0
31660,29916,0
31661,29917,0
31662,29918,0
31663,29915,0
31664,29919,0
31665,29920,1
31667,29922,0
31671,29926,0
31672,29927,0
31673,29928,0
31675,29930,0
31676,29931,0
31677,29932,0
31678,29933,0
31679,29934,0
31680,29935,0
31681,29933,0
31682,29936,0
31684,29938,0
31686,29940,0
31687,29941,0
31688,29942,0
31690,29944,0
31692,29946,0
31693,29947,0
31695,29949,0
31697,29951,0
31698,29952,0
31700,29954,1
31701,29951,0
31704,29957,0
31705,29958,1
31706,29959,0
31707,29960,0
31708,29961,0
31709,29962,0
31710,29963,0
31712,29965,0
31714,29965,0
31715,29967,0
31717,29969,0
31718,29970,0
31720,29972,0
31721,29973,0
31722,29974,0
31723,29975,0
31726,29978,0
31727,29979,0
31728,29980,0
31729,29981,0
31731,29983,0
31732,29984,0
31734,29986,0
31735,29987,0
31736,29984,0
31738,29989,0
31739,29990,0
31743,29994,0
31745,29996,0
31747,29997,0
31748,29998,0
31750,30000,0
31751,30001,0
31753,30003,0
31754,30004,1
31755,30005,0
31758,30008,0
31759,30009,0
31760,30010,0
31761,30011,0
31762,30012,0
31763,30013,0
31764,30014,0
31765,30015,0
31766,30016,0
31767,30017,0
31770,30020,0
31771,30021,0
31773,30023,0
31774,30024,1
31775,30025,0
31776,30026,0
31777,30027,0
31778,30028,0
31779,30029,0
31780,30030,0
31781,30031,0
31782,29867,0
31783,30032,0
31784,30033,0
31786,30035,0
31788,30037,0
31789,30038,0
31790,30039,0
31791,30040,1
31792,30041,0
31794,30042,0
31795,30042,0
31796,30043,0
31797,30044,0
31800,30047,0
31801,30048,0
31802,30048,0
31803,30049,0
31804,30048,0
31805,30050,0
31806,30043,1
31808,30052,0
31809,30052,0
31810,30053,0
31811,30054,0
31813,30056,0
31814,30057,0
31815,30058,0
31816,30059,1
31817,30060,0
31818,30061,0
31820,30063,0
31821,30064,0
31822,30065,0
31823,30066,0
31824,30067,0
31826,30069,0
31828,30071,0
31829,30072,1
31830,30073,0
31831,30074,0
31832,30075,0
31834,29871,0
31835,30077,0
31837,30079,0
31838,30080,0
31840,30082,0
31842,30084,0
31843,30085,0
31844,30086,0
31845,30087,0
31847,30089,0
31848,30090,0
31849,30091,0
31850,30092,0
31851,30093,0
31852,30094,0
31853,30095,0
31854,30096,0
31855,30097,0
31857,30099,0
31858,30100,0
31859,30101,0
31861,30103,0
31862,30104,0
31863,30105,0
31864,30106,0
31866,30108,0
31867,30109,1
31868,30110,0
31870,30112,1
31871,30113,0
31872,30114,0
31873,30115,0
31874,30116,0
31875,30117,1
31879,30121,0
31881,30123,0
31882,30124,0
31883,30125,0
31884,30126,0
31885,30127,1
31887,30129,0
31888,30130,0
31890,30132,0
31891,30133,0
31892,30134,0
31893,30135,0
31894,30136,0
31895,30137,0
31896,30138,1
31897,30139,0
31898,30140,0
31900,30142,0
31901,30143,0
31902,30144,0
31903,30145,0
31904,30146,0
31906,30148,0
31907,29904,0
31908,30149,0
31909,30150,0
31910,30151,0
31912,30153,0
31914,30155,0
31915,30156,0
31916,30157,0
31917,30158,0
31919,30160,0
31921,30162,0
31922,30163,0
31923,30164,0
31924,30165,0
31925,30166,0
31926,30167,0
31928,30169,0
31929,30170,0
31932,30173,1
31933,30174,0
31935,30176,0
31936,30177,0
31937,30178,0
31938,30179,0
31940,30181,0
31941,30182,0
31942,30183,0
31943,30184,0
31944,30185,1
31946,30187,0
31947,30188,0
31949,30190,0
31950,30191,0
31951,30192,0
31952,30193,0
31953,30194,0
31955,30196,0
31956,30197,0
31957,30198,0
31958,30199,0
31960,30201,0
31961,30202,0
31962,30146,0
31964,30204,0
31969,30209,0
31972,30212,0
31973,30213,0
31974,30214,0
31975,30215,0
31976,30216,0
31977,30217,0
31978,30218,0
31981,30221,1
31983,30223,0
31985,30225,0
31986,30150,0
31988,30227,0
31989,30228,1
31991,30230,0
31992,30231,0
31993,30232,0
31994,30233,0
31995,30234,0
31996,30235,0
31999,30238,0
32000,30239,0
32001,30240,0
32002,30241,0
32007,30246,0
32008,30247,0
32009,30248,0
32010,30249,0
32011,30250,0
32012,30251,0
32013,30252,1
32015,30254,0
32016,30255,0
32017,30256,0
32018,30257,0
32020,30259,0
32021,30260,0
32023,30262,0
32025,30264,0
32027,30266,0
32028,29965,0
32029,30267,1
32031,30269,1
32033,30271,0
32035,30273,0
32036,30274,0
32037,30275,0
32039,30277,0
32040,30278,0
32041,30279,0
32042,30031,0
32043,30280,0
32044,30281,0
32045,30282,0
32047,30284,0
32048,30285,0
32051,30287,0
32052,29897,0
32054,30288,0
32055,30289,0
32056,30290,0
32059,30293,0
32060,30294,0
32061,30295,0
32062,30296,0
32066,30300,0
32067,30301,0
32068,30302,0
32070,30304,0
32071,30305,0
32072,30306,0
32074,30308,0
32075,30309,1
32077,30311,0
32078,30312,0
32079,30313,0
32081,30315,0
32083,30317,0
32084,30317,0
32086,30319,0
32087,30320,0
32088,30321,0
32089,30322,0
32091,30324,0
32092,30325,0
32093,30326,1
32094,30327,0
32095,30328,0
32099,30332,0
32100,30333,0
32101,30334,0
32102,30335,0
32103,30336,0
32105,30326,0
32106,30338,1
32107,30339,0
32108,30340,0
32110,30342,0
32111,30343,0
32112,30344,0
32114,30346,0
32115,30347,0
32116,30348,0
32118,30350,0
32120,30352,0
32121,30353,0
32122,30354,0
32123,30355,0
32124,30356,0
32125,30357,0
32126,30358,0
32127,30359,0
32128,30360,0
32129,30361,0
32130,30358,0
32131,30361,0
32132,30362,0
32133,30363,0
32135,30365,0
32136,30366,0
32137,30367,0
32138,30368,1
32140,30370,0
32142,30372,0
32144,30374,0
32148,30377,0
32149,30378,0
32150,30379,0
32152,30381,0
32154,30383,0
32155,30384,0
32156,30385,0
32157,30386,0
32158,30387,0
32159,30388,0
32160,30389,0
32161,30390,0
32162,30391,0
32163,30392,0
32164,30393,0
32167,30396,0
32168,30397,0
32169,30398,0
32170,30399,0
32175,30404,0
32176,30405,0
32177,30406,0
32178,30407,0
32179,30408,0
32180,30409,0
32181,30410,0
32182,30411,0
32183,30412,0
32185,30414,0
32186,30415,0
32187,30416,0
32188,30417,0
32189,30418,0
32190,30419,0
32191,30420,1
32193,30422,0
32194,30423,0
32195,30424,0
32196,30425,0
32199,30428,0
32200,30429,0
32201,30430,1
32202,30431,0
32204,30433,0
32205,30434,0
32206,30435,0
32208,30437,1
32209,30438,0
32211,30440,0
32212,30441,0
32216,30445,0
32217,30446,0
32218,30447,0
32219,30448,0
32220,30449,0
32223,30452,0
32224,30453,0
32227,30455,0
32228,30456,0
32229,30457,0
32230,30458,0
32231,30459,0
32232,30460,0
32234,30462,0
32237,30465,0
32239,30467,0
32240,30437,0
32241,30468,0
32242,30469,0
32243,30470,0
32244,30471,0
32249,30475,0
32250,30476,0
32251,30477,0
32252,30478,0
32255,30481,0
32256,30482,0
32257,30483,0
32258,30484,1
32262,30488,0
32263,30489,0
32267,30493,0
32268,30494,0
32269,30495,0
32271,30497,0
32273,30499,0
32274,30500,0
32275,30501,0
32279,30505,0
32281,30507,0
32282,30508,0
32283,30509,0
32284,30510,0
32286,30512,0
32288,30514,1
32289,30515,0
32290,30516,0
32291,30517,0
32293,30519,0
32294,30520,0
32295,30521,0
32297,30523,0
32298,30524,0
32299,30525,0
32301,30527,1
32302,30528,0
32303,30529,0
32304,30530,0
32306,30532,0
32307,30533,0
32308,30534,0
32309,30534,0
32310,30535,0
32312,30537,0
32313,30538,0
32315,30540,0
32316,30541,0
32317,30542,1
32318,30543,0
32319,30544,0
32321,30546,0
32322,30547,0
32324,30549,0
32325,30550,0
32326,30551,0
32327,30552,0
32329,30554,0
32330,30555,0
32331,30321,0
32333,30557,0
32336,30560,0
32337,30561,0
32338,30562,0
32340,30564,0
32341,30565,1
32342,30566,0
32343,30567,0
32344,30568,0
32345,30569,0
32346,30570,0
32347,30571,0
32348,30572,1
32349,30570,1
32350,30573,0
32351,30572,1
32352,30574,0
32353,30434,0
32354,30575,0
32355,30576,0
32356,30577,0
32360,30435,0
32362,30582,0
32363,30583,0
32364,30584,0
32365,30585,0
32369,30589,0
32370,30590,0
32371,30591,0
32375,30594,0
32376,30595,0
32377,30596,0
32378,30597,0
32379,30598,0
32381,30600,0
32383,30602,0
32384,30603,0
32385,30604,0
32386,30605,0
32388,30607,0
32389,30608,0
32390,30609,0
32391,30610,0
32392,30611,0
32393,30612,0
32394,30613,0
32395,30614,0
32399,30618,0
32400,30619,0
32402,30621,0
32403,30622,0
32404,30623,0
32405,30624,0
32406,30625,0
32407,30626,0
32408,30627,0
32409,30628,0
32410,30629,0
32411,30630,0
32413,30632,0
32414,30633,0
32415,30634,0
32416,30635,0
32418,30637,0
32419,30638,0
32420,30639,0
32421,30640,0
32422,30641,0
32424,30643,0
32427,30645,0
32428,30646,0
32429,30647,0
32430,30648,0
32433,30651,0
32435,30653,0
32436,30654,0
32439,30657,0
32440,30658,0
32441,30659,0
32442,30660,0
32445,30663,0
32446,30664,0
32447,30665,0
32448,30666,0
32449,30667,0
32452,30670,0
32453,30671,0
32454,30672,0
32455,30673,0
32457,30675,0
32459,30677,0
32460,30678,0
32461,30679,0
32463,30681,0
32465,30683,0
32466,30684,0
32468,30686,0
32471,30689,0
32473,30691,0
32474,30321,0
32475,30692,0
32476,30693,0
32478,30695,0
32481,30698,0
32482,30699,0
32483,30700,1
32485,30702,0
32486,30703,0
32487,30704,0
32489,30706,0
32491,30708,0
32492,30709,0
32493,30710,0
32494,30711,0
32495,30712,1
32496,30713,0
32498,30715,0
32499,30716,0
32500,30717,1
32503,30720,0
32504,30721,0
32505,30722,0
32506,30723,0
32507,30724,0
32508,30725,0
32510,30727,0
32511,30728,0
32512,30729,0
32513,30730,0
32514,30731,0
32515,30732,0
32518,30734,0
32519,30638,0
32520,30735,0
32521,30736,0
32522,30737,0
32523,30738,0
32524,30739,0
32525,30740,0
32526,30741,0
32528,30743,0
32530,30745,0
32532,30746,0
32537,30749,0
32538,30750,0
32539,30751,0
32540,30752,0
32542,30754,0
32543,30755,0
32544,30756,0
32547,30759,0
32548,30760,0
32549,30750,0
32550,30761,0
32552,30763,0
32553,30764,0
32554,30765,0
32555,30766,0
32556,30767,0
32557,30768,0
32558,30769,0
32560,30771,0
32562,30773,0
32563,30774,0
32564,30775,0
32565,30776,0
32566,30777,0
32568,30779,0
32570,30781,0
32571,30782,0
32572,30783,0
32573,30784,0
32574,30785,0
32575,30786,0
32576,30787,0
32580,30791,0
32581,30792,0
32582,30793,0
32583,30794,0
32585,30796,0
32586,30797,0
32588,30799,0
32589,30800,0
32590,30801,0
32591,30802,0
32592,30803,1
32593,30804,0
32594,30805,0
32595,30804,0
32597,30807,0
32598,30808,0
32600,30810,0
32601,30811,0
32602,30812,0
32603,30813,0
32604,30812,0
32605,30814,0
32607,30816,0
32611,30820,0
32612,30821,0
32613,30821,0
32615,30823,0
32619,30823,0
32620,30827,0
32621,30828,0
32622,30829,0
32623,30830,0
32624,30831,0
32625,30832,0
32626,30833,0
32627,30834,0
32629,30836,0
32630,30837,0
32631,30838,0
32632,30839,0
32633,30840,0
32634,30841,0
32635,30842,0
32636,30843,0
32637,30844,0
32638,30828,1
32639,30836,1
32641,30846,0
32642,30847,0
32643,30848,0
32644,30849,0
32646,30851,0
32648,30853,0
32649,30854,0
32650,30855,0
32652,30857,0
32653,30858,0
32654,30859,1
32655,30860,0
32657,30862,0
32658,30863,0
32659,30864,0
32660,30864,0
32661,30865,0
32663,30867,0
32664,30868,1
32665,30869,1
32666,30870,0
32667,30871,0
32668,30872,1
32669,30873,0
32670,30874,0
32671,30875,0
32672,30876,0
32674,30878,0
32675,30879,0
32676,30878,0
32677,30880,0
32678,30881,0
32680,30883,0
32681,30884,0
32682,30885,0
32683,30886,0
32685,30888,0
32688,30891,0
32690,30893,0
32691,30894,0
32692,30895,0
32693,30896,0
32694,30897,0
32695,30898,0
32698,30901,0
32699,30902,0
32701,30904,0
32702,30905,0
32703,30906,0
32704,30907,0
32705,30908,0
32706,30909,0
32707,30910,0
32709,30912,0
32710,30913,0
32711,30914,0
32712,30915,0
32713,30913,0
32714,30916,0
32716,30918,0
32717,30919,1
32718,30920,0
32719,30921,0
32720,30922,1
32721,30923,0
32723,30923,0
32724,30925,0
32726,30927,0
32727,30928,0
32728,30929,1
32731,30932,0
32732,30933,0
32733,30934,0
32734,30935,0
32737,30938,0
32738,30939,0
32739,30940,0
32740,30941,0
32742,30943,0
32743,30944,0
32744,30945,0
32745,30943,0
32746,30946,0
32747,30947,0
32748,30948,0
32749,30949,0
32750,30950,0
32751,30951,0
32752,30952,0
32754,30954,0
32755,30955,0
32756,30956,0
32757,30957,0
32758,30958,0
32759,30959,0
32760,30960,0
32761,30961,0
32762,30962,0
32763,30963,0
32765,30965,0
32766,30966,0
32767,30960,0
32768,30967,0
32769,30968,0
32770,30969,0
32773,30972,0
32775,30974,0
32777,30976,0
32778,30977,0
32780,30979,0
32781,30980,0
32782,30981,0
32785,30984,0
32788,30987,0
32789,30988,0
32790,30989,1
32794,30992,0
32796,30993,0
32797,30994,0
32798,30995,0
32799,30996,0
32801,30998,0
32802,30999,0
32803,31000,0
32804,31001,0
32807,31004,0
32809,31006,0
32810,31007,0
32811,31008,0
32812,31009,0
32814,31011,1
32815,31012,0
32816,31013,0
32817,31014,0
32819,31016,0
32820,31017,0
32821,31018,0
32824,31021,0
32826,30885,0
32827,31023,0
32828,31024,0
32830,30836,1
32831,31026,0
32832,31027,0
32833,31028,0
32834,31029,0
32835,31030,0
32836,31031,0
32837,31031,0
32839,31033,0
32840,31034,0
32841,31035,0
32844,31038,0
32846,31040,0
32847,31041,0
32848,31042,0
32849,31043,0
32850,31044,0
32851,30952,0
32852,31045,0
32853,31046,0
32854,31047,0
32855,31048,0
32856,31049,0
32857,31050,0
32858,31051,0
32859,30952,0
32860,31049,0
32861,31052,0
32862,31053,1
32864,31055,0
32865,31056,0
32866,30898,0
32867,31057,0
32868,31058,0
32870,30863,0
32872,31061,1
32875,31064,0
32876,31065,0
32877,31066,0
32879,31068,0
32880,31069,0
32881,31070,1
32882,31071,0
32886,31075,0
32887,31076,0
32889,31078,0
32890,31079,0
32891,31080,0
32894,31083,0
32895,31084,0
32896,31085,0
32898,31087,0
32899,31088,0
32901,31090,0
32903,31092,0
32904,31093,0
32905,31094,0
32906,31092,0
32907,31095,0
32908,31096,0
32909,31097,0
32910,31098,0
32911,31099,0
32912,31100,0
32914,31102,0
32915,31103,0
32916,31104,0
32918,31106,0
32919,31107,0
32920,31108,0
32921,31109,0
32922,31110,0
32924,31112,0
32926,31114,0
32927,31115,0
32928,31116,0
32930,31118,0
32931,31119,0
32932,31120,0
32935,31122,0
32937,31124,0
32938,31125,0
32939,31126,0
32940,31127,0
32941,31128,0
32942,31129,0
32943,31130,0
32944,31131,0
32945,31132,0
32947,31134,0
32948,31135,0
32949,31136,0
32951,31138,0
32952,31139,0
32954,31141,0
32956,31143,0
32958,31144,0
32960,31146,0
32961,31147,0
32962,31148,0
32964,31150,0
32965,31151,0
32966,31152,0
32967,31153,0
32969,31155,0
32971,31157,0
32972,31158,0
32977,31163,0
32978,31164,0
32979,31165,0
32980,31166,0
32981,31167,0
32985,31171,0
32987,31173,0
32988,31174,1
32989,31175,0
32990,31176,0
32993,31179,0
32994,31180,0
32996,31182,0
32997,31183,0
32998,31184,0
33005,31191,0
33007,31193,0
33008,31194,0
33014,31200,0
33015,31201,0
33018,31204,0
33019,31205,0
33021,31207,0
33022,31208,0
33023,31209,0
33024,31109,0
33025,31210,0
33027,31212,0
33028,31213,0
33029,31214,0
33030,31215,0
33031,31216,0
33032,31217,0
33033,31218,0
33034,31219,0
33037,31222,0
33038,31223,0
33039,31224,0
33040,31225,0
33041,31226,0
33044,31229,0
33045,31230,0
33046,31231,1
33047,31232,0
33048,31233,0
33049,31234,0
33052,31237,0
33055,31240,0
33056,31241,0
33057,31242,0
33059,31244,0
33060,31245,1
33061,31246,0
33062,31155,0
33063,31247,0
33064,31248,0
33067,31251,0
33068,31252,0
33070,31254,0
33072,31256,0
33073,31257,0
33075,31259,0
33081,31265,0
33082,31266,0
33083,31267,0
33084,31268,0
33085,31269,0
33086,31270,0
33090,31274,0
33092,31276,0
33094,31278,0
33095,31279,0
33096,31280,0
33097,31281,0
33099,31283,0
33101,31285,0
33102,31286,0
33103,31287,0
33104,31288,0
33105,31289,0
33106,31290,0
33108,31292,0
33109,31293,0
33110,31294,0
33111,31295,0
33113,31297,0
33115,31299,0
33116,31300,0
33117,31301,0
33119,31303,0
33120,31304,0
33121,31305,0
33124,31308,1
33125,31309,0
33126,31310,0
33128,31312,0
33129,31313,1
33131,31315,0
33132,31316,0
33133,31317,0
33134,31318,0
33137,31321,0
33140,31324,0
33141,31325,0
33147,31331,0
33148,31332,0
33151,31335,0
33153,31337,0
33154,31338,1
33156,31340,0
33158,31342,0
33159,31343,0
33160,31344,0
33161,31345,0
33162,31346,0
33163,31347,0
33165,31349,0
33166,31350,0
33167,31351,0
33168,31352,0
33169,31353,0
33170,31350,0
33171,31354,0
33173,31356,0
33174,31357,1
33177,31360,0
33178,31361,1
33179,31347,0
33180,31362,0
33181,31363,0
33182,31364,0
33183,31365,0
33186,31368,0
33188,31370,0
33189,31371,0
33191,31373,1
33192,31374,0
33193,31375,0
33195,31374,0
33196,31377,0
33197,31378,0
33198,31379,0
33199,31380,0
33200,31381,1
33201,31382,0
33204,31385,0
33206,31387,0
33207,31388,0
33208,31389,0
33209,31390,0
33211,31392,0
33212,31393,0
33214,31395,0
33215,31396,1
33216,31397,0
33217,31398,1
33219,31400,0
33221,31402,1
33222,31403,0
33223,31404,0
33224,31405,0
33225,31406,0
33226,31407,0
33227,31408,0
33228,31409,0
33229,31410,1
33230,31411,0
33232,31413,0
33233,31414,0
33235,31416,0
33237,31418,0
33238,31419,0
33239,31420,0
33240,31421,0
33245,31425,0
33246,31426,0
33247,31427,0
33250,31430,0
33251,31259,0
33254,31433,0
33255,31434,0
33258,31437,0
33260,31439,0
33262,31441,0
33263,31442,0
33265,31444,0
33266,31445,0
33268,31447,0
33270,31449,0
33272,31451,0
33273,31452,0
33275,31454,0
33276,31455,0
33277,31456,0
33278,31457,0
33281,31460,0
33282,31461,0
33283,31462,0
33284,31463,0
33286,31465,0
33287,31466,0
33288,31467,0
33289,31468,0
33293,31472,0
33295,31474,0
33298,31477,0
33299,31478,0
33300,31479,0
33303,31481,0
33304,31482,0
33305,31483,0
33306,31484,0
33307,31485,0
33308,31486,0
33309,31487,0
33310,31488,0
33313,31490,0
33314,31491,0
33315,31492,0
33318,31495,1
33320,31497,1
33321,31498,0
33322,31499,0
33323,31500,0
33324,31501,0
33325,31502,0
33326,31503,0
33327,31501,0
33329,31505,0
33330,31506,0
33331,31507,0
33332,31508,0
33333,31509,0
33335,31511,0
33336,31512,0
33337,31513,0
33338,31511,0
33341,31516,0
33342,31517,1
33343,31518,0
33345,31520,0
33346,31521,0
33347,31522,0
33348,31523,0
33349,31524,0
33350,31525,0
33351,31526,0
33353,31528,0
33354,31529,0
33357,31532,0
33358,31533,0
33359,31529,1
33363,31537,0
33364,31538,0
33365,31539,0
33367,31541,0
33368,31542,0
33369,31543,0
33371,31544,0
33373,31546,0
33374,31547,0
33375,31548,0
33377,31549,0
33378,31550,0
33379,31551,0
33380,31552,0
33381,31553,0
33382,31554,1
33384,31556,0
33385,31557,0
33386,31558,1
33387,31559,0
33388,31560,0
33389,31561,0
33390,31562,0
33395,31567,0
33396,31568,0
33398,31505,1
33399,31570,0
33400,31571,0
33401,31572,0
33402,31573,0
33404,31575,0
33406,31577,0
33407,31578,0
33408,31579,0
33410,31581,0
33414,31585,0
33415,31586,0
33418,31589,0
33419,31590,0
33421,31591,0
33422,31592,0
33423,31593,0
33424,31594,0
33425,31595,1
33426,31596,0
33428,31598,0
33429,31599,0
33430,31600,0
33432,31602,0
33434,31604,0
33435,31605,0
33436,31606,0
33437,31607,0
33438,31608,1
33442,31612,0
33443,31613,0
33444,31614,0
33445,31615,0
33449,31618,0
33450,31619,0
33451,31620,0
33455,31624,0
33456,31625,0
33457,31626,0
33459,31628,0
33461,31630,0
33462,31631,0
33463,31632,0
33464,31283,0
33468,31636,1
33469,31637,0
33470,31638,0
33471,31639,0
33472,31640,0
33473,31288,0
33476,31643,0
33479,31646,1
33480,31647,0
33484,31651,0
33485,31652,0
33486,31653,0
33488,31655,0
33490,31657,0
33491,31658,1
33492,31659,0
33498,31665,0
33499,31317,0
33500,31666,0
33501,31667,0
33502,31668,1
33503,31669,1
33504,31670,0
33505,31671,0
33507,31673,1
33508,31674,0
33510,31676,0
33511,31677,1
33512,31678,0
33513,31679,0
33514,31680,0
33515,31681,1
33516,31682,0
33518,31684,0
33519,31685,0
33520,31686,0
33521,31687,0
33522,31688,0
33523,31689,0
33526,31692,0
33527,31693,0
33529,31695,0
33531,31677,0
33532,31697,0
33533,31698,0
33534,31699,0
33536,31701,0
33537,31702,0
33539,31703,0
33540,31704,0
33541,31705,0
33542,31706,0
33543,31707,0
33544,31708,0
33545,31709,0
33548,31712,1
33549,31713,0
33554,31718,0
33556,31720,0
33559,31722,0
33560,31723,0
33561,31724,0
33564,31727,1
33565,31728,0
33566,31729,0
33567,31730,0
33569,31732,0
33571,31734,0
33573,31736,0
33577,31740,0
33578,31741,0
33579,31742,0
33582,31745,0
33583,31746,0
33584,31747,0
33585,31748,0
33586,31749,0
33587,31750,0
33588,31751,0
33590,31753,0
33591,31754,0
33592,31755,0
33599,31762,0
33602,31765,0
33603,31766,0
33604,31767,0
33605,31768,0
33610,31773,0
33612,31775,0
33613,31776,0
33614,31777,0
33615,31778,0
33616,31779,0
33617,31780,0
33619,31782,0
33621,31784,1
33625,31788,0
33628,31791,0
33629,31792,0
33630,31793,0
33631,31794,0
33632,31795,0
33633,31796,0
33634,31797,0
33635,31798,0
33636,31799,0
33637,31800,0
33638,31801,0
33639,31802,0
33641,31804,0
33642,31805,0
33643,31806,0
33644,31807,0
33645,31808,0
33646,31809,0
33648,31811,0
33649,31812,0
33650,31813,0
33651,31814,0
33654,31817,0
33656,31818,0
33657,31819,0
33658,31820,0
33659,31821,0
33661,31823,0
33662,31824,0
33663,31825,0
33664,31826,0
33666,31828,1
33668,31830,0
33669,31831,0
33670,31832,0
33671,31833,0
33672,31834,0
33673,31835,0
33674,31836,0
33676,31838,0
33677,31839,0
33679,31841,0
33681,31843,0
33682,31844,0
33683,31845,0
33684,31846,0
33685,31847,0
33686,31848,0
33687,31845,0
33688,31847,0
33690,31850,0
33691,31851,0
33693,31853,0
33694,31854,0
33695,31855,1
33698,31858,0
33699,31854,0
33701,31860,0
33702,31861,0
33703,31862,0
33704,31863,1
33705,31864,0
33706,31865,0
33707,31866,0
33709,31868,0
33710,31869,0
33711,31870,0
33712,31871,0
33713,31872,0
33716,31875,0
33718,31877,1
33720,31879,0
33721,31880,0
33723,31882,0
33724,31883,0
33727,31886,0
33728,31887,0
33729,31888,0
33733,31892,0
33734,31893,0
33735,31894,0
33736,31895,0
33737,31896,0
33741,31900,0
33745,31904,0
33746,31905,1
33747,31906,1
33750,31908,0
33751,31909,0
33754,31912,0
33756,31914,0
33757,31915,0
33758,31916,0
33760,31918,1
33763,31921,0
33766,31924,0
33767,31925,0
33768,31926,0
33770,31928,0
33774,31932,0
33775,31933,1
33776,31934,0
33778,31936,0
33779,31937,0
33781,31939,0
33783,31941,0
33784,31942,0
33785,31943,0
33787,31945,0
33788,31946,0
33789,31947,1
33791,31949,0
33792,31950,0
33793,31951,0
33794,31952,0
33795,31953,0
33796,31954,0
33798,31956,1
33799,31957,1
33801,31959,0
33802,31960,0
33803,31961,0
33806,31964,0
33807,31965,0
33808,31966,0
33810,31968,0
33812,31970,0
33813,31906,0
33814,31971,0
33815,31972,0
33817,31974,0
33818,31975,1
33819,31975,0
33821,31977,0
33822,31978,0
33823,31979,0
33824,31980,0
33825,31981,0
33826,31982,0
33828,31984,0
33829,31981,0
33830,31985,0
33831,31986,0
33832,31987,0
33834,31989,0
33835,31990,0
33836,31991,0
33837,31992,0
33838,31993,0
33839,31994,0
33840,31995,0
33841,31996,0
33843,31998,0
33844,31999,0
33845,32000,1
33846,32001,0
33848,32003,0
33850,32005,1
33851,32006,0
33852,32007,0
33853,32008,0
33854,32009,0
33855,32010,0
33856,32011,0
33857,32012,0
33858,32013,0
33859,32014,0
33860,32010,0
33861,32015,0
33863,32017,0
33865,32019,0
33869,32023,0
33871,32025,0
33872,32026,0
33873,32027,0
33875,32029,0
33877,32031,0
33878,32032,0
33879,32033,0
33880,32034,0
33881,32035,0
33882,32036,0
33883,32037,0
33884,32038,1
33885,32039,0
33886,32040,0
33888,32042,0
33892,32046,0
33894,32048,0
33895,32049,0
33896,32050,0
33897,32051,0
33898,32052,0
33899,32053,0
33901,31949,0
33904,32057,0
33905,32038,0
33907,32059,0
33908,32060,1
33909,32061,0
33911,32063,0
33912,32064,0
33913,32065,1
33914,32066,0
33916,32068,1
33917,32069,0
33918,32070,0
33919,32071,0
33921,32072,0
33923,32074,0
33924,32075,0
33925,32076,0
33926,32077,1
33927,32078,0
33928,32079,0
33930,32081,0
33932,32083,0
33934,32085,0
33935,32086,0
33938,32088,0
33939,32089,1
33940,32032,0
33941,32090,0
33942,32091,0
33943,32092,0
33944,32093,0
33946,32095,0
33948,32097,0
33949,32098,0
33950,32099,0
33951,32100,0
33952,32101,0
33954,32103,0
33956,32105,0
33957,32106,0
33959,32108,0
33960,32109,0
33961,32110,0
33962,32111,0
33963,32112,0
33964,32113,0
33965,32114,0
33966,32115,0
33967,32116,0
33968,32117,0
33969,32117,0
33971,32119,0
33973,32121,0
33978,32126,0
33979,32127,0
33982,32130,0
33983,32131,0
33984,32127,0
33986,32133,0
33987,32134,0
33988,32135,0
33989,32136,0
33991,32138,0
33992,32139,0
33993,32140,0
33994,32141,0
33995,32142,0
33996,32143,0
33997,32144,1
33998,32145,0
33999,32146,0
34000,32147,0
34002,32077,0
34004,32150,0
34005,32151,0
34006,32152,0
34007,32153,0
34009,32155,0
34010,32156,0
34011,32157,0
34013,32159,0
34015,32161,0
34017,32163,0
34020,32165,0
34021,32166,0
34023,32168,0
34024,32169,0
34025,32170,1
34026,32171,0
34027,32172,0
34028,32173,0
34031,32175,0
34033,32177,0
34034,32178,1
34035,32179,0
34036,32180,0
34037,32181,0
34042,32186,0
34043,32187,0
34044,32188,0
34045,32189,0
34051,32194,0
34052,32195,0
34054,32197,0
34056,32199,0
34058,32201,0
34059,32202,0
34060,32203,0
34061,32037,0
34062,32204,0
34063,32205,0
34064,32206,0
34065,32207,1
34066,32208,0
34067,32209,0
34068,32210,0
34069,32211,0
34072,32214,0
34073,32215,0
34075,32217,0
34076,32218,0
34077,32219,0
34078,32220,0
34079,32221,0
34080,32222,0
34081,32223,0
34082,32224,0
34083,32225,0
34085,32214,0
34086,32227,0
34087,32228,0
34089,32230,0
34090,32231,0
34092,32233,0
34094,32235,1
34096,32237,0
34099,32240,0
34100,32241,0
34102,32243,0
34105,32246,0
34106,32247,0
34108,32249,0
34109,32250,0
34111,32252,0
34112,32253,0
34114,32255,0
34115,32256,0
34117,32258,0
34120,32261,0
34122,32263,0
34123,32264,0
34124,32265,0
34125,32266,0
34126,32267,0
34128,32269,0
34129,32270,0
34130,32271,0
34133,32274,0
34134,32275,0
34135,32276,0
34136,32277,1
34139,32280,0
34140,32281,0
34142,32283,0
34144,32285,1
34145,32286,0
34146,32287,0
34147,32288,0
34148,32289,0
34149,32290,0
34150,32291,0
34152,32293,0
34153,32294,0
34154,32295,0
34155,32296,0
34157,32298,0
34158,32299,0
34159,32300,0
34160,32301,0
34161,32302,0
34162,32303,0
34164,32305,0
34168,32309,0
34169,32310,0
34172,32233,0
34174,32314,0
34176,32316,0
34177,32317,0
34178,32318,0
34179,32319,0
34180,32320,0
34182,32322,0
34183,32323,0
34184,32324,0
34185,32325,0
34187,32327,0
34188,32328,0
34190,32330,0
34191,32331,0
34192,32332,0
34193,32333,0
34196,32335,1
34197,32336,0
34198,32337,0
34201,32339,1
34202,32340,1
34203,32341,0
34204,32342,1
34205,32343,1
34206,32344,0
34207,32345,0
34209,32347,0
34210,32348,0
34211,32349,0
34212,32350,1
34213,32351,1
34214,32352,0
34215,32353,0
34216,32354,0
34217,32355,0
34218,32356,0
34219,32357,0
34222,32360,0
34224,32362,0
34226,32364,0
34227,32365,0
34229,32367,0
34232,32370,0
34233,32371,0
34235,32373,0
34237,32375,0
34238,32376,0
34239,32377,0
34240,32378,0
34241,32379,0
34242,32380,0
34243,32381,0
34246,32384,0
34247,32385,0
34249,32387,0
34250,32388,0
34251,32389,0
34252,32390,0
34254,32392,0
34255,32393,0
34256,32394,0
34257,32395,0
34258,32396,0
34259,32397,0
34262,32400,0
34264,32402,0
34265,32403,0
34267,32405,0
34268,32406,0
34269,32407,0
34270,32408,0
34271,32409,0
34273,32411,0
34274,32412,0
34277,32415,0
34278,32416,0
34279,32417,0
34280,32418,0
34282,32420,0
34283,32421,0
34285,32423,0
34286,32424,0
34288,32426,1
34289,32427,0
34290,32428,0
34291,32429,0
34292,32430,0
34294,32432,0
34295,32433,0
34296,32434,0
34298,32436,0
34299,32437,0
34300,32438,0
34301,32439,1
34305,32443,0
34306,32444,0
34307,32445,0
34308,32446,0
34309,32447,0
34310,32448,0
34311,32449,0
34312,32450,0
34313,32451,0
34314,32452,0
34318,32456,0
34319,32457,0
34321,32459,0
34322,32460,0
34324,32462,0
34325,32462,0
34328,32465,1
34329,32466,0
34330,32467,1
34331,32468,0
34332,32469,0
34333,32470,0
34334,32471,0
34335,32472,0
34337,32474,0
34338,32475,0
34339,32476,0
34340,32477,0
34342,32479,0
34345,32482,0
34346,32483,0
34348,32485,0
34350,32486,0
34351,32487,0
34352,32488,0
34354,32490,0
34355,32491,0
34356,32492,0
34360,32495,0
34363,32498,0
34364,32499,1
34365,32500,0
34366,32495,0
34370,32504,0
34371,32505,0
34372,32506,0
34373,32506,0
34374,32507,0
34375,32508,1
34376,32509,0
34378,32511,0
34381,32514,0
34382,32515,1
34383,32516,1
34384,32495,0
34386,32518,0
34387,32519,0
34388,32520,0
34389,32521,1
34390,32522,0
34391,32523,0
34393,32525,0
34394,32526,0
34395,32527,0
34396,32528,0
34397,32529,0
34398,32530,0
34399,32531,1
34400,32532,0
34401,32533,0
34402,32534,0
34403,32535,0
34404,32536,0
34405,32537,1
34406,32538,0
34407,32539,1
34408,32540,0
34409,32541,0
34410,32542,1
34415,32547,0
34416,32548,0
34417,32549,0
34418,32550,0
34419,32551,0
34420,32552,0
34421,32553,0
34422,32554,0
34425,32557,1
34426,32558,0
34428,32560,1
34429,32561,0
34430,32562,1
34431,32563,0
34432,32564,0
34433,32565,1
34434,32566,0
34435,32567,0
34436,32568,0
34437,32569,0
34440,32572,0
34441,32573,0
34442,32574,0
34443,32575,0
34444,32576,0
34446,32578,0
34447,32579,0
34448,32580,0
34449,32581,0
34451,32561,0
34455,32586,0
34456,32576,0
34457,32587,0
34458,32588,0
34460,32590,0
34461,32591,0
34462,32592,0
34464,32594,0
34465,32595,1
34466,32596,0
34468,32598,0
34469,32599,0
34471,32601,0
34472,32602,0
34473,32603,0
34475,32605,0
34476,32606,0
34477,32607,0
34479,32609,0
34480,32610,0
34482,32395,0
34483,32612,0
34484,32613,0
34485,32614,0
34486,32615,0
34487,32616,0
34489,32618,0
34491,32620,0
34492,32621,0
34493,32622,0
34494,32623,0
34495,32622,0
34496,32624,0
34497,32625,0
34498,32626,1
34501,32629,0
34502,32630,0
34503,32631,0
34505,32633,0
34507,32635,0
34508,32636,0
34509,32637,0
34510,32638,0
34511,32639,0
34512,32640,0
34513,32641,0
34514,32642,0
34516,32644,0
34517,32645,0
34518,32646,0
34519,32647,0
34520,32648,0
34523,32651,1
34524,32652,0
34525,32653,0
34526,32654,0
34527,32655,0
34528,32656,0
34531,32659,0
34533,32661,0
34534,32662,0
34535,32663,1
34537,32665,0
34538,32666,0
34540,32668,0
34541,32669,0
34542,32670,0
34544,32495,0
34545,32504,0
34546,32672,0
34548,32674,0
34549,32675,0
34550,32676,0
34551,32677,0
34552,32678,0
34553,32679,0
34554,32680,0
34556,32682,0
34558,32684,0
34559,32685,0
34560,32686,0
34561,32687,0
34566,32692,0
34567,32693,0
34568,32694,0
34570,32696,0
34571,32697,0
34573,32694,0
34574,32699,0
34575,32507,0
34576,32700,0
34577,32701,0
34578,32702,0
34580,32704,0
34581,32612,0
34582,32705,0
34583,32706,0
34584,32707,0
34586,32709,0
34587,32710,0
34588,32711,0
34589,32712,0
34590,32713,0
34591,32714,0
34592,32715,0
34593,32635,1
34595,32717,0
34596,32718,1
34598,32720,0
34600,32722,0
34601,32723,1
34603,32725,0
34604,32723,0
34606,32726,0
34612,32732,0
34613,32733,0
34614,32405,0
34615,32661,0
34616,32734,0
34618,32736,0
34619,32737,0
34620,32738,1
34623,32741,0
34624,32742,0
34625,32743,0
34627,32745,0
34628,32746,0
34630,32748,0
34631,32749,0
34632,32750,0
34633,32751,0
34634,32752,0
34635,32753,0
34637,32755,0
34639,32757,0
34640,32758,0
34641,32759,0
34643,32761,0
34644,32762,0
34646,32764,0
34647,32765,0
34648,32766,1
34649,32767,0
34650,32768,0
34652,32770,1
34654,32772,1
34655,32773,0
34657,32775,0
34658,32776,0
34660,32778,0
34661,32779,0
34663,32781,0
34664,32782,0
34666,32784,0
34667,32785,1
34668,32786,0
34671,32789,0
34672,32790,0
34674,32792,0
34675,32793,1
34678,32796,0
34679,32797,0
34680,32798,0
34681,32799,0
34682,32800,0
34683,32801,0
34684,32802,0
34686,32804,0
34688,32806,0
34690,32808,0
34692,32810,0
34693,32811,0
34694,32812,0
34696,32814,0
34698,32815,0
34699,32816,0
34700,32817,0
34702,32819,0
34703,32820,0
34704,32821,0
34705,32822,0
34706,32823,0
34707,32824,0
34709,32826,0
34710,32827,0
34711,32828,0
34712,32829,0
34713,32830,0
34716,32833,0
34717,32834,0
34719,32836,0
34720,32837,0
34721,32838,1
34723,32840,0
34725,32842,0
34727,32844,0
34728,32845,0
34729,32846,0
34731,32848,0
34732,32849,0
34738,32854,0
34740,32856,0
34741,32857,0
34742,32858,0
34745,32861,0
34746,32862,0
34747,32863,0
34748,32864,0
34749,32865,0
34750,32866,0
34751,32867,0
34753,32869,0
34757,32873,0
34758,32874,0
34761,32877,0
34762,32878,0
34763,32879,0
34764,32880,0
34765,32881,0
34766,32882,0
34767,32883,0
34768,32884,0
34769,32885,0
34773,32889,0
34774,32890,0
34775,32891,0
34777,32893,0
34778,32894,0
34779,32895,0
34780,32896,0
34781,32897,0
34784,32900,0
34785,32901,0
34786,32902,0
34787,32903,0
34789,32904,0
34790,32905,0
34791,32906,0
34792,32907,0
34793,32908,0
34794,32909,0
34795,32910,0
34796,32911,0
34797,32912,0
34799,32914,0
34800,32915,0
34802,32917,0
34803,32918,0
34804,32919,0
34805,32920,0
34807,32922,0
34808,32923,0
34809,32924,0
34811,32926,0
34812,32927,0
34813,32928,0
34815,32930,0
34816,32931,0
34817,32932,0
34818,32933,0
34819,32934,0
34820,32935,0
34821,32936,0
34823,32938,0
34824,32939,0
34828,32943,0
34829,32944,0
34830,32945,0
34831,32946,0
34833,32948,0
34834,32949,0
34837,32952,0
34838,32953,1
34840,32955,1
34841,32956,0
34843,32958,0
34844,32959,0
34845,32960,0
34850,32965,0
34853,32968,0
34854,32969,0
34855,32970,0
34856,32971,0
34858,32973,0
34860,32975,1
34861,32976,1
34862,32977,0
34863,32978,0
34865,32980,0
34867,32982,0
34868,32983,0
34871,32986,0
34873,32988,0
34874,32989,0
34875,32990,0
34878,32993,0
34879,32994,0
34880,32995,0
34882,32997,0
34883,32998,0
34884,32999,0
34885,33000,0
34886,33001,0
34889,33004,0
34890,33005,0
34892,33007,0
34893,33008,0
34894,33009,0
34895,33010,0
34896,33011,0
34897,33012,0
34898,33013,0
34899,33014,0
34901,33016,1
34905,33020,0
34906,33021,1
34907,33022,0
34910,33025,0
34911,33026,0
34912,33027,0
34915,33030,1
34916,33031,0
34919,33034,0
34920,33035,0
34921,33036,0
34923,33038,0
34924,33039,0
34925,33040,0
34926,33041,0
34929,33044,0
34930,33045,0
34931,33046,0
34933,33048,0
34936,33051,0
34937,33052,0
34939,33054,0
34940,33055,0
34941,33056,0
34942,33057,0
34944,33059,0
34946,33061,0
34947,33062,0
34948,33063,0
34949,33064,0
34950,33065,0
34951,33066,0
34952,33067,0
34953,33068,0
34956,33071,0
34957,33067,0
34958,33072,0
34959,33073,0
34960,33074,0
34962,33076,0
34963,33077,0
34964,33078,0
34965,33079,0
34966,33080,0
34967,33081,0
34968,33082,1
34969,33083,0
34971,33085,0
34972,33086,0
34973,33087,0
34974,33088,0
34975,33089,0
34976,33090,1
34979,33093,0
34981,33095,0
34982,33096,0
34983,33097,0
34985,33099,0
34986,33100,0
34988,33102,0
34989,33103,0
34993,33107,0
35000,33113,0
35001,33114,0
35002,33115,0
35003,33116,0
35004,33117,0
35005,33118,0
35006,33119,0
35008,33121,1
35009,33122,0
35011,33124,0
35013,33126,1
35015,33128,0
35017,33130,1
35018,33131,0
35020,33133,0
35022,33135,0
35026,33139,0
35027,33140,0
35029,33142,0
35031,33144,0
35032,33145,0
35033,33146,0
35035,33148,0
35036,33149,1
35038,33151,0
35039,33152,0
35040,33153,1
35041,33154,0
35042,33155,0
35043,33156,0
35044,33157,0
35045,33158,0
35046,33159,0
35047,33160,0
35049,33162,1
35050,33163,0
35052,33165,0
35054,33167,0
35055,33168,0
35057,33170,0
35058,33170,0
35059,33171,0
35060,33172,0
35061,33173,0
35062,33174,0
35063,33175,0
35064,33176,0
35066,33178,0
35067,33179,0
35069,33181,0
35070,33182,0
35073,33185,0
35075,33187,0
35076,33188,0
35078,33190,0
35079,33191,0
35080,33192,0
35082,33194,1
35084,33196,0
35085,33197,0
35086,33198,0
35087,33199,0
35088,33200,0
35089,33201,0
35092,33204,0
35093,32959,1
35094,33205,0
35096,33207,0
35097,33208,1
35098,33209,0
35099,33210,0
35100,33211,0
35102,33213,0
35104,33215,0
35105,33216,0
35107,33218,0
35108,33219,0
35109,33220,0
35111,33215,0
35112,33222,0
35113,33223,0
35114,33224,0
35116,33226,0
35117,33227,1
35118,33228,0
35120,33230,0
35121,33231,0
35123,33233,0
35124,33234,0
35128,33238,0
35129,33239,0
35131,33241,0
35133,33243,0
35135,33245,0
35136,33246,0
35138,33248,0
35140,33250,0
35141,33251,0
35142,33252,0
35143,33253,1
35144,33254,0
35146,33256,0
35147,33257,0
35149,33259,0
35150,33260,0
35155,33265,1
35156,33266,1
35157,33267,0
35159,33269,0
35160,33270,1
35161,33271,0
35163,33273,0
35164,33274,0
35165,33275,0
35166,33276,0
35167,33277,1
35168,33278,0
35169,33279,0
35170,33280,0
35174,33284,1
35175,33285,0
35176,33286,0
35177,33287,0
35180,33290,0
35182,33292,1
35184,33294,0
35185,33295,0
35187,33297,1
35188,33298,0
35189,33154,0
35190,33299,0
35191,33300,0
35193,33302,0
35194,33302,0
35196,33304,0
35197,33305,0
35198,33306,0
35199,33307,0
35200,33308,0
35201,33309,0
35202,33310,0
35203,33311,0
35204,33312,0
35205,32969,0
35206,33313,0
35207,33314,0
35209,33316,0
35210,33317,1
35211,33318,0
35212,33319,0
35213,33320,0
35214,33321,1
35215,33322,0
35218,33325,0
35221,33328,1
35222,33329,0
35224,33331,0
35225,33332,0
35227,33334,0
35229,33336,0
35230,33337,0
35231,33338,0
35232,33339,0
35233,33340,1
35234,33341,1
35235,33342,0
35236,33343,0
35237,33344,0
35238,33345,0
35239,33346,0
35240,33347,0
35241,33348,0
35242,33349,0
35243,33350,0
35247,33354,1
35248,33355,0
35249,33356,0
35250,33357,0
35253,33360,0
35254,33361,0
35255,33362,0
35256,33363,0
35257,33364,0
35258,33365,0
35259,33366,0
35260,33367,1
35261,33368,0
35263,33370,0
35264,33371,0
35267,33374,0
35268,33375,0
35269,33376,0
35270,33377,0
35271,33378,0
35272,33379,0
35273,33380,0
35275,33382,0
35276,33383,0
35277,33384,0
35278,33385,0
35279,33386,0
35280,33387,0
35281,33388,0
35282,33389,0
35284,33391,0
35287,33394,0
35288,33395,0
35289,33341,0
35290,33396,0
35291,33397,0
35292,33398,0
35293,33399,0
35294,33400,0
35296,33402,0
35297,33403,0
35298,33404,0
35299,33405,0
35300,33406,0
35301,33407,0
35302,33408,0
35303,33266,0
35305,33410,0
35306,33411,0
35308,33413,0
35310,33415,0
35312,33417,0
35314,33419,0
35315,33420,0
35316,33421,1
35318,33423,0
35321,33426,0
35323,33428,1
35325,33430,0
35326,33431,0
35327,33432,0
35328,33433,0
35329,33434,0
35330,33435,0
35331,33436,0
35334,33439,0
35335,33440,0
35337,33442,1
35338,33443,0
35341,33446,0
35344,33449,0
35346,33451,0
35347,33452,0
35348,33453,0
35350,33455,0
35351,33456,0
35352,33457,1
35353,33458,0
35354,33459,0
35355,33460,0
35357,33462,0
35358,33463,0
35360,33465,0
35361,33466,0
35362,33467,0
35363,33468,0
35366,33471,0
35367,33472,0
35368,33473,0
35369,33474,0
35370,33475,0
35372,33477,0
35373,33478,0
35374,33479,0
35375,33480,0
35376,33481,0
35377,33482,1
35378,33483,0
35379,33484,0
35380,33485,1
35381,33486,0
35384,33489,0
35385,33490,0
35386,33491,0
35387,33492,0
35388,33493,0
35391,33496,0
35392,33497,0
35393,33498,0
35394,33499,0
35397,33502,0
35399,33504,0
35400,33505,0
35404,33509,0
35406,33511,0
35407,33512,0
35408,33513,1
35409,33514,1
35410,33515,0
35413,33518,0
35414,33519,0
35415,33520,1
35416,33521,0
35417,33522,0
35419,33524,0
35421,33526,0
35422,33527,0
35423,33528,0
35424,33529,1
35425,33530,0
35426,33531,0
35427,33532,0
35432,33537,0
35433,33538,1
35435,33540,0
35437,33542,0
35438,33543,1
35439,33544,0
35440,33545,1
35442,33547,0
35443,33548,0
35444,33549,0
35445,33550,0
35448,33553,0
35449,33554,0
35450,33555,0
35455,33560,0
35457,33562,0
35458,33563,0
35459,33564,0
35460,33565,0
35461,33566,0
35462,33567,0
35463,33568,0
35464,33569,0
35466,33571,0
35467,33572,0
35468,33573,0
35469,33574,0
35470,33575,0
35471,33576,0
35472,33577,0
35473,33578,0
35474,33579,0
35475,33580,0
35477,33582,0
35478,33583,0
35479,33584,0
35482,33587,0
35483,33588,0
35484,33589,0
35486,33591,0
35487,33592,0
35488,33593,0
35489,33594,0
35490,33595,0
35492,33597,0
35493,33598,0
35495,33600,0
35496,33601,0
35497,33602,1
35498,33603,0
35499,33604,0
35500,33605,0
35503,33608,0
35504,33609,0
35505,33610,0
35506,33611,1
35507,33612,0
35508,33613,0
35509,33614,0
35510,33615,0
35511,33616,0
35513,33618,0
35514,33619,0
35517,33622,0
35518,33623,0
35519,33624,0
35520,33625,0
35521,33626,0
35525,33630,0
35526,33631,0
35527,33632,0
35528,33633,0
35530,33635,0
35535,33640,0
35536,33641,0
35537,33642,0
35538,33643,0
35539,33644,0
35543,33648,0
35544,33649,1
35545,33650,0
35546,33651,0
35547,33652,0
35548,33653,0
35549,33654,0
35550,33655,0
35552,33654,1
35553,33657,0
35554,33658,1
35555,33659,0
35556,33660,0
35557,33661,0
35559,33640,1
35560,33663,0
35561,33664,0
35562,33665,0
35563,33666,0
35565,33668,0
35566,33669,0
35567,33670,0
35568,33671,0
35571,33674,0
35572,33675,0
35573,33676,0
35574,33677,0
35575,33678,0
35576,33679,0
35577,33680,0
35580,33683,0
35581,33684,0
35582,33685,0
35583,33686,0
35586,33688,1
35587,33689,0
35588,33690,0
35590,33692,0
35591,33693,0
35593,33695,0
35594,33696,0
35596,33698,0
35598,33700,0
35599,33701,0
35600,33702,0
35601,33703,0
35602,33704,0
35603,33705,0
35605,33707,0
35606,33703,1
35607,33708,1
35608,33709,0
35609,33710,0
35610,33711,0
35611,33712,0
35613,33714,0
35614,33715,1
35615,33716,0
35616,33717,0
35619,33720,0
35621,33722,0
35623,33724,0
35624,33725,0
35625,33726,0
35626,33726,0
35627,33727,0
35628,33728,0
35629,33728,0
35631,33730,0
35633,33732,0
35634,33733,1
35635,33734,0
35636,33735,0
35637,33736,0
35638,33737,0
35639,33738,0
35641,33740,0
35642,33741,0
35643,33742,1
35645,33744,0
35646,33745,0
35647,33746,0
35648,33747,0
35649,33748,0
35650,33749,0
35651,33747,0
35653,33751,0
35654,33752,0
35655,33753,0
35656,33754,0
35658,33756,1
35661,33759,0
35665,33762,0
35666,33763,0
35667,33764,0
35668,33765,0
35669,33766,0
35672,33768,0
35673,33769,0
35674,33770,0
35675,33771,0
35677,33773,0
35678,33774,0
35679,33775,0
35681,33777,0
35682,33778,0
35683,33779,0
35684,33780,1
35685,33781,0
35686,33782,0
35687,33783,0
35689,33785,0
35690,33786,0
35693,33789,0
35694,33790,0
35695,33791,0
35696,33792,0
35697,33793,0
35698,33794,1
35699,33795,0
35700,33796,0
35703,33799,0
35705,33801,0
35706,33802,0
35709,33804,0
35710,33779,0
35711,33805,0
35712,33806,0
35716,33810,0
35718,33812,0
35720,33814,0
35723,33817,0
35724,33818,0
35725,33819,0
35726,33820,0
35727,33821,0
35728,33822,0
35729,33823,1
35739,33832,0
35741,33529,0
35743,33835,1
35745,33837,0
35746,33838,0
35747,33839,0
35748,33840,0
35749,33841,0
35750,33842,0
35751,33843,0
35763,33855,0
35764,33856,0
35765,33857,0
35766,33858,0
35768,33860,0
35769,33861,0
35770,33862,0
35771,33863,0
35772,33864,0
35773,33865,0
35774,33866,0
35775,33867,0
35776,33868,0
35777,33869,0
35778,33870,0
35779,33871,0
35781,33873,0
35783,33875,0
35785,33876,0
35786,33877,0
35787,33878,0
35791,33882,0
35792,33883,0
35795,33884,0
35796,33885,0
35799,33888,0
35800,33889,0
35801,33890,0
35802,33891,0
35803,33892,0
35804,33893,0
35806,33895,0
35808,33897,0
35810,33899,0
35811,33900,0
35812,33901,0
35814,33903,0
35816,33905,0
35818,33907,0
35819,33908,1
35821,33770,0
35822,33910,0
35824,33912,0
35825,33913,1
35826,33914,1
35827,33915,0
35828,33916,1
35829,33917,1
35830,33918,0
35833,33921,1
35834,33922,1
35836,33924,0
35837,33925,1
35838,33926,1
35841,33929,0
35842,33930,0
35843,33931,1
35846,33933,0
35847,33934,0
35848,33935,0
35849,33936,0
35850,33937,0
35852,33939,0
35854,33941,0
35855,33942,1
35857,33944,0
35858,33939,1
35859,33945,0
35860,33946,0
35862,33939,0
35863,33948,0
35864,33949,0
35865,33950,0
35866,33951,0
35867,33952,0
35868,33953,0
35869,33954,0
35872,33957,0
35874,33959,1
35875,33960,0
35876,33961,0
35877,33962,0
35878,33963,0
35880,33965,1
35882,33967,1
35883,33968,1
35887,33972,0
35888,33973,0
35889,33974,1
35890,33975,0
35891,33976,0
35892,33977,1
35894,33979,0
35896,33981,1
35897,33982,0
35898,33983,0
35899,33984,0
35900,33985,0
35904,33989,0
35905,33990,0
35908,33993,0
35910,33995,0
35912,33997,1
35913,33998,1
35914,33999,1
35915,34000,0
35917,34002,0
35918,34003,0
35919,34004,0
35920,34005,1
35922,34007,0
35923,34008,0
35925,34010,0
35926,34011,0
35931,34016,1
35934,34018,0
35935,34019,0
35937,34021,1
35939,34023,1
35941,34025,1
35942,34026,0
35944,34028,1
35947,34031,0
35948,34032,1
35949,34033,0
35950,34034,0
35951,34035,0
35952,34036,0
35955,34039,1
35956,34040,1
35957,34041,0
35959,34042,0
35960,34043,0
35961,34044,0
35962,33989,0
35963,34045,0
35965,34047,0
35966,34048,0
35967,34049,0
35970,34052,1
35972,34054,1
35973,34055,0
35976,34057,0
35977,34058,0
35978,34059,0
35979,34060,1
35980,34061,0
35981,34062,1
35984,34065,1
35985,34066,1
35987,34068,0
35988,34069,0
35989,34070,0
35990,34071,0
35991,34072,0
35992,34073,0
35993,34070,0
35997,34077,0
35998,34078,0
35999,34079,1
36000,34080,0
36002,34082,0
36004,34084,0
36005,34085,0
36007,34086,0
36008,34087,1
36009,34088,0
36011,34090,0
36012,34091,0
36013,34092,1
36014,34093,0
36015,34094,0
36017,34096,0
36018,34097,0
36019,34098,0
36020,34099,0
36021,34100,0
36022,34101,0
36023,34102,0
36024,34103,0
36025,34104,0
36027,34070,0
36028,34106,0
36029,34107,0
36030,34108,0
36031,34109,0
36032,34110,0
36033,34111,1
36034,34112,1
36035,34113,0
36037,34115,0
36038,34116,1
36039,34117,0
36043,34121,0
36044,34122,0
36047,34125,0
36048,34126,0
36051,34129,0
36053,34131,0
36054,34132,0
36055,34133,0
36057,34135,0
36058,34136,0
36059,34104,0
36060,34137,0
36061,34138,1
36062,34139,1
36063,34140,1
36064,34141,0
36066,34143,0
36067,34144,0
36069,34144,1
36070,34146,0
36074,34150,1
36077,34151,0
36078,34152,0
36079,34153,0
36081,34155,0
36082,34156,0
36083,34157,0
36084,34158,0
36085,34138,1
36087,34160,1
36088,34161,1
36089,34162,1
36090,34163,0
36091,34164,0
36092,34165,1
36093,34166,0
36094,34167,0
36095,34168,0
36096,34169,0
36097,34170,0
36098,34171,0
36099,34172,0
36100,34171,0
36101,34173,0
36105,34177,0
36106,34178,0
36107,34179,0
36108,34180,0
36109,34181,1
36110,34182,0
36112,34184,0
36114,34186,0
36115,34187,0
36116,34188,1
36118,34190,0
36119,34191,0
36120,34192,0
36121,34193,0
36123,34195,1
36124,34196,1
36125,34197,0
36126,34198,0
36130,34202,0
36133,34204,0
36134,34205,1
36136,34207,0
36138,34209,0
36139,34210,0
36140,34211,1
36142,34213,0
36143,34214,0
36144,34215,0
36145,34216,0
36146,34217,1
36148,34219,0
36150,34221,0
36151,34222,1
36152,34223,1
36153,34224,0
36155,34226,0
36156,34227,0
36157,34228,1
36158,34229,0
36160,34231,1
36161,34232,0
36163,34234,0
36164,34235,1
36165,34236,0
36166,34237,1
36167,34222,0
36170,34240,0
36171,34241,0
36172,34242,0
36173,34243,0
36174,34244,0
36176,34187,0
36177,34246,1
36178,34247,0
36179,34248,0
36181,34250,1
36182,34251,1
36183,34252,0
36184,34253,0
36185,34254,0
36187,34256,0
36189,34258,1
36190,34259,0
36191,34260,0
36194,34263,1
36196,34265,0
36197,34266,0
36198,34267,0
36199,34268,0
36203,34272,0
36204,34273,0
36205,34274,0
36206,34275,0
36207,34276,0
36208,34277,0
36209,34278,0
36210,34279,0
36212,34281,0
36213,34282,0
36214,34283,1
36215,34284,0
36216,34285,0
36217,34286,0
36219,34288,0
36220,34289,0
36221,34290,0
36222,34291,0
36224,34293,1
36225,34294,1
36226,34295,0
36227,34296,0
36228,34297,0
36229,34298,1
36230,34299,0
36231,34300,0
36233,34302,1
36240,34309,1
36241,34310,1
36242,34311,0
36244,34313,0
36245,34314,0
36246,34315,0
36248,34317,1
36251,34320,0
36252,34321,0
36253,34322,0
36255,34324,0
36261,34329,0
36262,34330,0
36263,34331,0
36266,34334,0
36267,34335,1
36268,34336,1
36269,34337,1
36270,34338,0
36272,34340,0
36273,34341,0
36276,34344,0
36277,34345,0
36282,34350,0
36285,34353,0
36286,34354,0
36287,34355,0
36288,34356,0
36291,34359,1
36292,34360,1
36293,34361,0
36294,34362,0
36295,34363,0
36296,34364,0
36299,34367,1
36300,34368,1
36301,34369,1
36303,34371,0
36304,34372,0
36307,34375,0
36308,34376,0
36309,34377,0
36310,34341,0
36311,34378,0
36313,34380,0
36314,34381,0
36316,34383,1
36317,34384,0
36319,34385,0
36322,34388,0
36323,34389,0
36324,34390,0
36325,34391,1
36326,34392,0
36327,34393,0
36328,34394,1
36329,34395,1
36330,34396,1
36332,34398,0
36334,34400,1
36335,34401,0
36336,34402,1
36338,34404,1
36339,34405,0
36341,34407,1
36342,34408,0
36343,34409,0
36344,34410,0
36346,34412,0
36348,34414,0
36352,34417,1
36353,34418,1
36355,34420,0
36356,34421,0
36357,34422,0
36358,34423,0
36360,34425,1
36362,34427,1
36366,34431,0
36367,34432,0
36368,34433,0
36369,34434,1
36370,34435,0
36371,34436,1
36372,34437,0
36373,34438,0
36375,34440,1
36376,34441,0
36377,34442,0
36378,34443,1
36379,34444,0
36380,34445,0
36381,34446,1
36383,34448,0
36384,34449,0
36385,34450,0
36386,34417,1
36387,34451,0
36388,34452,0
36389,34453,0
36393,34457,0
36395,34459,0
36398,34462,0
36399,34463,0
36400,34464,0
36402,34466,0
36403,34467,0
36405,34469,0
36408,34472,0
36409,34473,0
36410,34474,1
36411,34475,0
36413,34477,1
36414,34478,0
36417,34481,0
36420,34484,0
36421,34485,1
36422,34486,0
36423,34487,1
36424,34488,1
36425,34489,0
36427,34491,0
36428,34492,1
36429,34493,0
36430,34494,0
36431,34495,0
36433,34497,0
36437,34501,0
36439,34502,1
36440,34503,1
36441,34504,0
36443,34506,0
36444,34507,0
36450,34513,0
36452,34515,0
36453,34516,0
36454,34517,0
36455,34518,0
36456,34519,0
36457,34520,1
36458,34521,0
36459,34522,0
36462,34525,1
36464,34527,1
36466,34529,0
36468,34531,1
36469,34532,1
36471,34534,1
36474,34537,1
36476,34539,0
36479,34542,1
36480,34543,0
36485,34548,1
36486,34549,1
36487,34550,1
36489,34552,0
36491,34554,1
36492,34555,0
36493,34556,1
36494,34557,0
36496,34559,0
36498,34561,0
36500,34561,0
36501,34561,1
36502,34563,0
36503,34564,0
36504,34565,1
36505,34566,0
36506,34567,1
36507,34568,0
36508,34568,0
36510,34570,0
36512,34572,1
36513,34573,0
36514,34574,0
36516,34576,0
36518,34578,0
36519,34579,0
36521,34581,0
36523,34583,0
36524,34584,0
36527,34586,0
36528,34587,0
36529,34588,0
36530,34589,0
36532,34591,0
36533,34592,0
36535,34594,0
36536,34595,0
36537,34596,0
36538,34596,0
36540,34598,1
36541,34599,1
36542,34600,1
36544,34602,0
36548,34606,1
36551,34609,1
36552,34610,0
36553,34611,0
36554,34612,0
36555,34613,0
36557,34615,1
36558,34616,0
36559,34617,0
36560,34618,1
36562,34618,1
36563,34619,0
36564,34620,0
36567,34623,0
36569,34625,1
36570,34626,0
36572,34628,0
36573,34629,0
36575,34631,0
36576,34632,0
36577,34631,1
36580,34635,0
36581,34636,0
36582,34637,0
36583,34638,1
36584,34639,1
36585,34640,1
36586,34641,1
36587,34642,0
36590,34645,0
36591,34646,1
36592,34647,0
36594,34649,0
36595,34650,1
36596,34651,0
36597,34652,1
36598,34653,1
36600,34655,1
36603,34657,0
36604,34658,1
36605,34659,0
36606,34660,1
36607,34661,1
36608,34662,1
36611,34665,1
36612,34666,1
36613,34667,1
36614,34668,1
36615,34669,1
36616,34670,1
36617,34671,1
36618,34672,1
36619,34673,1
36621,34675,0
36622,34676,1
36623,34677,0
36624,34678,0
36625,34679,0
36627,34681,0
36628,34682,0
36629,34683,0
36632,34686,0
36635,34689,0
36636,34690,1
36637,34691,1
36638,34692,0
36639,34693,0
36640,34694,0
36641,34695,1
36642,34696,0
36645,34699,1
36646,34700,0
36647,34701,0
36649,34703,0
36650,34704,0
36651,34705,0
36654,34708,1
36655,34709,0
36656,34710,1
36657,34711,0
36660,34714,1
36661,34715,1
36663,34715,1
36665,34718,0
36666,34719,1
36669,34722,0
36671,34724,1
36672,34725,1
36673,34726,1
36674,34727,0
36675,34728,1
36676,34729,1
36677,34730,1
36680,34732,0
36681,34733,0
36682,34734,1
36683,34735,1
36684,34736,0
36685,34737,0
36686,34738,0
36688,34740,0
36689,34741,1
36690,34742,0
36694,34746,0
36696,34748,0
36697,34749,0
36699,34751,1
36701,34753,0
36702,34754,1
36704,34756,0
36705,34757,1
36707,34759,1
36708,34760,1
36710,34762,0
36712,34764,1
36715,34766,1
36716,34767,0
36718,34769,0
36720,34771,1
36721,34772,1
36722,34773,1
36723,34774,1
36724,34775,1
36725,34776,0
36728,34779,0
36730,34781,0
36731,34782,0
36733,34784,0
36737,34787,0
36738,34788,1
36739,34789,1
36740,34790,0
36741,34791,0
36742,34792,1
36744,34794,1
36745,34795,0
36746,34796,0
36747,34797,1
36748,34798,1
36749,34799,1
36750,34800,0
36752,34802,0
36754,34804,0
36755,34805,0
36756,34806,0
36757,34807,0
36758,34808,1
36760,34810,1
36761,34811,0
36762,34812,1
36763,34813,1
36764,34814,0
36765,34815,1
36766,34816,0
36767,34817,0
36769,34819,1
36770,34820,1
36772,34822,1
36773,34823,0
36774,34824,0
36777,34827,1
36778,34828,0
36779,34829,0
36781,34831,0
36782,34832,0
36783,34833,0
36784,34834,0
36785,34835,0
36786,34836,0
36787,34837,0
36789,34839,1
36790,34840,1
36793,34843,0
36796,34846,1
36797,34847,0
36799,34849,1
36801,34851,0
36803,34853,0
36805,34855,1
36806,34856,0
36807,34857,1
36808,34858,0
36809,34859,1
36810,34860,0
36811,34861,1
36812,34862,0
36813,34863,1
36814,34864,0
36815,34865,0
36816,34866,1
36817,34867,0
36818,34867,0
36821,34870,0
36822,34871,1
36823,34872,1
36824,34873,1
36826,34875,0
36829,34878,0
36833,34882,0
36834,34883,0
36835,34884,0
36836,34885,0
36837,34886,0
36838,34887,1
36839,34870,0
36841,34889,0
36842,34890,0
36844,34892,0
36846,34894,0
36847,34895,1
36849,34897,1
36850,34898,1
36853,34901,0
36854,34902,0
36855,34903,0
36856,34904,1
36857,34905,0
36858,34906,0
36859,34907,0
36860,34908,0
36861,34909,0
36862,34910,0
36863,34911,0
36864,34912,0
36865,34913,0
36866,34914,0
36867,34915,1
36868,34916,0
36869,34917,0
36870,34918,1
36871,34919,0
36872,34920,0
36873,34921,1
36874,34922,0
36875,34923,0
36876,34924,0
36877,34925,0
36878,34926,1
36879,34927,0
36880,34928,0
36882,34930,0
36883,34931,1
36885,34933,1
36887,34935,0
36888,34936,1
36889,34937,0
36890,34938,1
36892,34940,0
36893,34941,0
36894,34942,1
36895,34943,1
36896,34944,0
36898,34946,0
36900,34948,0
36901,34949,0
36902,34950,0
36904,34952,0
36905,34953,0
36906,34954,0
36907,34955,1
36908,34956,0
36910,34958,0
36911,34959,0
36912,34960,0
36913,34961,0
36914,34962,0
36916,34964,0
36917,34965,1
36918,34966,0
36921,34969,0
36922,34970,0
36923,34971,1
36925,34973,0
36926,34974,1
36930,34978,0
36931,34979,0
36936,34983,0
36937,34984,1
36938,34985,1
36939,34986,1
36940,34987,0
36941,34988,0
36942,34989,0
36944,34991,1
36947,34994,0
36948,34995,0
36953,34998,1
36954,34999,1
36955,35000,1
36956,35001,0
36957,35002,0
36959,35004,1
36960,35005,1
36961,35006,0
36962,35007,0
36963,35008,0
36964,35009,0
36965,35010,0
36967,35012,0
36968,35013,0
36969,35014,0
36970,35015,0
36972,35017,0
36974,35019,1
36975,35020,1
36977,35022,1
36978,35023,1
36979,35024,1
36980,35025,1
36981,35026,1
36982,35027,1
36983,35028,1
36984,35029,0
36985,35030,1
36986,35031,1
36988,35033,1
36990,35035,0
36991,35036,1
36992,35037,0
36993,35038,0
36994,35039,1
36995,35040,0
36998,35043,0
36999,35044,0
37001,35046,0
37002,35047,1
37003,35048,0
37009,35054,1
37010,35055,1
37011,35056,1
37012,35057,1
37013,35058,0
37014,35059,0
37015,35060,0
37016,35061,0
37017,35062,1
37018,35063,0
37021,35066,1
37023,35068,0
37024,35069,0
37025,35070,0
37026,35071,1
37027,35072,1
37030,35075,0
37033,35078,0
37034,35079,0
37035,35080,0
37037,35082,0
37039,35084,0
37043,35088,1
37044,35089,0
37048,35093,0
37050,35095,0
37051,35096,0
37052,35097,0
37053,35098,0
37054,35099,0
37055,35100,0
37057,35102,0
37058,35103,0
37059,35104,0
37060,35105,0
37061,35106,1
37062,35107,0
37063,35108,0
37064,35109,0
37066,35111,0
37069,35114,0
37070,35115,0
37071,35116,1
37072,35117,0
37075,35120,1
37076,35121,0
37077,35122,0
37080,35125,1
37081,35126,0
37082,35127,0
37085,35130,0
37086,35131,1
37087,35132,0
37089,35134,0
37093,35138,0
37095,35140,0
37096,35141,0
37097,35142,0
37099,35144,0
37101,35146,0
37103,35148,1
37104,35149,0
37105,35150,0
37108,35153,1
37109,35154,1
37110,35155,0
37111,35156,0
37113,35158,0
37114,35159,0
37115,35160,0
37117,35162,0
37119,35164,0
37120,35165,0
37121,35166,1
37122,35167,1
37123,35168,0
37124,35169,0
37126,35171,1
37127,35172,1
37128,35173,1
37130,35175,0
37131,35176,0
37132,35177,0
37133,35176,1
37134,35178,0
37135,35179,0
37138,35181,0
37141,35184,1
37142,35185,1
37143,35184,1
37144,35186,0
37145,35187,1
37146,35188,1
37148,35190,0
37149,35191,0
37150,35192,0
37151,35193,0
37152,35194,1
37155,35197,1
37158,35200,0
37159,35201,0
37161,35203,1
37162,35204,0
37164,35206,0
37165,35207,1
37166,35208,0
37167,35209,0
37168,35210,0
37169,35211,1
37170,35212,0
37171,35213,1
37172,35214,0
37173,35215,0
37174,35216,0
37175,35217,0
37176,35218,0
37177,35219,0
37178,35220,0
37180,35222,0
37181,35210,0
37182,35223,0
37184,35225,0
37187,35228,0
37188,35229,0
37190,35231,0
37191,35232,1
37192,35231,0
37193,35233,1
37194,35234,0
37195,35231,0
37196,35235,1
37198,35237,1
37201,35239,0
37202,35240,0
37203,35241,0
37204,35242,1
37205,35243,1
37208,35246,0
37209,35247,1
37210,35248,0
37212,35250,0
37213,35251,0
37214,35252,1
37217,35254,0
37218,35255,1
37219,35256,1
37220,35257,1
37221,35258,0
37223,35260,1
37224,35247,0
37225,35261,1
37226,35262,0
37227,35263,1
37228,35264,0
37229,35265,1
37231,35267,1
37233,35269,0
37234,35270,0
37235,35271,1
37237,35273,0
37238,35274,0
37239,35275,0
37241,35277,0
37243,35279,0
37244,35280,0
37245,35281,1
37246,35282,0
37247,35283,0
37249,35285,1
37250,35286,1
37252,35288,0
37256,35292,0
37257,35293,0
37260,35296,1
37262,35297,1
37266,35301,0
37268,35303,0
37269,35304,0
37271,35306,0
37272,35307,1
37273,35308,0
37274,35309,1
37275,35310,0
37276,35311,0
37277,35312,1
37279,35314,1
37280,35315,1
37282,35317,1
37283,35318,0
37284,35319,0
37286,35321,0
37289,35324,0
37290,35325,1
37292,35327,1
37293,35328,1
37294,35329,0
37295,35330,0
37296,35331,0
37297,35332,0
37299,35334,0
37300,35335,0
37301,35319,0
37302,35336,0
37304,35338,0
37305,35339,0
37306,35340,0
37307,35341,1
37308,35342,0
37309,35343,0
37310,35344,1
37311,35345,0
37312,35346,1
37313,35347,0
37315,35349,0
37316,35350,0
37317,35351,0
37318,35352,0
37319,35353,0
37320,35354,0
37321,35355,1
37323,35357,0
37324,35358,0
37325,35359,0
37326,35360,0
37331,35364,1
37332,35365,1
37334,35367,0
37335,35368,0
37337,35370,1
37338,35371,1
37339,35372,1
37340,35373,0
37341,35374,1
37342,35375,0
37343,35376,0
37344,35377,0
37345,35378,1
37347,35380,0
37348,35381,0
37349,35382,0
37351,35384,0
37352,35385,1
37353,35386,1
37354,35387,0
37355,35388,1
37356,35389,1
37359,35392,0
37361,35394,0
37362,35395,1
37363,35396,1
37365,35398,0
37366,35399,0
37367,35400,1
37370,35403,1
37371,35404,0
37372,35405,0
37375,35408,0
37376,35409,0
37377,35410,0
37378,35411,0
37379,35412,0
37381,35414,0
37382,35415,0
37383,35416,0
37384,35417,0
37385,35415,1
37386,35418,1
37387,35419,0
37388,35420,1
37389,35421,0
37390,35422,0
37391,35423,0
37394,35426,1
37397,35428,1
37398,35429,0
37400,35431,0
37402,35433,0
37403,35434,1
37404,35435,0
37405,35436,0
37408,35439,0
37409,35440,1
37410,35441,1
37411,35442,1
37412,35443,0
37415,35446,0
37416,35447,1
37417,35448,0
37418,35449,1
37419,35450,1
37420,35451,0
37422,35453,0
37424,35455,0
37425,35456,1
37426,35457,0
37427,35458,0
37428,35459,0
37429,35460,0
37430,35460,1
37431,35460,0
37433,35462,1
37435,35464,0
37436,35465,0
37437,35466,0
37441,35470,0
37442,35471,0
37443,35472,0
37445,35474,0
37446,35475,0
37447,35476,0
37449,35478,0
37450,35479,0
37455,35484,0
37456,35485,0
37457,35486,1
37458,35487,0
37459,35488,0
37462,35491,1
37463,35492,1
37464,35493,0
37466,35495,0
37467,35496,1
37471,35500,0
37472,35501,0
37473,35502,1
37476,35505,0
37477,35506,0
37479,35508,0
37480,35509,1
37482,35511,0
37483,35512,0
37484,35513,0
37485,35514,0
37486,35515,0
37488,35517,0
37490,35519,0
37491,35520,0
37492,35521,1
37493,35522,0
37494,35523,0
37496,35525,0
37497,35526,0
37500,35529,0
37501,35530,0
37502,35531,0
37503,35532,0
37504,35533,0
37506,35535,0
37507,35536,1
37508,35537,0
37509,35538,1
37514,35543,0
37515,35543,0
37517,35545,0
37518,35546,0
37519,35547,0
37520,35548,0
37521,35548,0
37522,35549,1
37523,35550,0
37525,35552,0
37526,35553,0
37527,35554,0
37529,35556,1
37530,35557,0
37531,35558,0
37532,35559,0
37533,35560,0
37535,35562,0
37536,35563,1
37537,35564,0
37538,35565,1
37539,35566,0
37541,35568,0
37542,35569,0
37544,35571,1
37545,35572,0
37546,35573,0
37547,35574,0
37548,35575,0
37549,35576,0
37550,35577,1
37551,35578,1
37553,35580,0
37554,35581,0
37555,35582,1
37556,35583,0
37557,35583,0
37558,35584,0
37559,35585,1
37560,35586,0
37561,35587,0
37562,35588,0
37565,35591,1
37566,35592,1
37567,35593,0
37569,35595,0
37571,35597,1
37572,35598,1
37573,35599,1
37575,35601,1
37576,35602,0
37577,35603,1
37578,35604,1
37580,35606,1
37581,35607,0
37582,35608,1
37583,35609,0
37584,35610,0
37586,35612,0
37587,35613,0
37588,35614,1
37590,35616,0
37591,35617,0
37594,35620,1
37596,35622,0
37597,35623,1
37598,35624,0
37599,35625,0
37600,35626,0
37601,35627,0
37602,35628,1
37603,35629,1
37604,35630,1
37606,35632,0
37607,35633,0
37608,35633,0
37609,35634,1
37610,35635,1
37612,35637,0
37613,35638,1
37614,35638,0
37616,35640,0
37619,35643,0
37622,35646,1
37623,35647,0
37624,35648,1
37626,35650,0
37627,35651,1
37628,35652,0
37629,35653,0
37630,35654,0
37632,35656,0
37633,35657,1
37634,35658,0
37635,35659,1
37636,35660,0
37637,35661,1
37640,35664,1
37641,35665,0
37643,35667,1
37644,35668,0
37645,35669,1
37646,35670,0
37647,35671,0
37648,35672,0
37649,35673,1
37651,35675,0
37652,35676,0
37653,35677,0
37654,35678,0
37655,35679,0
37657,35681,0
37658,35682,1
37659,35683,0
37664,35688,1
37665,35689,1
37666,35690,1
37667,35691,1
37668,35692,0
37669,35693,0
37670,35694,0
37672,35696,0
37673,35697,0
37674,35698,0
37675,35699,1
37677,35701,0
37678,35702,0
37679,35703,0
37680,35704,0
37681,35705,1
37682,35706,1
37683,35707,1
37684,35708,0
37687,35711,1
37688,35712,1
37689,35713,0
37691,35715,0
37692,35716,0
37694,35718,0
37695,35719,1
37696,35720,0
37697,35721,0
37698,35722,0
37699,35723,0
37700,35724,0
37702,35726,1
37703,35727,0
37706,35730,1
37707,35731,1
37708,35732,1
37709,35733,0
37710,35734,1
37714,35738,0
37716,35740,1
37717,35741,0
37718,35742,0
37719,35743,0
37722,35746,0
37723,35747,1
37724,35748,0
37725,35749,0
37726,35750,1
37727,35751,1
37728,35747,0
37729,35752,1
37730,35753,1
37731,35754,0
37732,35755,0
37733,35756,0
37734,35757,0
37735,35758,0
37736,35759,0
37737,35760,1
37739,35762,0
37740,35763,0
37741,35764,0
37742,35765,0
37743,35766,1
37746,35769,0
37747,35770,0
37748,35771,0
37751,35774,1
37752,35775,1
37754,35777,0
37755,35778,1
37756,35779,1
37758,35781,1
37759,35782,0
37760,35783,1
37761,35784,0
37762,35785,1
37764,35787,1
37765,35788,0
37766,35789,0
37767,35790,0
37770,35793,1
37771,35794,1
37772,35795,0
37774,35797,0
37775,35798,0
37776,35799,0
37777,35800,0
37778,35801,0
37779,35802,0
37780,35803,0
37782,35805,0
37787,35810,0
37788,35811,1
37789,35812,1
37791,35814,0
37792,35815,0
37793,35816,0
37794,35817,0
37795,35818,0
37797,35820,0
37798,35821,1
37801,35824,1
37803,35826,1
37804,35827,0
37805,35828,1
37806,35829,0
37807,35830,1
37809,35832,0
37811,35834,1
37812,35835,0
37813,35836,1
37814,35837,0
37815,35838,0
37816,35839,1
37818,35841,1
37819,35842,0
37820,35843,0
37821,35844,0
37822,35845,0
37824,35847,0
37826,35849,0
37827,35850,1
37828,35851,0
37830,35853,1
37831,35854,1
37832,35855,0
37833,35856,1
37835,35858,0
37836,35859,0
37837,35860,0
37839,35862,0
37840,35863,0
37842,35865,0
37843,35866,0
37845,35868,0
37847,35870,0
37850,35873,1
37851,35874,0
37853,35876,1
37857,35880,0
37858,35881,0
37859,35882,0
37860,35883,1
37861,35884,1
37862,35885,0
37863,35886,1
37864,35887,0
37865,35888,0
37868,35891,0
37869,35892,0
37870,35893,1
37871,35894,1
37874,35897,0
37875,35898,1
37876,35899,0
37878,35901,1
37879,35902,0
37880,35903,1
37883,35906,0
37884,35907,0
37885,35908,0
37886,35909,0
37887,35910,0
37888,35911,0
37889,35912,0
37890,35913,1
37891,35914,0
37892,35915,0
37893,35916,0
37894,35917,0
37895,35918,0
37898,35921,0
37899,35922,0
37900,35922,0
37901,35923,0
37902,35924,0
37905,35927,1
37906,35928,1
37907,35929,0
37908,35930,0
37910,35932,1
37912,35934,0
37914,35936,1
37915,35937,0
37917,35939,0
37919,35941,1
37920,35942,0
37922,35944,1
37926,35948,1
37927,35949,0
37931,35953,0
37935,35957,0
37937,35959,0
37940,35962,0
37941,35963,1
37943,35965,0
37945,35967,0
37947,35969,0
37948,35970,0
37949,35971,0
37951,35973,0
37952,35973,1
37953,35974,1
37954,35975,1
37960,35981,1
37962,35983,0
37963,35984,0
37964,35985,0
37965,35986,0
37967,35988,0
37969,35990,1
37970,35991,1
37971,35992,1
37972,35993,1
37973,35994,0
37974,35995,0
37975,35996,0
37977,35998,0
37978,35999,0
37979,36000,0
37980,36001,0
37981,35994,0
37982,36002,1
37985,36004,0
37986,36005,0
37987,36006,1
37989,36008,1
37990,36009,0
37991,36010,0
37993,36012,0
37994,36013,1
37995,36014,1
37997,36016,1
37998,36017,1
37999,36018,0
38001,36020,1
38004,36023,1
38009,36028,0
38010,36013,0
38013,36031,0
38014,36032,1
38015,36033,0
38016,36034,1
38017,36035,0
38018,36036,1
38020,36038,1
38021,36039,1
38022,36040,0
38023,36041,0
38024,36042,1
38025,36043,1
38026,36044,1
38029,36047,0
38030,36048,0
38031,36049,0
38032,36050,0
38033,36051,1
38034,36052,1
38035,36053,0
38036,36054,1
38038,36056,0
38039,36057,0
38040,36058,1
38041,36059,0
38042,36060,1
38043,36061,0
38047,36065,1
38048,36066,0
38049,36067,0
38050,36068,0
38052,36070,0
38053,36071,1
38055,36072,1
38056,36073,0
38059,36076,0
38060,36077,1
38061,36078,1
38062,36079,0
38063,36080,1
38064,36081,0
38065,36082,0
38066,36083,0
38067,36084,0
38069,36086,1
38070,36087,1
38071,36088,1
38072,36089,1
38073,36090,0
38074,36091,1
38075,36092,1
38077,36094,1
38078,36095,1
38079,36096,0
38080,36097,1
38081,36098,1
38084,36101,1
38085,36102,0
38086,36103,0
38089,36106,1
38090,36107,0
38091,36108,1
38092,36109,0
38094,36111,0
38095,36112,1
38096,36112,1
38098,36114,0
38099,36115,0
38102,36118,0
38104,36120,1
38105,36121,1
38106,36122,1
38107,36123,1
38109,36125,1
38110,36126,1
38111,36127,1
38113,36129,1
38114,36130,1
38115,36131,1
38117,36133,1
38119,36135,0
38120,36136,0
38121,36137,0
38122,36138,0
38124,36140,0
38125,36141,0
38126,36142,0
38127,36143,1
38128,36144,0
38129,36145,0
38130,36146,0
38131,36147,0
38132,36148,0
38135,36151,0
38136,36152,1
38137,36153,0
38138,36154,1
38140,36156,0
38141,36157,1
38142,36158,0
38145,36161,0
38146,36162,1
38147,36163,0
38148,36164,1
38150,36166,0
38151,36167,1
38153,36169,0
38154,36170,1
38155,36171,1
38157,36173,0
38158,36174,1
38159,36175,0
38160,36176,0
38161,36177,0
38162,36178,0
38165,36180,0
38168,36183,0
38170,36185,0
38174,36189,0
38175,36190,1
38176,36191,0
38177,36192,0
38178,36193,1
38179,36194,1
38181,36196,0
38182,36197,0
38183,36198,0
38184,36199,1
38185,36200,0
38187,36202,0
38188,36203,0
38190,36205,1
38191,36206,0
38192,36199,0
38193,36207,0
38195,36207,0
38196,36209,0
38197,36210,0
38198,36211,0
38202,36215,0
38203,36216,0
38206,36219,0
38207,36220,0
38208,36221,1
38209,36222,0
38210,36223,0
38211,36224,1
38212,36225,1
38213,36226,1
38214,36227,0
38215,36228,0
38217,36230,0
38218,36231,0
38219,36232,0
38220,36233,0
38221,36234,1
38222,36234,0
38223,36235,0
38224,36236,0
38225,36237,0
38226,36238,0
38228,36240,0
38229,36241,0
38231,36243,1
38232,36244,1
38233,36237,0
38234,36245,1
38237,36248,1
38238,36249,0
38239,36250,1
38240,36248,1
38241,36251,0
38243,36253,0
38244,36254,1
38245,36255,0
38246,36256,1
38247,36257,0
38248,36258,0
38250,36260,0
38251,36261,0
38252,36262,0
38254,36264,0
38256,36266,0
38257,36267,1
38258,36268,1
38260,36270,1
38261,36271,0
38264,36274,0
38265,36275,0
38266,36275,0
38270,36278,1
38271,36279,0
38272,36280,0
38274,36282,1
38278,36286,0
38279,36287,0
38280,36288,0
38282,36289,1
38283,36290,1
38286,36293,0
38287,36294,0
38288,36295,1
38289,36296,1
38290,36297,0
38291,36298,0
38293,36300,0
38295,36302,0
38296,36303,1
38297,36304,0
38298,36305,0
38300,36307,1
38301,36308,0
38304,36311,0
38305,36312,0
38307,36314,0
38310,36317,0
38311,36318,0
38313,36320,0
38316,36323,1
38317,36324,0
38318,36325,1
38319,36326,1
38320,36327,0
38321,36328,1
38322,36329,0
38323,36330,1
38324,36331,1
38326,36333,0
38327,36334,1
38329,36336,0
38331,36338,1
38332,36339,0
38335,36342,0
38336,36343,0
38337,36344,1
38339,36346,0
38340,36347,1
38341,36348,0
38342,36349,0
38343,36350,0
38345,36352,1
38348,36355,1
38350,36357,1
38351,36358,1
38352,36359,0
38353,36360,0
38355,36362,1
38356,36363,1
38357,36364,0
38358,36365,1
38359,36366,0
38361,36368,0
38362,36369,1
38363,36370,0
38364,36371,0
38365,36372,0
38368,36369,0
38369,36375,0
38372,36378,0
38374,36380,0
38375,36381,0
38376,36382,1
38378,36384,0
38381,36387,0
38382,36388,0
38383,36389,0
38384,36390,0
38385,36391,0
38390,36396,0
38391,36396,0
38393,36398,1
38395,36400,1
38396,36401,1
38398,36402,1
38401,36405,0
38402,36406,1
38404,36408,1
38405,36409,1
38407,36411,1
38408,36412,0
38410,36414,0
38412,36416,0
38413,36417,0
38415,36419,1
38416,36420,1
38418,36422,0
38421,36425,1
38422,36426,1
38424,36428,0
38425,36429,0
38426,36430,1
38427,36431,1
38428,36432,1
38429,36433,1
38430,36434,1
38432,36436,1
38433,36437,0
38434,36438,0
38436,36440,1
38438,36442,1
38439,36443,1
38440,36444,1
38443,36447,0
38444,36448,1
38445,36449,1
38446,36450,1
38447,36451,1
38448,36452,1
38449,36453,0
38450,36454,1
38452,36456,1
38453,36450,1
38454,36457,0
38455,36458,1
38457,36460,1
38458,36461,0
38459,36462,0
38460,36463,0
38461,36464,1
38464,36467,0
38466,36469,0
38467,36470,0
38468,36471,0
38470,36473,0
38472,36475,0
38474,36477,0
38475,36478,0
38476,36478,1
38477,36479,0
38478,36480,1
38479,36481,0
38480,36482,1
38483,36485,1
38484,36486,0
38485,36487,0
38486,36488,1
38487,36489,0
38488,36490,1
38489,36491,1
38491,36493,1
38492,36494,0
38493,36495,1
38494,36496,1
38495,36497,1
38496,36498,1
38497,36499,0
38500,36501,0
38501,36502,0
38502,36503,0
38503,36504,1
38504,36487,0
38505,36505,0
38507,36507,0
38509,36509,1
38510,36510,0
38511,36511,0
38512,36512,0
38513,36513,0
38514,36490,1
38516,36515,1
38517,36516,0
38518,36517,0
38519,36518,0
38520,36519,0
38521,36520,1
38523,36522,0
38525,36524,0
38526,36525,0
38527,36526,0
38528,36527,0
38529,36528,1
38530,36529,0
38531,36530,1
38532,36531,0
38534,36533,0
38535,36534,0
38538,36537,1
38539,36538,1
38544,36543,0
38545,36544,0
38546,36545,1
38548,36547,1
38549,36548,0
38550,36549,1
38551,36550,1
38552,36551,1
38553,36552,0
38555,36554,0
38556,36555,1
38558,36557,1
38559,36558,0
38560,36559,0
38562,36561,1
38563,36562,0
38565,36564,1
38566,36565,1
38567,36566,0
38568,36567,0
38569,36568,1
38570,36569,1
38571,36570,1
38572,36571,1
38573,36572,1
38574,36573,0
38575,36574,1
38579,36577,0
38580,36578,0
38582,36580,1
38583,36581,0
38584,36582,1
38585,36583,0
38586,36584,0
38589,36587,1
38590,36588,1
38591,36589,1
38593,36591,0
38594,36592,1
38595,36593,1
38596,36594,1
38597,36595,1
38598,36596,0
38599,36597,1
38600,36598,0
38601,36599,0
38604,36602,0
38605,36603,0
38606,36604,0
38607,36605,0
38608,36606,0
38611,36609,0
38612,36610,1
38613,36611,0
38614,36612,0
38616,36614,0
38617,36615,0
38618,36616,0
38619,36617,0
38620,36618,0
38621,36619,1
38622,36620,0
38625,36623,0
38626,36624,0
38627,36625,0
38628,36626,1
38629,36627,0
38630,36628,0
38631,36629,0
38635,36633,1
38636,36634,0
38637,36635,0
38641,36639,1
38643,36641,1
38645,36643,0
38648,36646,0
38649,36647,1
38650,36648,1
38651,36649,1
38652,36650,1
38653,36651,1
38654,36652,0
38655,36653,1
38657,36655,0
38658,36656,0
38661,36659,0
38662,36660,0
38664,36662,0
38665,36663,0
38667,36665,0
38668,36666,0
38670,36668,0
38671,36669,0
38672,36670,0
38674,36672,0
38678,36676,0
38680,36678,1
38681,36679,0
38682,36680,1
38683,36681,0
38684,36682,0
38685,36683,1
38686,36684,1
38687,36685,1
38692,36690,1
38693,36691,1
38696,36694,1
38697,36695,1
38699,36697,0
38700,36695,1
38701,36698,0
38703,36700,1
38704,36701,0
38705,36702,1
38706,36703,1
38707,36704,1
38708,36705,1
38709,36706,1
38710,36707,1
38713,36710,0
38714,36711,0
38717,36714,1
38718,36715,1
38719,36716,0
38720,36717,1
38721,36718,1
38723,36720,1
38725,36722,0
38727,36724,0
38728,36725,1
38729,36726,1
38731,36728,0
38732,36729,0
38734,36731,0
38735,36732,0
38736,36733,1
38737,36734,0
38738,36735,0
38739,36734,0
38741,36737,1
38742,36738,0
38743,36739,1
38744,36740,1
38746,36742,0
38747,36743,1
38748,36744,1
38749,36745,0
38750,36746,1
38752,36748,0
38755,36751,1
38757,36753,0
38758,36754,1
38759,36755,1
38760,36756,1
38761,36757,1
38763,36759,0
38764,36760,1
38766,36762,0
38767,36763,1
38768,36764,1
38769,36765,0
38772,36768,0
38773,36769,1
38774,36770,1
38776,36772,1
38777,36773,1
38778,36774,1
38779,36775,1
38780,36776,1
38781,36777,1
38782,36778,1
38783,36779,0
38784,36780,0
38785,36781,1
38788,36784,0
38789,36785,0
38791,36787,1
38792,36788,0
38794,36790,1
38795,36791,0
38796,36792,1
38797,36793,1
38798,36794,0
38800,36796,1
38802,36798,1
38803,36799,0
38805,36801,1
38807,36803,1
38808,36804,1
38809,36805,1
38810,36806,1
38812,36808,0
38813,36809,1
38814,36810,0
38817,36813,1
38818,36814,0
38819,36815,1
38822,36817,0
38823,36818,1
38824,36819,1
38825,36820,1
38826,36821,0
38827,36822,1
38828,36823,1
38829,36824,0
38830,36825,1
38832,36827,1
38833,36828,0
38837,36832,0
38838,36833,1
38842,36837,0
38843,36838,1
38844,36839,1
38845,36840,1
38846,36841,0
38847,36842,0
38848,36843,0
38849,36844,0
38850,36844,0
38851,36845,0
38852,36846,0
38853,36847,0
38854,36848,0
38855,36849,1
38856,36850,1
38858,36852,0
38859,36853,0
38862,36856,1
38863,36857,0
38864,36858,0
38865,36859,0
38866,36860,1
38869,36863,0
38870,36864,1
38871,36865,1
38872,36866,0
38875,36869,0
38876,36870,1
38878,36872,1
38881,36875,1
38882,36876,1
38883,36877,0
38884,36878,1
38885,36879,1
38886,36880,1
38888,36882,0
38890,36884,0
38891,36885,0
38892,36886,1
38893,36887,1
38895,36889,1
38896,36890,1
38897,36891,1
38898,36892,1
38899,36893,1
38900,36894,0
38902,36896,0
38905,36899,0
38908,36902,0
38911,36905,1
38912,36906,1
38914,36908,1
38916,36910,0
38917,36911,0
38920,36913,0
38921,36914,0
38922,36915,0
38923,36916,1
38924,36917,0
38925,36918,0
38926,36919,0
38930,36923,1
38931,36924,1
38932,36925,0
38933,36926,0
38934,36927,1
38935,36928,1
38937,36930,1
38938,36931,1
38939,36932,1
38941,36934,0
38943,36936,0
38944,36937,0
38945,36938,0
38946,36939,1
38947,36940,0
38948,36941,0
38949,36942,1
38951,36944,0
38952,36945,0
38953,36946,0
38955,36948,0
38956,36949,0
38957,36950,0
38959,36952,1
38960,36953,0
38961,36954,1
38963,36956,0
38965,36958,1
38966,36959,1
38969,36962,0
38970,36963,1
38971,36964,0
38973,36966,0
38976,36969,1
38977,36970,0
38979,36972,0
38981,36974,1
38983,36976,0
38984,36977,0
38986,36979,0
38987,36980,1
38989,36982,1
38990,36983,1
38991,36984,0
38994,36987,0
38995,36988,0
38996,36989,1
38997,36990,0
38998,36991,0
39000,36993,1
39002,36995,0
39003,36996,1
39004,36997,1
39006,36999,0
39007,37000,0
39008,37001,1
39010,37003,1
39011,37004,1
39012,37005,1
39017,37010,0
39018,37011,1
39019,37012,1
39022,37015,0
39023,37016,1
39027,37020,0
39028,37021,1
39031,37024,1
39032,37025,1
39033,37026,0
39037,37030,0
39038,37031,0
39039,37032,0
39040,37033,1
39041,37034,1
39043,37036,0
39044,37037,1
39045,37038,1
39046,37039,1
39047,37040,0
39048,37041,1
39049,37042,0
39050,37043,0
39052,37045,1
39053,37046,0
39055,37048,0
39056,37049,0
39059,37052,0
39060,37053,1
39061,37054,1
39064,37057,0
39065,37058,1
39066,37059,1
39072,37065,0
39074,37067,1
39075,37068,0
39076,37069,1
39078,37071,1
39079,37072,1
39081,37074,0
39083,37075,1
39086,37077,1
39087,37078,0
39089,37080,1
39090,37081,0
39092,37083,1
39093,37084,0
39095,37086,1
39097,37088,0
39098,37089,1
39101,37092,0
39102,37093,0
39103,37094,1
39105,37096,1
39106,37097,1
39108,37099,0
39109,37100,0
39110,37101,1
39112,37103,1
39113,37104,0
39114,37105,0
39116,37107,1
39117,37108,1
39118,37109,1
39119,37110,1
39120,37111,1
39121,37110,0
39122,37112,0
39123,37113,0
39124,37114,1
39126,37116,0
39127,37117,0
39128,37118,0
39131,37121,0
39132,37122,1
39133,37123,1
39134,37124,1
39135,37125,1
39136,37126,0
39137,37127,1
39138,37128,1
39141,37131,0
39142,37132,1
39144,37134,1
39145,37135,1
39146,37136,0
39150,37140,1
39152,37142,1
39154,37144,1
39156,37146,1
39157,37147,1
39159,37149,1
39160,37150,1
39162,37152,0
39163,37153,1
39164,37154,1
39165,37155,0
39166,37156,1
39167,37157,1
39168,37158,0
39169,37159,1
39170,37160,1
39171,37161,1
39172,37162,0
39173,37163,0
39174,37164,0
39175,37165,1
39176,37166,0
39177,37167,0
39178,37168,1
39179,37169,0
39180,37170,0
39181,37171,1
39182,37172,1
39183,37173,1
39184,37174,1
39185,37175,1
39186,37176,0
39189,37179,1
39190,37180,1
39192,37182,0
39193,37183,1
39194,37184,1
39195,37185,1
39197,37187,1
39198,37188,1
39199,37189,0
39201,37191,0
39202,37192,0
39203,37193,0
39206,37196,1
39207,37197,0
39209,37199,1
39210,37200,1
39212,37202,1
39213,37203,1
39214,37204,0
39219,37209,1
39220,37210,1
39223,37213,1
39224,37214,1
39225,37215,1
39226,37216,1
39228,37218,1
39233,37223,1
39234,37224,1
39236,37226,0
39237,37227,0
39239,37229,1
39241,37231,0
39243,37233,0
39244,37234,0
39246,37236,1
39248,37238,0
39249,37239,0
39253,37243,0
39256,37246,1
39257,37247,0
39258,37248,1
39260,37250,1
39262,37252,1
39265,37255,0
39269,37259,0
39272,37262,1
39273,37263,0
39274,37264,0
39275,37265,1
39276,37266,0
39277,37267,1
39278,37268,0
39279,37269,1
39282,37272,0
39283,37273,1
39284,37274,0
39286,37276,1
39287,37277,1
39290,37280,0
39291,37281,1
39292,37282,1
39293,37283,0
39295,37285,1
39296,37286,0
39298,37288,1
39300,37290,0
39301,37291,0
39302,37292,0
39303,37293,0
39304,37294,1
39305,37295,1
39306,37296,0
39308,37298,0
39309,37299,1
39310,37299,0
39311,37300,0
39312,37301,1
39314,37303,1
39316,37305,0
39317,37306,0
39318,37307,1
39319,37308,1
39320,37309,1
39322,37311,1
39323,37312,1
39324,37313,1
39325,37314,1
39326,37315,0
39328,37317,1
39329,37318,1
39330,37319,0
39331,37320,0
39332,37321,0
39335,37324,0
39336,37325,1
39338,37327,1
39340,37329,1
39341,37330,1
39343,37332,0
39345,37334,0
39347,37336,0
39349,37338,1
39350,37339,0
39351,37340,0
39354,37343,0
39355,37344,1
39356,37345,0
39357,37346,1
39358,37347,0
39360,37349,0
39361,37350,0
39362,37351,0
39364,37353,1
39366,37355,0
39367,37356,0
39368,37357,0
39369,37358,0
39370,37359,1
39371,37360,0
39374,37363,0
39377,37366,0
39378,37367,1
39379,37368,1
39380,37369,1
39381,37370,1
39382,37371,0
39384,37373,1
39386,37375,1
39387,37376,1
39388,37377,1
39390,37379,1
39391,37379,0
39393,37381,0
39394,37382,1
39395,37383,0
39396,37384,1
39397,37385,1
39398,37386,1
39400,37388,1
39401,37389,0
39405,37393,1
39407,37395,1
39408,37396,1
39409,37397,1
39410,37398,0
39411,37399,1
39412,37400,1
39415,37403,0
39416,37404,0
39417,37405,0
39418,37406,1
39419,37407,1
39421,37409,1
39422,37410,0
39423,37411,1
39424,37412,1
39425,37413,0
39428,37416,0
39429,37417,0
39431,37419,0
39436,37423,0
39438,37425,1
39439,37426,0
39440,37427,1
39441,37428,1
39442,37429,0
39443,37430,1
39444,37431,1
39446,37433,1
39449,37436,1
39450,37437,0
39451,37438,1
39452,37439,1
39453,37440,1
39454,37441,1
39455,37442,1
39456,37443,1
39458,37445,0
39459,37446,0
39461,37448,0
39462,37449,1
39463,37450,1
39464,37451,0
39466,37453,1
39467,37454,0
39468,37455,0
39469,37456,0
39471,37458,1
39472,37459,1
39473,37460,0
39474,37461,1
39475,37462,1
39476,37463,1
39477,37464,0
39478,37465,1
39479,37466,1
39480,37467,0
39482,37469,0
39483,37470,0
39484,37471,1
39485,37472,1
39486,37473,0
39489,37476,1
39490,37477,1
39491,37478,1
39492,37479,1
39493,37480,0
39494,37481,1
39495,37482,1
39496,37483,0
39498,37485,1
39499,37486,0
39500,37487,1
39502,37489,0
39503,37490,1
39504,37491,1
39505,37492,1
39506,37493,0
39507,37494,0
39508,37495,0
39510,37497,1
39511,37498,1
39513,37500,1
39516,37503,0
39518,37505,0
39519,37506,0
39520,37507,1
39521,37508,0
39522,37509,0
39525,37512,0
39527,37514,0
39529,37516,0
39531,37518,1
39532,37519,0
39533,37520,1
39535,37522,1
39536,37523,0
39537,37524,1
39540,37527,1
39544,37531,1
39545,37532,1
39546,37533,0
39547,37534,1
39549,37536,1
39550,37537,0
39552,37539,1
39553,37540,0
39554,37541,1
39557,37544,0
39559,37546,0
39560,37547,0
39561,37548,1
39562,37549,0
39563,37550,0
39564,37551,0
39567,37554,0
39568,37555,0
39569,37556,1
39570,37557,0
39571,37558,0
39572,37559,0
39574,37561,1
39575,37562,1
39576,37563,1
39577,37564,0
39578,37565,0
39579,37566,1
39580,37567,1
39582,37569,1
39584,37571,0
39585,37572,1
39586,37573,1
39588,37575,1
39590,37577,0
39592,37579,1
39593,37580,0
39595,37582,1
39596,37583,0
39597,37584,0
39598,37585,1
39599,37586,0
39602,37589,0
39603,37590,1
39604,37591,1
39605,37592,1
39607,37594,1
39609,37596,0
39610,37597,0
39611,37598,1
39612,37599,0
39613,37600,1
39614,37601,0
39615,37602,1
39617,37604,1
39618,37605,0
39619,37606,1
39620,37607,0
39624,37611,0
39626,37613,1
39627,37614,0
39628,37615,0
39629,37616,1
39630,37617,0
39631,37618,1
39632,37619,0
39634,37621,0
39635,37622,0
39636,37623,1
39637,37624,1
39639,37626,1
39640,37627,1
39641,37628,0
39642,37629,1
39645,37632,0
39646,37633,1
39647,37634,0
39648,37635,1
39650,37637,1
39652,37639,0
39653,37640,0
39657,37644,1
39658,37645,1
39660,37647,1
39661,37648,1
39663,37650,1
39665,37652,0
39666,37653,1
39667,37654,1
39668,37655,1
39669,37656,0
39670,37657,1
39672,37659,0
39675,37662,1
39676,37663,1
39677,37664,1
39678,37665,0
39679,37666,0
39680,37667,1
39682,37669,1
39683,37670,1
39684,37671,0
39686,37673,0
39687,37674,0
39689,37676,0
39691,37678,1
39695,37682,0
39697,37684,1
39698,37685,0
39699,37686,1
39700,37687,0
39702,37689,1
39703,37690,1
39704,37691,1
39707,37694,1
39708,37695,1
39710,37697,0
39711,37698,1
39713,37700,0
39715,37702,0
39717,37704,1
39718,37705,1
39720,37707,0
39721,37708,0
39722,37709,0
39723,37710,1
39725,37712,1
39726,37713,1
39727,37714,1
39728,37715,1
39729,37716,1
39731,37718,1
39732,37719,1
39734,37721,1
39735,37722,1
39738,37725,1
39739,37726,1
39740,37727,1
39741,37728,1
39743,37730,0
39744,37731,1
39745,37732,1
39746,37733,1
39747,37734,0
39750,37737,0
39751,37738,0
39752,37739,0
39753,37740,1
39754,37741,1
39755,37742,1
39758,37745,0
39759,37746,0
39761,37748,0
39762,37749,0
39763,37750,1
39766,37753,0
39767,37754,1
39769,37756,0
39771,37758,0
39772,37759,1
39774,37761,1
39775,37762,0
39776,37763,1
39777,37764,0
39778,37765,0
39779,37766,0
39781,37768,0
39783,37770,0
39789,37776,0
39790,37777,0
39791,37778,1
39794,37781,0
39795,37782,1
39796,37783,1
39797,37784,1
39798,37785,0
39800,37787,0
39804,37791,1
39806,37793,1
39807,37794,0
39809,37796,0
39810,37797,0
39812,37799,0
39814,37801,0
39815,37802,0
39816,37803,1
39817,37804,0
39818,37805,0
39819,37806,0
39820,37807,1
39821,37808,1
39822,37809,0
39823,37810,0
39824,37811,0
39826,37813,0
39827,37814,1
39829,37816,1
39830,37817,1
39832,37819,0
39836,37823,0
39837,37824,1
39839,37826,0
39840,37827,0
39841,37828,1
39842,37829,0
39845,37832,1
39846,37833,1
39849,37836,1
39850,37837,0
39851,37838,1
39852,37839,1
39853,37840,1
39855,37842,0
39857,37844,1
39858,37845,0
39859,37846,0
39860,37847,0
39861,37848,0
39862,37849,0
39863,37850,1
39864,37851,1
39870,37857,0
39871,37858,1
39872,37859,0
39876,37863,1
39878,37865,0
39879,37866,1
39881,37868,1
39882,37869,0
39883,37870,1
39884,37871,0
39885,37872,1
39887,37874,0
39888,37875,0
39889,37876,1
39892,37879,1
39893,37880,1
39894,37881,0
39895,37882,0
39896,37883,1
39898,37885,0
39899,37886,1
39901,37888,0
39907,37894,1
39908,37895,0
39909,37896,0
39910,37897,0
39912,37899,1
39913,37900,0
39914,37901,1
39915,37902,1
39916,37903,0
39917,37904,1
39918,37905,0
39919,37906,0
39920,37907,0
39921,37908,0
39923,37910,0
39925,37912,1
39928,37915,0
39930,37917,0
39932,37919,0
39933,37920,0
39936,37923,0
39937,37924,0
39939,37926,1
39940,37927,1
39941,37928,1
39942,37929,0
39943,37930,0
39945,37932,0
39946,37933,0
39947,37934,1
39948,37935,0
39949,37936,0
39950,37937,1
39951,37938,0
39952,37939,0
39954,37941,1
39956,37943,0
39957,37944,1
39958,37945,1
39963,37950,1
39964,37951,1
39965,37952,0
39966,37953,0
39967,37954,0
39969,37956,1
39970,37957,1
39971,37958,0
39972,37959,1
39973,37960,0
39974,37961,1
39975,37962,1
39977,37964,1
39979,37966,1
39981,37968,0
39982,37969,1
39983,37970,1
39985,37966,1
39986,37972,0
39989,37975,1
39991,37977,0
39993,37979,1
39994,37980,0
39995,37981,0
39998,37984,1
39999,37985,1
40000,37986,0
40003,37989,0
40005,37991,1
40007,37993,0
40009,37995,0
40014,38000,1
40015,38001,1
40016,38002,0
40017,38003,1
40018,38004,0
40019,38005,0
40020,38006,0
40021,38007,1
40022,38008,0
40023,38009,1
40024,38010,0
40027,38013,1
40029,38015,0
40030,38016,1
40031,38017,0
40032,38018,0
40033,38019,1
40035,38021,0
40037,38023,0
40038,38024,1
40039,38025,0
40041,38027,1
40043,38029,1
40044,38030,0
40045,38031,0
40047,38033,0
40048,38034,1
40049,38035,1
40051,38037,0
40052,38038,0
40053,38039,1
40054,38040,1
40055,38041,1
40057,38043,1
40060,38046,1
40061,38047,1
40062,38048,1
40064,38050,1
40065,38051,1
40067,38053,1
40068,38054,0
40069,38055,0
40070,38056,1
40071,38057,1
40072,38058,0
40073,38059,1
40075,38061,0
40076,38062,0
40077,38063,1
40080,38066,0
40081,38067,0
40082,38068,0
40083,38069,1
40084,38070,0
40087,38073,0
40088,38074,0
40089,38075,0
40090,38076,0
40091,38077,1
40092,38078,0
40094,38080,1
40095,38081,0
40097,38083,1
40099,38085,0
40100,38086,0
40101,38087,1
40102,38088,0
40103,38089,1
40104,38090,1
40105,38091,1
40107,38093,0
40108,38094,1
40109,38095,1
40110,38096,0
40111,38097,0
40113,38099,0
40114,38100,1
40115,38101,1
40116,38102,1
40117,38103,1
40118,38104,0
40119,38105,1
40120,38106,1
40121,38107,1
40122,38108,0
40123,38109,1
40124,38110,0
40125,38111,1
40126,38112,1
40127,38113,1
40129,38115,0
40130,38116,0
40133,38119,0
40135,38121,1
40136,38122,0
40137,38123,1
40138,38124,1
40139,38125,1
40140,38126,0
40141,38127,1
40144,38130,1
40145,38131,1
40146,38132,1
40148,38134,0
40149,38135,1
40151,38137,1
40152,38138,0
40153,38139,1
40154,38140,1
40155,38141,1
40156,38142,1
40158,38144,1
40159,38145,0
40160,38146,0
40161,38147,1
40162,38148,1
40163,38149,1
40164,38150,1
40165,38151,1
40167,38153,1
40169,38155,0
40170,38156,0
40171,38157,0
40172,38158,1
40173,38159,0
40174,38160,0
40175,38161,1
40176,38162,0
40179,38165,0
40180,38166,0
40182,38168,0
40186,38172,0
40187,38173,0
40188,38174,1
40189,38175,0
40190,38176,0
40191,38177,1
40192,38178,1
40193,38179,1
40194,38180,1
40196,38182,1
40197,38183,1
40199,38185,1
40200,38186,1
40202,38188,1
40203,38189,1
40204,38190,0
40205,38191,0
40206,38192,0
40207,38193,1
40208,38194,0
40210,38196,1
40213,38199,0
40214,38200,0
40216,38202,1
40217,38203,0
40219,38205,0
40223,38209,1
40224,38210,0
40225,38211,1
40226,38212,1
40227,38213,1
40229,38215,1
40231,38217,1
40233,38219,0
40234,38220,1
40235,38221,1
40236,38222,0
40238,38224,1
40239,38225,1
40240,38226,1
40241,38227,1
40242,38228,0
40243,38229,1
40245,38231,1
40246,38232,1
40248,38234,0
40252,38238,0
40253,38239,0
40256,38242,0
40257,38243,0
40260,38246,0
40262,38248,1
40263,38249,1
40265,38251,1
40266,38252,1
40269,38255,0
40270,38256,0
40271,38257,0
40272,38256,1
40274,38259,0
40276,38261,1
40279,38264,1
40280,38265,1
40281,38266,1
40282,38267,0
40283,38268,1
40284,38269,1
40285,38270,0
40288,38273,0
40289,38274,1
40290,38275,0
40293,38278,1
40294,38279,1
40295,38280,1
40296,38281,1
40297,38282,0
40298,38283,1
40300,38285,1
40302,38287,1
40303,38288,0
40304,38289,0
40305,38290,1
40308,38293,0
40309,38294,1
40311,38296,0
40312,38297,1
40313,38298,1
40314,38299,0
40315,38300,1
40316,38301,0
40319,38304,0
40320,38305,0
40321,38306,0
40322,38307,0
40323,38308,0
40324,38309,0
40325,38310,0
40327,38312,0
40329,38314,1
40331,38316,0
40332,38317,0
40333,38318,0
40335,38320,1
40336,38321,1
40338,38323,0
40339,38324,0
40340,38325,0
40341,38326,0
40343,38328,0
40344,38329,0
40346,38331,0
40347,38332,1
40348,38333,1
40349,38334,1
40350,38335,1
40351,38336,1
40352,38337,1
40354,38339,0
40355,38340,1
40358,38343,1
40359,38344,1
40360,38345,1
40363,38348,1
40365,38350,1
40366,38351,1
40367,38352,1
40369,38354,0
40371,38356,1
40372,38357,0
40373,38358,1
40374,38359,0
40375,38360,1
40376,38361,0
40377,38362,1
40379,38364,1
40381,38366,1
40382,38367,1
40383,38368,0
40385,38370,1
40387,38372,1
40388,38373,0
40389,38374,1
40390,38375,0
40391,38376,1
40392,38377,1
40395,38380,1
40397,38382,0
40398,38383,1
40400,38385,1
40403,38387,0
40405,38388,0
40409,38392,0
40411,38394,1
40415,38398,0
40416,38399,1
40417,38400,1
40420,38403,1
40423,38406,1
40424,38407,1
40425,38408,0
40426,38409,1
40427,38410,1
40428,38411,1
40429,38412,0
40430,38413,0
40431,38414,0
40432,38415,0
40433,38416,0
40436,38419,0
40438,38421,0
40440,38423,1
40441,38424,1
40445,38428,0
40446,38429,1
40447,38430,0
40448,38431,1
40450,38433,1
40451,38434,0
40452,38435,1
40453,38436,0
40454,38437,1
40457,38440,1
40458,38441,1
40459,38442,0
40460,38443,1
40461,38444,1
40462,38445,0
40463,38446,1
40464,38447,0
40465,38448,1
40466,38449,1
40467,38450,1
40473,38456,1
40474,38457,0
40475,38458,1
40476,38459,1
40478,38461,1
40479,38462,0
40480,38463,1
40481,38464,1
40482,38465,1
40484,38467,1
40485,38468,1
40486,38469,0
40489,38472,0
40491,38474,0
40492,38475,1
40493,38476,1
40494,38477,1
40495,38478,1
40498,38481,1
40500,38483,0
40501,38484,0
40502,38485,0
40504,38487,1
40505,38488,0
40506,38489,1
40507,38490,0
40508,38491,0
40510,38493,1
40511,38494,0
40512,38495,0
40515,38498,0
40516,38499,0
40517,38500,1
40519,38502,0
40520,38503,0
40523,38506,0
40524,38507,0
40525,38508,0
40526,38509,0
40527,38510,0
40530,38513,0
40531,38514,0
40532,38515,0
40533,38516,0
40534,38517,0
40536,38519,0
40537,38520,0
40538,38521,0
40539,38522,0
40541,38524,0
40543,38526,1
40544,38527,1
40546,38529,1
40547,38530,1
40548,38531,1
40549,38532,0
40550,38533,0
40552,38535,1
40554,38537,0
40555,38538,0
40556,38539,1
40557,38540,1
40558,38541,1
40560,38543,0
40561,38544,1
40563,38546,1
40564,38547,1
40565,38548,0
40567,38550,1
40568,38551,0
40569,38552,0
40570,38553,0
40571,38554,0
40572,38555,0
40574,38557,1
40575,38558,1
40578,38561,0
40579,38562,0
40580,38563,0
40581,38564,0
40582,38565,0
40584,38567,1
40585,38568,1
40587,38570,0
40589,38572,1
40590,38573,0
40591,38574,0
40592,38575,0
40593,38576,0
40594,38577,1
40595,38578,1
40596,38579,1
40597,38580,0
40599,38582,0
40600,38583,0
40601,38584,1
40602,38585,0
40604,38587,1
40605,38588,0
40606,38589,0
40608,38591,0
40609,38592,0
40611,38594,0
40613,38596,0
40614,38597,0
40615,38598,0
40616,38599,1
40617,38600,1
40618,38601,0
40622,38605,0
40623,38606,0
40624,38607,0
40625,38608,0
40626,38609,1
40627,38610,1
40629,38612,0
40631,38614,0
40632,38615,0
40633,38616,0
40635,38618,0
40636,38619,0
40637,38620,0
40638,38621,1
40640,38623,0
40642,38625,1
40643,38626,1
40644,38627,1
40645,38628,1
40646,38629,0
40648,38631,1
40649,38632,0
40650,38633,0
40651,38634,1
40652,38635,1
40657,38640,0
40659,38642,1
40660,38643,1
40661,38644,1
40662,38645,0
40663,38646,1
40664,38647,1
40665,38648,1
40666,38649,0
40667,38650,0
40668,38651,1
40669,38652,0
40670,38653,1
40671,38654,1
40673,38656,1
40675,38658,1
40676,38659,1
40677,38660,1
40680,38663,0
40683,38666,1
40684,38667,1
40686,38669,1
40687,38670,0
40688,38671,1
40689,38672,0
40690,38673,1
40691,38674,1
40692,38675,1
40693,38676,0
40694,38677,0
40695,38678,0
40696,38679,0
40697,38680,0
40698,38681,0
40700,38683,0
40701,38684,1
40704,38687,0
40705,38688,0
40706,38689,0
40707,38690,0
40712,38695,0
40715,38698,1
40717,38700,1
40718,38701,1
40719,38702,0
40723,38706,1
40724,38707,0
40725,38708,1
40726,38709,0
40727,38710,1
40729,38712,1
40731,38714,1
40732,38715,1
40733,38716,0
40734,38717,1
40735,38718,1
40736,38719,1
40737,38720,0
40738,38721,1
40739,38722,0
40740,38723,1
40741,38724,1
40742,38725,0
40745,38728,0
40748,38731,1
40750,38733,0
40751,38734,1
40752,38735,1
40753,38736,1
40754,38737,1
40755,38738,1
40756,38739,1
40758,38741,1
40759,38742,1
40760,38743,0
40762,38745,1
40763,38746,1
40764,38747,1
40765,38748,0
40766,38749,1
40767,38750,1
40768,38751,1
40769,38752,1
40770,38753,1
40771,38754,1
40772,38755,0
40774,38757,1
40775,38758,1
40776,38759,0
40778,38761,0
40779,38762,1
40781,38764,1
40783,38766,1
40787,38770,1
40789,38772,0
40790,38773,0
40791,38774,0
40792,38775,1
40793,38776,0
40794,38777,0
40795,38778,0
40796,38779,0
40798,38781,1
40799,38782,1
40801,38784,1
40802,38785,0
40804,38787,0
40805,38788,1
40806,38787,0
40807,38789,0
40808,38790,0
40809,38791,0
40810,38792,0
40811,38793,0
40812,38794,0
40813,38795,1
40814,38796,0
40815,38797,0
40819,38801,1
40821,38803,0
40822,38804,1
40823,38805,1
40824,38806,1
40825,38807,0
40826,38808,0
40827,38809,0
40833,38815,0
40837,38819,0
40839,38821,1
40840,38815,0
40841,38822,0
40844,38825,1
40845,38826,1
40846,38827,0
40847,38828,0
40848,38829,0
40849,38830,0
40850,38831,0
40851,38832,1
40852,38833,1
40853,38834,0
40854,38835,1
40855,38836,1
40856,38837,0
40857,38838,0
40858,38839,0
40859,38840,0
40861,38842,0
40862,38843,0
40863,38844,0
40864,38845,0
40865,38846,0
40866,38847,1
40867,38848,1
40869,38850,1
40870,38851,1
40873,38854,0
40875,38856,1
40876,38857,0
40877,38858,1
40879,38860,0
40880,38861,1
40881,38862,0
40882,38863,0
40883,38864,0
40884,38865,1
40885,38866,0
40886,38867,0
40887,38868,0
40888,38869,0
40890,38871,0
40891,38872,1
40892,38873,1
40893,38874,0
40896,38877,0
40897,38878,0
40898,38879,1
40901,38882,1
40902,38883,0
40904,38885,0
40906,38887,0
40907,38888,1
40908,38889,0
40909,38890,1
40913,38894,1
40914,38895,0
40915,38896,0
40916,38897,0
40918,38899,0
40919,38900,0
40920,38901,1
40923,38904,0
40924,38905,0
40925,38906,0
40926,38907,0
40927,38908,1
40928,38909,1
40932,38913,1
40933,38914,1
40934,38915,0
40935,38916,0
40936,38917,0
40938,38919,0
40939,38920,0
40940,38921,1
40941,38922,1
40942,38923,1
40943,38924,1
40945,38926,1
40949,38930,0
40951,38932,1
40955,38936,1
40957,38938,1
40958,38939,0
40961,38941,0
40962,38942,0
40964,38944,0
40965,38945,0
40966,38946,0
40967,38947,0
40968,38948,1
40969,38949,0
40970,38950,1
40971,38951,0
40974,38954,0
40976,38956,1
40977,38957,1
40980,38960,1
40981,38961,1
40983,38963,0
40984,38964,0
40987,38967,0
40990,38970,1
40991,38971,0
40993,38973,1
40994,38974,1
40995,38975,0
40996,38976,1
40997,38977,0
40999,38979,0
41000,38980,1
41001,38981,0
41002,38982,0
41003,38983,1
41004,38984,1
41005,38985,0
41006,38986,1
41008,38988,0
41009,38989,1
41010,38990,1
41011,38991,1
41012,38992,0
41015,38995,0
41016,38996,1
41019,38999,1
41020,39000,1
41022,39002,1
41024,39004,0
41025,39005,1
41028,39008,0
41030,39010,1
41035,39015,1
41036,39016,0
41037,39017,0
41038,39018,1
41039,39019,1
41040,39020,1
41041,39021,0
41043,39023,0
41045,39025,0
41046,39026,1
41047,39027,1
41049,39029,1
41051,39031,0
41053,39033,0
41054,39034,1
41056,39036,0
41057,39037,1
41058,39038,1
41059,39039,0
41061,39041,1
41063,39043,1
41064,39044,0
41065,39045,1
41066,39046,0
41067,39047,0
41069,39049,0
41070,39050,0
41071,39051,0
41072,39052,0
41073,39053,0
41075,39055,0
41076,39056,1
41079,39059,0
41080,39060,0
41081,39061,0
41082,39062,0
41083,39063,1
41084,39064,0
41086,39066,0
41087,39067,0
41090,39070,0
41091,39071,0
41092,39072,1
41094,39074,0
41095,39075,0
41097,39077,0
41098,39078,1
41100,39080,1
41102,39082,0
41103,39083,0
41104,39084,0
41106,39086,0
41107,39087,0
41108,39088,0
41110,39090,1
41111,39091,0
41112,39092,0
41114,39094,1
41115,39095,1
41117,39097,1
41118,39098,0
41119,39099,1
41120,39100,0
41122,39102,1
41125,39105,1
41126,39106,1
41127,39107,1
41128,39108,1
41129,39109,0
41130,39110,1
41131,39111,0
41133,39113,0
41135,39115,0
41136,39116,0
41137,39117,0
41142,39122,1
41143,39123,0
41144,39124,0
41145,39125,1
41146,39126,1
41147,39127,1
41148,39128,1
41149,39129,0
41150,39130,0
41152,39132,0
41154,39134,0
41155,39135,0
41156,39134,1
41159,39138,1
41160,39139,1
41161,39140,0
41163,39142,1
41164,39143,1
41165,39144,1
41166,39145,1
41167,39146,0
41168,39147,0
41169,39148,0
41170,39149,0
41171,39150,1
41173,39152,1
41174,39153,1
41175,39154,0
41177,39156,0
41178,39157,1
41182,39161,0
41184,39163,0
41187,39166,0
